{
  "leaspy_version": "1.5.0",
  "name": "linear",
  "features": [
    "ENCODING0",
    "ENCODING1",
    "ENCODING2",
    "ENCODING3"
  ],
  "dimension": 4,
  "fit_metrics": {
    "nll_regul_tau": 1493.612548828125,
    "nll_regul_xi": -77.3747787475586,
    "nll_regul_sources": 3934.86865234375,
    "nll_regul_tot": 5351.1064453125,
    "nll_attach": -61077.77734375,
    "nll_tot": -55726.66796875
  },
  "noise_model": {
    "name": "gaussian-diagonal",
    "scale": [
      0.027789102867245674,
      0.010548735037446022,
      0.05910078436136246,
      0.0321345254778862
    ]
  },
  "parameters": {
    "g": [
      -0.3915939927101135,
      0.039616718888282776,
      0.1339074969291687,
      0.2554968297481537
    ],
    "v0": [
      -2.2851805686950684,
      -5.754586696624756,
      -5.074580192565918,
      -3.8721210956573486
    ],
    "betas": [
      [
        -0.36125072836875916,
        -0.17060287296772003,
        0.10610830783843994
      ],
      [
        0.007130764424800873,
        0.2737843096256256,
        0.17692920565605164
      ],
      [
        0.0486331433057785,
        -0.2524334788322449,
        0.07734853029251099
      ]
    ],
    "tau_mean": -2.1601665019989014,
    "tau_std": 2.043764114379883,
    "xi_mean": 0.0,
    "xi_std": 0.21664932370185852,
    "sources_mean": 0.0,
    "sources_std": 1.0,
    "mixing_matrix": [
      [
        0.0008421586826443672,
        0.03921779990196228,
        -0.029323862865567207
      ],
      [
        -0.3612377643585205,
        -0.16999928653240204,
        0.10565699636936188
      ],
      [
        0.007156348321586847,
        0.2749757170677185,
        0.17603835463523865
      ],
      [
        0.04871829226613045,
        -0.24846811592578888,
        0.07438356429338455
      ]
    ]
  },
  "source_dimension": 3
}