{
  "leaspy_version": "1.5.0",
  "name": "linear",
  "features": [
    "ENCODING0",
    "ENCODING1",
    "ENCODING2",
    "ENCODING3"
  ],
  "dimension": 4,
  "fit_metrics": {
    "nll_regul_tau": 1516.0712890625,
    "nll_regul_xi": -92.07794952392578,
    "nll_regul_sources": 3916.595947265625,
    "nll_regul_tot": 5340.5888671875,
    "nll_attach": -58883.83203125,
    "nll_tot": -53543.2421875
  },
  "noise_model": {
    "name": "gaussian-diagonal",
    "scale": [
      0.03041117638349533,
      0.01260350551456213,
      0.022508367896080017,
      0.08829290419816971
    ]
  },
  "parameters": {
    "g": [
      -0.3275763690471649,
      0.02598334476351738,
      0.1759137213230133,
      0.27906113862991333
    ],
    "v0": [
      -2.2392914295196533,
      -5.395761489868164,
      -4.918688774108887,
      -3.715749979019165
    ],
    "betas": [
      [
        -0.4063551425933838,
        -0.08267002552747726,
        -0.024026963859796524
      ],
      [
        0.023181302472949028,
        0.3677862286567688,
        -0.06571992486715317
      ],
      [
        -0.0643809586763382,
        -0.16372117400169373,
        0.22417961061000824
      ]
    ],
    "tau_mean": -1.5970872640609741,
    "tau_std": 2.11039662361145,
    "xi_mean": 0.0,
    "xi_std": 0.21214625239372253,
    "sources_mean": 0.0,
    "sources_std": 1.0,
    "mixing_matrix": [
      [
        0.029562678188085556,
        0.015248086303472519,
        -0.044396527111530304
      ],
      [
        -0.40573474764823914,
        -0.08235005289316177,
        -0.024958591908216476
      ],
      [
        0.024180905893445015,
        0.3683018088340759,
        -0.06722111254930496
      ],
      [
        -0.061052385717630386,
        -0.16200433671474457,
        0.21918083727359772
      ]
    ]
  },
  "source_dimension": 3
}