{
  "leaspy_version": "1.5.0",
  "name": "linear",
  "features": [
    "ENCODING0",
    "ENCODING1",
    "ENCODING2",
    "ENCODING3"
  ],
  "dimension": 4,
  "fit_metrics": {
    "nll_regul_tau": 1517.3519287109375,
    "nll_regul_xi": -104.61173248291016,
    "nll_regul_sources": 3925.852294921875,
    "nll_regul_tot": 5338.591796875,
    "nll_attach": -57771.56640625,
    "nll_tot": -52432.97265625
  },
  "noise_model": {
    "name": "gaussian-diagonal",
    "scale": [
      0.030100511386990547,
      0.01260281354188919,
      0.021576810628175735,
      0.10909873992204666
    ]
  },
  "parameters": {
    "g": [
      -0.3558160066604614,
      0.02020391821861267,
      0.18734948337078094,
      0.26360201835632324
    ],
    "v0": [
      -2.2359635829925537,
      -5.350667953491211,
      -4.888600826263428,
      -3.682767152786255
    ],
    "betas": [
      [
        -0.4174300730228424,
        -0.07690388709306717,
        0.0014098910614848137
      ],
      [
        0.03752962499856949,
        0.36200767755508423,
        -0.09748063236474991
      ],
      [
        -0.06421059370040894,
        -0.1487206220626831,
        0.23044255375862122
      ]
    ],
    "tau_mean": -1.8377923965454102,
    "tau_std": 2.1142632961273193,
    "xi_mean": 0.0,
    "xi_std": 0.2083810567855835,
    "sources_mean": 0.0,
    "sources_std": 1.0,
    "mixing_matrix": [
      [
        0.03007318452000618,
        0.012517977505922318,
        -0.046009812504053116
      ],
      [
        -0.41677266359329224,
        -0.07663024216890335,
        0.0004040973726660013
      ],
      [
        0.038573168218135834,
        0.3624420762062073,
        -0.09907718002796173
      ],
      [
        -0.06072563678026199,
        -0.14727000892162323,
        0.22511081397533417
      ]
    ]
  },
  "source_dimension": 3
}