{
  "leaspy_version": "1.5.0",
  "name": "linear",
  "features": [
    "ENCODING0",
    "ENCODING1",
    "ENCODING2",
    "ENCODING3"
  ],
  "dimension": 4,
  "fit_metrics": {
    "nll_regul_tau": 1507.22314453125,
    "nll_regul_xi": -88.92119598388672,
    "nll_regul_sources": 3917.776123046875,
    "nll_regul_tot": 5336.07763671875,
    "nll_attach": -58035.8046875,
    "nll_tot": -52699.7265625
  },
  "noise_model": {
    "name": "gaussian-diagonal",
    "scale": [
      0.02654246799647808,
      0.015499496832489967,
      0.014441809616982937,
      0.14472229778766632
    ]
  },
  "parameters": {
    "g": [
      -0.27131888270378113,
      0.0348384864628315,
      0.18627038598060608,
      0.2602609097957611
    ],
    "v0": [
      -2.284848928451538,
      -5.5048441886901855,
      -5.030604839324951,
      -3.867061138153076
    ],
    "betas": [
      [
        -0.36308372020721436,
        -0.045827366411685944,
        -0.037404581904411316
      ],
      [
        0.07037416845560074,
        0.34443432092666626,
        -0.1922379732131958
      ],
      [
        -0.10375012457370758,
        -0.0797794908285141,
        0.22578808665275574
      ]
    ],
    "tau_mean": -0.8829098343849182,
    "tau_std": 2.083890199661255,
    "xi_mean": 0.0,
    "xi_std": 0.21310478448867798,
    "sources_mean": 0.0,
    "sources_std": 1.0,
    "mixing_matrix": [
      [
        0.030586987733840942,
        -0.0037953387945890427,
        -0.031813912093639374
      ],
      [
        -0.3624798059463501,
        -0.045902300626039505,
        -0.03803270310163498
      ],
      [
        0.07134450972080231,
        0.3443138897418976,
        -0.1932472288608551
      ],
      [
        -0.10064380615949631,
        -0.08016493171453476,
        0.2225571572780609
      ]
    ]
  },
  "source_dimension": 3
}