{
  "leaspy_version": "1.5.0",
  "name": "linear",
  "features": [
    "ENCODING0",
    "ENCODING1",
    "ENCODING2",
    "ENCODING3"
  ],
  "dimension": 4,
  "fit_metrics": {
    "nll_regul_tau": 1493.258544921875,
    "nll_regul_xi": -78.48307037353516,
    "nll_regul_sources": 4139.17578125,
    "nll_regul_tot": 5553.95068359375,
    "nll_attach": -59007.5859375,
    "nll_tot": -53453.62890625
  },
  "noise_model": {
    "name": "gaussian-diagonal",
    "scale": [
      0.028314713388681412,
      0.010296083986759186,
      0.04656369984149933,
      0.055081807076931
    ]
  },
  "parameters": {
    "g": [
      -0.35855257511138916,
      0.04319249466061592,
      0.18519774079322815,
      0.25087159872055054
    ],
    "v0": [
      -2.273878574371338,
      -5.434127330780029,
      -5.077132225036621,
      -3.7413618564605713
    ],
    "betas": [
      [
        -0.005153069272637367,
        -0.40724533796310425,
        0.042190566658973694
      ],
      [
        0.00804673321545124,
        0.09443815797567368,
        -0.32556837797164917
      ],
      [
        -0.19018912315368652,
        -0.10838029533624649,
        0.1531357318162918
      ]
    ],
    "tau_mean": -1.6674860715866089,
    "tau_std": 2.0427310466766357,
    "xi_mean": 0.0,
    "xi_std": 0.2163061648607254,
    "sources_mean": 0.0,
    "sources_std": 1.0,
    "mixing_matrix": [
      [
        0.04234713315963745,
        0.035505831241607666,
        -0.01686730794608593
      ],
      [
        -0.004267774522304535,
        -0.4065030813217163,
        0.041837941855192184
      ],
      [
        0.00931184459477663,
        0.09549888223409653,
        -0.3260723054409027
      ],
      [
        -0.18537800014019012,
        -0.10434642434120178,
        0.1512194126844406
      ]
    ]
  },
  "source_dimension": 3
}