{
  "leaspy_version": "1.5.0",
  "name": "linear",
  "features": [
    "ENCODING0",
    "ENCODING1",
    "ENCODING2",
    "ENCODING3"
  ],
  "dimension": 4,
  "fit_metrics": {
    "nll_regul_tau": 1499.6328125,
    "nll_regul_xi": -99.38472747802734,
    "nll_regul_sources": 4084.54248046875,
    "nll_regul_tot": 5484.791015625,
    "nll_attach": -61319.56640625,
    "nll_tot": -55834.7734375
  },
  "noise_model": {
    "name": "gaussian-diagonal",
    "scale": [
      0.02762167528271675,
      0.01896454580128193,
      0.013536800630390644,
      0.07584565877914429
    ]
  },
  "parameters": {
    "g": [
      -0.3762044906616211,
      0.0276620015501976,
      0.1714213490486145,
      0.23521605134010315
    ],
    "v0": [
      -2.288262128829956,
      -5.843283653259277,
      -5.078211307525635,
      -3.8578972816467285
    ],
    "betas": [
      [
        -0.33813995122909546,
        0.0015816452214494348,
        0.04494303837418556
      ],
      [
        0.07970234006643295,
        0.3610135614871979,
        -0.1417442262172699
      ],
      [
        -0.048245467245578766,
        -0.11891324818134308,
        0.24749085307121277
      ]
    ],
    "tau_mean": -1.989437222480774,
    "tau_std": 2.061417579650879,
    "xi_mean": 0.0,
    "xi_std": 0.2099432349205017,
    "sources_mean": 0.0,
    "sources_std": 1.0,
    "mixing_matrix": [
      [
        0.014467069879174232,
        0.0024696718901395798,
        -0.043066561222076416
      ],
      [
        -0.3379356265068054,
        0.00161652488168329,
        0.04433480277657509
      ],
      [
        0.08014146238565445,
        0.3610885441303253,
        -0.143051415681839
      ],
      [
        -0.04675762727856636,
        -0.11865926533937454,
        0.24306175112724304
      ]
    ]
  },
  "source_dimension": 3
}