{
  "leaspy_version": "1.5.0",
  "name": "linear",
  "features": [
    "ENCODING0",
    "ENCODING1",
    "ENCODING2",
    "ENCODING3"
  ],
  "dimension": 4,
  "fit_metrics": {
    "nll_regul_tau": 1494.5040283203125,
    "nll_regul_xi": -76.89065551757812,
    "nll_regul_sources": 3934.1240234375,
    "nll_regul_tot": 5351.7373046875,
    "nll_attach": -58186.55078125,
    "nll_tot": -52834.8125
  },
  "noise_model": {
    "name": "gaussian-diagonal",
    "scale": [
      0.027746083214879036,
      0.010617119260132313,
      0.10438814759254456,
      0.02736128307878971
    ]
  },
  "parameters": {
    "g": [
      -0.39107391238212585,
      0.029581226408481598,
      0.17530816793441772,
      0.23942124843597412
    ],
    "v0": [
      -2.278055191040039,
      -5.64431619644165,
      -5.143909931182861,
      -3.8500959873199463
    ],
    "betas": [
      [
        -0.39707380533218384,
        -0.04686220735311508,
        -0.03862912952899933
      ],
      [
        0.05569130927324295,
        0.2880493104457855,
        0.14939740300178528
      ],
      [
        -0.08822748810052872,
        -0.27567005157470703,
        0.09234627336263657
      ]
    ],
    "tau_mean": -2.136512041091919,
    "tau_std": 2.046365976333618,
    "xi_mean": 0.0,
    "xi_std": 0.21679911017417908,
    "sources_mean": 0.0,
    "sources_std": 1.0,
    "mixing_matrix": [
      [
        0.02819119021296501,
        0.04147811233997345,
        -0.0257407259196043
      ],
      [
        -0.396592915058136,
        -0.04615464061498642,
        -0.03906823694705963
      ],
      [
        0.056484516710042953,
        0.28921636939048767,
        0.1486731469631195
      ],
      [
        -0.08533492684364319,
        -0.2714141607284546,
        0.08970513939857483
      ]
    ]
  },
  "source_dimension": 3
}