{
  "leaspy_version": "1.5.0",
  "name": "linear",
  "features": [
    "ENCODING0",
    "ENCODING1",
    "ENCODING2",
    "ENCODING3"
  ],
  "dimension": 4,
  "fit_metrics": {
    "nll_regul_tau": 1493.751953125,
    "nll_regul_xi": -84.49872589111328,
    "nll_regul_sources": 4014.2001953125,
    "nll_regul_tot": 5423.453125,
    "nll_attach": -62222.84375,
    "nll_tot": -56799.39453125
  },
  "noise_model": {
    "name": "gaussian-diagonal",
    "scale": [
      0.02750050649046898,
      0.01299319975078106,
      0.017862163484096527,
      0.07405763119459152
    ]
  },
  "parameters": {
    "g": [
      -0.37170180678367615,
      0.01836402900516987,
      0.15540991723537445,
      0.24574445188045502
    ],
    "v0": [
      -2.2784423828125,
      -5.660084247589111,
      -5.074138641357422,
      -3.843266725540161
    ],
    "betas": [
      [
        -0.38232332468032837,
        -0.04118408262729645,
        0.06710214912891388
      ],
      [
        0.052586812525987625,
        0.3632352650165558,
        -0.049990374594926834
      ],
      [
        -0.02950601652264595,
        -0.1898651421070099,
        0.21609584987163544
      ]
    ],
    "tau_mean": -1.9280897378921509,
    "tau_std": 2.044171094894409,
    "xi_mean": 0.0,
    "xi_std": 0.214455708861351,
    "sources_mean": 0.0,
    "sources_std": 1.0,
    "mixing_matrix": [
      [
        0.015580368228256702,
        0.01847792975604534,
        -0.043376922607421875
      ],
      [
        -0.382061630487442,
        -0.04087376222014427,
        0.06637366861104965
      ],
      [
        0.053056929260492325,
        0.3637927770614624,
        -0.05129921808838844
      ],
      [
        -0.027896231040358543,
        -0.18795597553253174,
        0.21161408722400665
      ]
    ]
  },
  "source_dimension": 3
}