{"VAE_threshold_95": 39.435684585571245, "VAE_threshold_99": 76.1495811462404, "LVAE_threshold_95": 144.35887222290026, "LVAE_threshold_99": 199.82615341186528}