{"VAE_threshold_95": 39.435684585571245, "VAE_threshold_99": 76.1495811462404, "LVAE_threshold_95": 145.74454650878903, "LVAE_threshold_99": 196.52061721801758}