{
  "leaspy_version": "1.5.0",
  "name": "linear",
  "features": [
    "ENCODING0",
    "ENCODING1",
    "ENCODING2",
    "ENCODING3"
  ],
  "dimension": 4,
  "fit_metrics": {
    "nll_regul_tau": 1535.7745361328125,
    "nll_regul_xi": -436.9416809082031,
    "nll_regul_sources": 4165.474609375,
    "nll_regul_tot": 5264.3076171875,
    "nll_attach": -56599.37109375,
    "nll_tot": -51335.0625
  },
  "noise_model": {
    "name": "gaussian-diagonal",
    "scale": [
      0.012917147018015385,
      0.19947755336761475,
      0.030732320621609688,
      0.013333014212548733
    ]
  },
  "parameters": {
    "g": [
      0.19553735852241516,
      -0.23381194472312927,
      0.33261048793792725,
      -0.11498180031776428
    ],
    "v0": [
      -5.82027530670166,
      -3.9199140071868896,
      -2.1470463275909424,
      -6.468794822692871
    ],
    "betas": [
      [
        0.16501587629318237,
        -0.06383180618286133,
        0.09727919846773148
      ],
      [
        0.01878044381737709,
        0.13895832002162933,
        -0.32866114377975464
      ],
      [
        -0.1478201150894165,
        0.27809756994247437,
        0.08728809654712677
      ]
    ],
    "tau_mean": 1.683165431022644,
    "tau_std": 2.1706442832946777,
    "xi_mean": 0.0,
    "xi_std": 0.12962038815021515,
    "sources_mean": 0.0,
    "sources_std": 1.0,
    "mixing_matrix": [
      [
        -0.04419424384832382,
        -0.1298961490392685,
        0.30646681785583496
      ],
      [
        0.15779922902584076,
        -0.0850430503487587,
        0.1473233550786972
      ],
      [
        -0.023709112778306007,
        0.014072605408728123,
        -0.03401554748415947
      ],
      [
        -0.148384228348732,
        0.27643951773643494,
        0.09120000153779984
      ]
    ]
  },
  "source_dimension": 3
}