{
  "leaspy_version": "1.5.0",
  "name": "linear",
  "features": [
    "ENCODING0",
    "ENCODING1",
    "ENCODING2",
    "ENCODING3"
  ],
  "dimension": 4,
  "fit_metrics": {
    "nll_regul_tau": 2926.11328125,
    "nll_regul_xi": 478.2617492675781,
    "nll_regul_sources": 3508.735107421875,
    "nll_regul_tot": 6913.10986328125,
    "nll_attach": 470.1027526855469,
    "nll_tot": 7383.21337890625
  },
  "noise_model": {
    "name": "gaussian-diagonal",
    "scale": [
      0.23528587818145752,
      0.20527590811252594,
      0.40616679191589355,
      0.18688637018203735
    ]
  },
  "parameters": {
    "g": [
      -0.430137038230896,
      0.0941166877746582,
      0.2752499282360077,
      -0.2267642617225647
    ],
    "v0": [
      -3.597947359085083,
      -5.48622989654541,
      -6.180346965789795,
      -5.605189323425293
    ],
    "betas": [
      [
        -0.17882072925567627,
        -0.14883878827095032,
        0.19069956243038177
      ],
      [
        0.039219651371240616,
        -0.28797629475593567,
        -0.25173696875572205
      ],
      [
        0.2572151720523834,
        -0.07539381831884384,
        0.14390820264816284
      ]
    ],
    "tau_mean": 0.6153523325920105,
    "tau_std": 15.818970680236816,
    "xi_mean": 0.0,
    "xi_std": 0.47915118932724,
    "sources_mean": 0.0,
    "sources_std": 1.0,
    "mixing_matrix": [
      [
        -0.010226696729660034,
        0.0531955249607563,
        -0.02850717306137085
      ],
      [
        -0.17958571016788483,
        -0.14485959708690643,
        0.1885671317577362
      ],
      [
        0.038837529718875885,
        -0.28598862886428833,
        -0.25280216336250305
      ],
      [
        0.25653597712516785,
        -0.07186092436313629,
        0.14201495051383972
      ]
    ]
  },
  "source_dimension": 3
}