{
  "leaspy_version": "1.5.0",
  "name": "linear",
  "features": [
    "ENCODING0",
    "ENCODING1",
    "ENCODING2",
    "ENCODING3"
  ],
  "dimension": 4,
  "fit_metrics": {
    "nll_regul_tau": 2678.93212890625,
    "nll_regul_xi": -604.4852294921875,
    "nll_regul_sources": 3824.595947265625,
    "nll_regul_tot": 5899.04248046875,
    "nll_attach": -49926.09375,
    "nll_tot": -44027.04296875
  },
  "noise_model": {
    "name": "gaussian-diagonal",
    "scale": [
      0.021283455193042755,
      0.25496864318847656,
      0.013424256816506386,
      0.03759729862213135
    ]
  },
  "parameters": {
    "g": [
      0.0005825149710290134,
      0.09212210774421692,
      0.3605361878871918,
      1.5819245598788084e-13
    ],
    "v0": [
      -12.159252166748047,
      -8.568824768066406,
      -3.66420841217041,
      -8.820090293884277
    ],
    "betas": [
      [
        0.017185376957058907,
        0.07402243465185165,
        -0.06005944311618805
      ],
      [
        0.20330815017223358,
        0.31752675771713257,
        0.08338399231433868
      ],
      [
        0.01081366278231144,
        -0.09115279465913773,
        0.3564150333404541
      ]
    ],
    "tau_mean": 2.450779438018799,
    "tau_std": 11.112908363342285,
    "xi_mean": 0.0,
    "xi_std": 0.10202757269144058,
    "sources_mean": 0.0,
    "sources_std": 1.0,
    "mixing_matrix": [
      [
        -0.20348890125751495,
        -0.3175359070301056,
        -0.08498993515968323
      ],
      [
        0.01567743346095085,
        0.07166935503482819,
        -0.060689251869916916
      ],
      [
        -0.00013017249875701964,
        6.978999590501189e-05,
        -0.001584820682182908
      ],
      [
        0.009640760719776154,
        -0.09298305213451385,
        0.35592514276504517
      ]
    ]
  },
  "source_dimension": 3
}