{
  "leaspy_version": "1.5.0",
  "name": "linear",
  "features": [
    "ENCODING0",
    "ENCODING1",
    "ENCODING2",
    "ENCODING3",
    "ENCODING4",
    "ENCODING5",
    "ENCODING6",
    "ENCODING7",
    "ENCODING8",
    "ENCODING9",
    "ENCODING10",
    "ENCODING11",
    "ENCODING12",
    "ENCODING13",
    "ENCODING14",
    "ENCODING15"
  ],
  "dimension": 16,
  "fit_metrics": {
    "nll_regul_tau": 8779.4013671875,
    "nll_regul_xi": 892.1492309570312,
    "nll_regul_sources": 25638.50390625,
    "nll_regul_tot": 35310.0546875,
    "nll_attach": -124180.609375,
    "nll_tot": -88870.5546875
  },
  "noise_model": {
    "name": "gaussian-diagonal",
    "scale": [
      0.23077261447906494,
      0.29556673765182495,
      0.12045887857675552,
      0.04074982926249504,
      0.07233632355928421,
      0.02972925826907158,
      0.05728873983025551,
      0.19923996925354004,
      0.027218423783779144,
      0.06622260063886642,
      0.07967152446508408,
      0.016671432182192802,
      0.045481566339731216,
      0.288079172372818,
      0.04085101932287216,
      0.25899094343185425
    ]
  },
  "parameters": {
    "g": [
      -0.16517288982868195,
      4.086739835429398e-08,
      -0.034591030329465866,
      7.846133667044342e-05,
      -5.767996569261413e-08,
      -0.022912099957466125,
      -0.036849938333034515,
      -0.26224154233932495,
      -0.039275623857975006,
      -0.07928697019815445,
      0.0006234333850443363,
      -0.00046311659389175475,
      0.01378360390663147,
      -0.118606798350811,
      -3.2173677055880034e-09,
      0.0006577278254553676
    ],
    "v0": [
      -12.160667419433594,
      -14.755728721618652,
      -13.464802742004395,
      -15.993507385253906,
      -15.411046028137207,
      -14.742008209228516,
      -13.531341552734375,
      -12.795095443725586,
      -13.072630882263184,
      -14.52593994140625,
      -14.69048023223877,
      -12.773877143859863,
      -13.9463529586792,
      -13.075409889221191,
      -12.668213844299316,
      -13.392902374267578
    ],
    "betas": [
      [
        0.006954813376069069,
        0.008418269455432892,
        -0.009692581370472908,
        -0.005230501294136047,
        0.0022532374132424593,
        -0.0031656778883188963,
        -0.002169916406273842,
        -0.0002784455136861652,
        0.002121776808053255,
        0.006690486334264278,
        0.00696136336773634,
        0.006652068812400103,
        -0.01490278635174036,
        -0.0002786171098705381,
        0.007365207187831402
      ],
      [
        -0.05327964201569557,
        0.03973463922739029,
        -0.05096945911645889,
        0.03523403778672218,
        -0.01397133618593216,
        0.023834241554141045,
        0.0018246512627229095,
        -0.008049366995692253,
        0.0704982578754425,
        0.0004542687674984336,
        -0.017216941341757774,
        -0.006256424821913242,
        0.08718939125537872,
        0.16451534628868103,
        -0.05944068729877472
      ],
      [
        0.06248190626502037,
        -0.006111928261816502,
        0.003327141050249338,
        0.02879936248064041,
        0.034634631127119064,
        -0.002002800814807415,
        0.05602429062128067,
        0.03542112931609154,
        0.010107099078595638,
        0.014623863622546196,
        0.01379598118364811,
        0.02219790779054165,
        -0.01883593201637268,
        -0.06585829704999924,
        0.04673608019948006
      ],
      [
        0.027981402352452278,
        -0.05303197726607323,
        -0.04576326906681061,
        0.07771142572164536,
        0.025507809594273567,
        -0.028518468141555786,
        0.033551156520843506,
        0.05935467407107353,
        0.04497618228197098,
        -0.05512065812945366,
        -0.07126180827617645,
        0.024403342977166176,
        -0.0027021439746022224,
        -0.06848092377185822,
        0.03015226125717163
      ],
      [
        -0.007805244997143745,
        0.009475236758589745,
        -0.002493512351065874,
        0.009184101596474648,
        0.01609327271580696,
        0.0025690793991088867,
        0.010965409688651562,
        0.0032693452667444944,
        -0.004057611804455519,
        0.006945723667740822,
        -0.027340760454535484,
        -0.004811789840459824,
        -0.027689235284924507,
        -0.0006313215708360076,
        0.0026468278374522924
      ],
      [
        -0.005919774528592825,
        0.001005672151222825,
        0.027717512100934982,
        0.02524649165570736,
        -0.033570609986782074,
        0.014648262411355972,
        0.020891273394227028,
        0.026996571570634842,
        -0.02965799905359745,
        0.05625411123037338,
        -0.004020912107080221,
        0.003315838286653161,
        0.012073817662894726,
        0.030958736315369606,
        0.04544449225068092
      ],
      [
        0.09424526989459991,
        0.007207680959254503,
        0.1262815147638321,
        -0.03396160528063774,
        -0.12242279201745987,
        0.06624021381139755,
        0.0813591331243515,
        -0.03210011124610901,
        -0.004619731102138758,
        0.004543545190244913,
        0.2156890481710434,
        0.04064354673027992,
        0.13420991599559784,
        -0.0941692516207695,
        0.09011772274971008
      ],
      [
        0.015931276604533195,
        0.009773851372301579,
        -0.0036540713626891375,
        0.013588942587375641,
        0.022564927116036415,
        0.004606709815561771,
        0.03845063969492912,
        0.007473119534552097,
        0.003308431012555957,
        0.012327658012509346,
        0.006383058615028858,
        0.004640423227101564,
        -0.008707761764526367,
        -0.011639383621513844,
        0.017364826053380966
      ],
      [
        -0.003781505161896348,
        -0.009122439660131931,
        -0.010720958933234215,
        -0.04828259348869324,
        0.03409667685627937,
        0.01769060268998146,
        0.01175080519169569,
        -0.05394934117794037,
        0.0007155263447202742,
        -0.03649444878101349,
        0.014253400266170502,
        0.008190995082259178,
        0.012881417758762836,
        -0.013639864511787891,
        -0.003658050438389182
      ],
      [
        -0.05579545721411705,
        -0.19416597485542297,
        -0.1396317183971405,
        -0.04702913388609886,
        0.0721934512257576,
        -0.05537835508584976,
        -0.20499882102012634,
        0.005387715995311737,
        0.05883735790848732,
        -0.08122371882200241,
        -0.11558297276496887,
        0.02876812405884266,
        0.14587785303592682,
        0.14659300446510315,
        -0.07342217862606049
      ],
      [
        0.18627269566059113,
        -0.02972196787595749,
        -0.021528709679841995,
        -0.014224027283489704,
        0.2297670841217041,
        0.013888904824852943,
        0.06509439647197723,
        0.08685663342475891,
        0.015390979126095772,
        0.19878509640693665,
        0.051516398787498474,
        0.06895878911018372,
        -0.024306634441018105,
        0.02772548422217369,
        0.10491403937339783
      ],
      [
        0.008000845089554787,
        -0.0023352736607193947,
        0.0034427931532263756,
        -0.00021130465029273182,
        -0.0013092481531202793,
        -0.00651422468945384,
        -0.016881942749023438,
        0.01498830784112215,
        -0.002966713160276413,
        0.023746343329548836,
        0.011893128976225853,
        -0.0028329910710453987,
        0.006933680269867182,
        0.015859656035900116,
        -0.0014626190531998873
      ],
      [
        0.024054815992712975,
        0.04305879771709442,
        -0.06314831227064133,
        0.02974490076303482,
        -0.09071248769760132,
        -0.12851545214653015,
        -0.0221405029296875,
        0.030607786029577255,
        0.011322197504341602,
        -0.053715333342552185,
