{
  "leaspy_version": "1.5.0",
  "name": "linear",
  "features": [
    "ENCODING0",
    "ENCODING1",
    "ENCODING2",
    "ENCODING3",
    "ENCODING4",
    "ENCODING5",
    "ENCODING6",
    "ENCODING7",
    "ENCODING8",
    "ENCODING9",
    "ENCODING10",
    "ENCODING11",
    "ENCODING12",
    "ENCODING13",
    "ENCODING14",
    "ENCODING15"
  ],
  "dimension": 16,
  "fit_metrics": {
    "nll_regul_tau": 4801.087890625,
    "nll_regul_xi": 791.3133544921875,
    "nll_regul_sources": 25094.490234375,
    "nll_regul_tot": 30686.890625,
    "nll_attach": -86593.7265625,
    "nll_tot": -55906.8203125
  },
  "noise_model": {
    "name": "gaussian-diagonal",
    "scale": [
      0.3999986946582794,
      0.4434840679168701,
      0.2205088585615158,
      0.1648922711610794,
      0.20384564995765686,
      0.07900539040565491,
      0.09366349130868912,
      0.3250827193260193,
      0.06995140761137009,
      0.07025202363729477,
      0.03657766431570053,
      0.020319366827607155,
      0.09005361050367355,
      0.048983100801706314,
      0.08216995000839233,
      0.13987411558628082
    ]
  },
  "parameters": {
    "g": [
      -0.1057550385594368,
      0.00010655283404048532,
      -0.09970270842313766,
      0.09115131944417953,
      -9.404751472175121e-05,
      -0.008075452409684658,
      0.00010467518586665392,
      -0.23574750125408173,
      -0.007701598107814789,
      -0.05365472286939621,
      0.026172442361712456,
      -0.0016890589613467455,
      0.008012307807803154,
      -0.11539068818092346,
      -7.80652480898425e-05,
      0.0029702461324632168
    ],
    "v0": [
      -7.224085807800293,
      -9.170733451843262,
      -7.487502098083496,
      -9.094599723815918,
      -8.524065017700195,
      -9.07223129272461,
      -8.128983497619629,
      -7.8419880867004395,
      -7.7992963790893555,
      -8.924850463867188,
      -8.637444496154785,
      -6.872295379638672,
      -8.928211212158203,
      -7.731302261352539,
      -6.728074550628662,
      -8.818897247314453
    ],
    "betas": [
      [
        0.023940378800034523,
        -0.005348823498934507,
        -0.009991881437599659,
        -0.012182687409222126,
        0.003745384281501174,
        0.010060533881187439,
        0.004168616142123938,
        -0.027394289150834084,
        -0.006981304846704006,
        -0.01237147394567728,
        0.019342616200447083,
        -0.005972295068204403,
        0.0039562806487083435,
        0.0035415140446275473,
        0.01040053553879261
      ],
      [
        0.013966399244964123,
        0.0299840085208416,
        -0.015524547547101974,
        -0.08060071617364883,
        -0.014382529072463512,
        -0.07654896378517151,
        -0.03823361173272133,
        0.05386795848608017,
        -0.008348796516656876,
        -0.008082189597189426,
        0.011169971898198128,
        -0.07535501569509506,
        -0.00020494512864388525,
        0.1489279866218567,
        0.07843317836523056
      ],
      [
        0.029999755322933197,
        0.009376966394484043,
        -0.007899647578597069,
        0.03540879115462303,
        0.018546592444181442,
        0.011003074236214161,
        0.038130443543195724,
        -0.01521920133382082,
        0.03564935177564621,
        -0.056835830211639404,
        -0.011123419739305973,
        0.012562163174152374,
        0.025128386914730072,
        -0.03789883852005005,
        0.01046331413090229
      ],
      [
        0.039366550743579865,
        0.004348015878349543,
        -0.1008392795920372,
        -0.01354382373392582,
        -0.05282731354236603,
        -0.0750642865896225,
        0.009503338485956192,
        -0.007679997012019157,
        0.06308431178331375,
        -0.12380901724100113,
        -0.032426729798316956,
        0.034209348261356354,
        0.0017626573098823428,
        -0.028416259214282036,
        -0.05656877160072327
      ],
      [
        0.00893116183578968,
        0.010529350489377975,
        -0.022735625505447388,
        -0.0027804519049823284,
        -0.0003073017578572035,
        -0.0036090246867388487,
        0.0055943625047802925,
        -0.006406010594218969,
        0.014139346778392792,
        -0.025261756032705307,
        -0.006715132389217615,
        -0.015720047056674957,
        -0.0029305806383490562,
        0.007672811858355999,
        0.0013264404842630029
      ],
      [
        -0.0170538779348135,
        -0.029755063354969025,
        -0.0027485096361488104,
        -0.021639790385961533,
        0.024059250950813293,
        -0.0016407240182161331,
        0.010412321425974369,
        0.07976392656564713,
        -0.041182298213243484,
        0.014272798784077168,
        0.004583377856761217,
        -0.002044711261987686,
        0.007789694704115391,
        0.02135135792195797,
        0.04821132495999336
      ],
      [
        -0.05512732267379761,
        -0.028165316209197044,
        0.19991150498390198,
        0.13064883649349213,
        0.06705747544765472,
        0.07453647255897522,
        -0.01989717036485672,
        -0.008756870403885841,
        0.0007134504849091172,
        0.11388932168483734,
        0.039952948689460754,
        0.06634952872991562,
        0.22747313976287842,
        -0.06893733888864517,
        0.03839303180575371
      ],
      [
        0.01985211856663227,
        0.006555773317813873,
        -0.0094330795109272,
        0.00916376244276762,
        0.012269536033272743,
        0.02287108451128006,
        0.018728043884038925,
        -0.02497180365025997,
        0.0017192584928125143,
        -0.00737078208476305,
        0.00539394561201334,
        -0.008366207592189312,
        0.011677710339426994,
        0.02180613949894905,
        0.005389969330281019
      ],
      [
        -0.00168148975353688,
        0.017021598294377327,
        6.038306310074404e-06,
        0.0036180848255753517,
        -0.03854500874876976,
        0.027855008840560913,
        -0.0251549631357193,
        -0.0957905650138855,
        -0.007405157666653395,
        0.024881601333618164,
        0.003599666291847825,
        -0.016981715336441994,
        0.010767376981675625,
        0.04306424781680107,
        -0.03228079527616501
      ],
      [
        0.06516362726688385,
        0.018707899376749992,
        -0.1386106014251709,
        -0.12512069940567017,
        -0.14673778414726257,
        -0.09967966377735138,
        -0.11750765889883041,
        0.13459748029708862,
        0.024753671139478683,
        0.08608311414718628,
        -0.07453323900699615,
        0.04047509282827377,
        -0.077333964407444,
        0.06200895830988884,
        -0.22487851977348328
      ],
      [
        0.21301420032978058,
        0.056099679321050644,
        -0.0092863067984581,
        0.017082039266824722,
        0.1551419496536255,
        0.1539517641067505,
        0.11158076673746109,
        0.04708794504404068,
        0.03173630312085152,
        0.05480467528104782,
        -0.03795189782977104,
        -0.014336757361888885,
        -0.07134344428777695,
        0.04295356571674347,
        -0.021617349237203598
      ],
      [
        0.004912614356726408,
        0.003897253889590502,
        0.0029357571620494127,
        -0.007689612451940775,
        0.014363857917487621,
        0.002836531726643443,
        -0.0036893899086862803,
        0.04844173789024353,
        0.003883856115862727,
        0.030319835990667343,
        0.011604160070419312,
        -0.005655200220644474,
        -0.002674791030585766,
        -0.007854633964598179,
        -0.010906826704740524
      ],
      [
        0.10097264498472214,
        0.009133446961641312,
        -0.0430903360247612,
        0.028821246698498726,
        0.08105174452066422,
        -0.09871687740087509,
        0.029228314757347107,
        -0.01809416152536869,
        0.0035635987296700478,
        0.06593319773674011,
        0.325094610452652,
