{
  "leaspy_version": "1.5.0",
  "name": "linear",
  "features": [
    "ENCODING0",
    "ENCODING1",
    "ENCODING2",
    "ENCODING3",
    "ENCODING4",
    "ENCODING5",
    "ENCODING6",
    "ENCODING7",
    "ENCODING8",
    "ENCODING9",
    "ENCODING10",
    "ENCODING11",
    "ENCODING12",
    "ENCODING13",
    "ENCODING14",
    "ENCODING15"
  ],
  "dimension": 16,
  "fit_metrics": {
    "nll_regul_tau": 6711.93408203125,
    "nll_regul_xi": 872.7003784179688,
    "nll_regul_sources": 25376.154296875,
    "nll_regul_tot": 32960.7890625,
    "nll_attach": -123612.59375,
    "nll_tot": -90651.7890625
  },
  "noise_model": {
    "name": "gaussian-diagonal",
    "scale": [
      0.22154204547405243,
      0.2993001341819763,
      0.059280794113874435,
      0.05554893985390663,
      0.08436673134565353,
      0.03014976903796196,
      0.05036817118525505,
      0.032731618732213974,
      0.02532503567636013,
      0.05168231949210167,
      0.15470869839191437,
      0.24275654554367065,
      0.03920484706759453,
      0.2553826868534088,
      0.038667645305395126,
      0.16970700025558472
    ]
  },
  "parameters": {
    "g": [
      -0.07375937700271606,
      4.1360172531312855e-07,
      -0.11551158875226974,
      0.11911538243293762,
      0.0029379860498011112,
      -0.010456866584718227,
      4.285325303499121e-07,
      -0.2887098789215088,
      -0.05254817754030228,
      -0.06648711860179901,
      0.002096340758726001,
      -0.001771142822690308,
      0.043197955936193466,
      -0.12082109600305557,
      -3.5599803993591195e-08,
      0.002651318209245801
    ],
    "v0": [
      -9.779333114624023,
      -12.712411880493164,
      -10.854157447814941,
      -13.825789451599121,
      -12.229933738708496,
      -11.113908767700195,
      -10.957980155944824,
      -11.18426513671875,
      -10.413268089294434,
      -11.362556457519531,
      -11.018054962158203,
      -10.855713844299316,
      -11.479808807373047,
      -10.383856773376465,
      -9.94126033782959,
      -12.274435043334961
    ],
    "betas": [
      [
        -0.0029710144735872746,
        0.0015834749210625887,
        -0.02317865565419197,
        -0.008105739019811153,
        0.009739872068166733,
        0.004152757581323385,
        -0.004871070850640535,
        0.005557319615036249,
        0.0007811926770955324,
        0.0017090184846892953,
        0.012723268009722233,
        0.012860089540481567,
        -3.709647717187181e-05,
        -0.0008022804977372289,
        -0.007695438340306282
      ],
      [
        0.059812843799591064,
        -0.034865278750658035,
        -0.009259195998311043,
        -0.029148347675800323,
        -0.02507072128355503,
        -0.14310048520565033,
        -0.0030096948612481356,
        -0.0743628740310669,
        -0.0016874459106475115,
        0.014659417793154716,
        0.09868903458118439,
        -0.08100268989801407,
        -0.066248819231987,
        0.08544409275054932,
        -0.012814884074032307
      ],
      [
        -0.02712094970047474,
        0.012195467017591,
        0.023641545325517654,
        0.009056656621396542,
        0.011074732057750225,
        0.022092211991548538,
        0.03437592834234238,
        0.025717133656144142,
        0.044165048748254776,
        -0.019258728250861168,
        -0.016923870891332626,
        0.010095691308379173,
        -0.007052731700241566,
        -0.07030737400054932,
        -0.018051063641905785
      ],
      [
        -0.05091635510325432,
        -0.030666127800941467,
        0.03174262121319771,
        -0.04647345095872879,
        -0.035850889980793,
        -0.011344458907842636,
        0.05158436298370361,
        0.04015683755278587,
        0.07855245471000671,
        -0.019739367067813873,
        -0.039890747517347336,
        0.01110948994755745,
        -0.056680165231227875,
        -0.10323330760002136,
        -0.046848930418491364
      ],
      [
        -0.010998399928212166,
        -0.009516262449324131,
        -0.018773501738905907,
        0.007950943894684315,
        0.014843069016933441,
        -0.008680464699864388,
        0.0017120926640927792,
        0.015617636032402515,
        0.007996002212166786,
        -0.011051082983613014,
        -0.005519728641957045,
        0.002504662610590458,
        -0.01809394732117653,
        -0.013931517489254475,
        -0.021657973527908325
      ],
      [
        0.04048809036612511,
        -0.022237420082092285,
        0.011903052218258381,
        0.07052561640739441,
        -0.015388528816401958,
        -0.027709946036338806,
        0.006704084575176239,
        -0.009287756867706776,
        -0.004832977429032326,
        0.01678694412112236,
        0.020604433491826057,
        0.009922098368406296,
        -0.0007634607027284801,
        0.012280741706490517,
        0.04632088914513588
      ],
      [
        0.07625637203454971,
        0.1896793097257614,
        0.25657919049263,
        0.06019130349159241,
        -0.02332042157649994,
        0.1144980788230896,
        0.099665567278862,
        -0.06548529863357544,
        0.03861502930521965,
        -0.03158092498779297,
        0.12829916179180145,
        0.028246471658349037,
        0.13970451056957245,
        -0.03457796573638916,
        0.23715625703334808
      ],
      [
        -0.005765177775174379,
        0.0018484641332179308,
        0.0030313697643578053,
        0.003806986613199115,
        0.015294050797820091,
        -0.013393914327025414,
        0.01680646277964115,
        0.008786172606050968,
        0.01379487756639719,
        -0.021450506523251534,
        0.017528047785162926,
        0.0060740686021745205,
        -0.018581418320536613,
        -0.013061316683888435,
        -7.09848536644131e-05
      ],
      [
        -0.020199887454509735,
        0.010518588125705719,
        0.0016257221577689052,
        -0.08041605353355408,
        0.003114611841738224,
        0.01660175248980522,
        0.004476920235902071,
        0.01742536388337612,
        -0.02450668439269066,
        -0.02155190333724022,
        0.029621506109833717,
        0.02743866667151451,
        0.008808906190097332,
        0.02601652964949608,
        0.017344756051898003
      ],
      [
        -0.0649702325463295,
        -0.09534789621829987,
        -0.0051222206093370914,
        -0.1362292319536209,
        -0.23343512415885925,
        -0.07721276581287384,
        -0.0760398730635643,
        0.024793485179543495,
        -0.005495773628354073,
        0.07204210758209229,
        -0.1528131067752838,
        -0.07968039810657501,
        -0.0038193545769900084,
        0.1568543016910553,
        -0.14627960324287415
      ],
      [
        -0.027501285076141357,
        -0.021225130185484886,
        0.018865523859858513,
        0.05855926498770714,
        -0.006361612118780613,
        0.010525854304432869,
        0.020290927961468697,
        0.07953276485204697,
        -0.0031121743377298117,
        -0.025295764207839966,
        -0.04775197058916092,
        0.009660918265581131,
        0.028653044253587723,
        -0.003971905447542667,
        -0.05855773389339447
      ],
      [
        0.008100420236587524,
        0.013103457167744637,
        0.011690382845699787,
        0.030727695673704147,
        -0.015678483992815018,
        -0.0013838399900123477,
        -0.007777879014611244,
        -0.005132240243256092,
        0.0018000381533056498,
        0.00708196684718132,
        -0.008195341564714909,
        -0.01653537154197693,
        0.015133144333958626,
        0.020141711458563805,
        -0.0037219207733869553
      ],
      [
        -0.017343375831842422,
        0.10130344331264496,
        -0.01975232921540737,
        0.04130849614739418,
        -0.08046900480985641,
        0.007647127378731966,
        0.04756992682814598,
        0.12376145273447037,
        0.0756436139345169,
        0.009208901785314083,
