{
  "leaspy_version": "1.5.0",
  "name": "linear",
  "features": [
    "ENCODING0",
    "ENCODING1",
    "ENCODING2",
    "ENCODING3",
    "ENCODING4",
    "ENCODING5",
    "ENCODING6",
    "ENCODING7",
    "ENCODING8",
    "ENCODING9",
    "ENCODING10",
    "ENCODING11",
    "ENCODING12",
    "ENCODING13",
    "ENCODING14",
    "ENCODING15"
  ],
  "dimension": 16,
  "fit_metrics": {
    "nll_regul_tau": 6968.12353515625,
    "nll_regul_xi": 852.4910278320312,
    "nll_regul_sources": 24936.380859375,
    "nll_regul_tot": 32756.99609375,
    "nll_attach": -111463.328125,
    "nll_tot": -78706.328125
  },
  "noise_model": {
    "name": "gaussian-diagonal",
    "scale": [
      0.2006314992904663,
      0.3093738853931427,
      0.06851109117269516,
      0.05381859093904495,
      0.08103815466165543,
      0.03416259214282036,
      0.07065655291080475,
      0.15690644085407257,
      0.029279012233018875,
      0.08227694779634476,
      0.26197758316993713,
      0.015360483899712563,
      0.051615096628665924,
      0.33958911895751953,
      0.0415271557867527,
      0.3385131061077118
    ]
  },
  "parameters": {
    "g": [
      -0.2958526909351349,
      5.617390002043976e-07,
      -0.05225609242916107,
      0.13633134961128235,
      0.0036369410809129477,
      -0.016436513513326645,
      2.130517259502085e-06,
      -0.3332962989807129,
      -0.03402170166373253,
      -0.09556281566619873,
      0.0013478158507496119,
      -0.000885089801158756,
      0.014859236776828766,
      -0.22621197998523712,
      -3.856330366147631e-08,
      0.0011201812885701656
    ],
    "v0": [
      -9.576162338256836,
      -11.928547859191895,
      -10.716437339782715,
      -13.11761474609375,
      -12.346376419067383,
      -12.156228065490723,
      -11.350486755371094,
      -9.83779525756836,
      -10.520360946655273,
      -11.479020118713379,
      -11.637621879577637,
      -10.228851318359375,
      -11.656229019165039,
      -10.912786483764648,
      -10.11558723449707,
      -10.715128898620605
    ],
    "betas": [
      [
        -0.005488184746354818,
        0.006171617656946182,
        -0.017115257680416107,
        0.004971898160874844,
        0.011695335619151592,
        0.0035712537355720997,
        -0.003491138108074665,
        -0.006491419393569231,
        0.002501275623217225,
        -0.006112261209636927,
        0.015477266162633896,
        -0.001393780461512506,
        0.0032159711699932814,
        0.004761829506605864,
        0.010461045429110527
      ],
      [
        0.021642601117491722,
        0.05977381020784378,
        -0.010273486375808716,
        -0.10323690623044968,
        -0.10059405118227005,
        -0.09729834645986557,
        -0.014774913899600506,
        -0.05139091983437538,
        0.00012430764036253095,
        0.03551967814564705,
        -0.021957360208034515,
        -0.045621421188116074,
        0.02519216760993004,
        0.11014335602521896,
        -0.026548780500888824
      ],
      [
        0.024013319984078407,
        0.012168815359473228,
        -0.0036891107447445393,
        0.04927509278059006,
        0.03217585012316704,
        0.005858142394572496,
        0.014569004997611046,
        0.04033922031521797,
        0.05056720972061157,
        -0.0191293116658926,
        0.021390685811638832,
        0.0088385920971632,
        -0.006070074159651995,
        -0.04957778379321098,
        0.03635159879922867
      ],
      [
        0.01626453921198845,
        -0.020984236150979996,
        -0.013728766702115536,
        0.020010728389024734,
        -0.029741141945123672,
        -0.06515029817819595,
        0.03193725645542145,
        0.010161986574530602,
        0.13718612492084503,
        -0.10632863640785217,
        -0.012521361000835896,
        0.014433961361646652,
        -0.03318549320101738,
        4.341167732491158e-05,
        0.06543850153684616
      ],
      [
        0.007832898758351803,
        0.00738933589309454,
        -0.005418759770691395,
        0.014750276692211628,
        0.0089268172159791,
        0.015897192060947418,
        0.020679211243987083,
        0.0016506318934261799,
        0.008064198307693005,
        -0.00040382519364356995,
        -0.0023132339119911194,
        0.0005185464397072792,
        0.0009694165783002973,
        0.01095335092395544,
        0.04740016162395477
      ],
      [
        0.037084583193063736,
        0.015343962237238884,
        0.015943747013807297,
        -0.024853896349668503,
        -0.01985698752105236,
        0.001838016789406538,
        -0.0019231229089200497,
        0.00147066090721637,
        -0.03507927805185318,
        0.06300758570432663,
        0.030820438638329506,
        -0.024187469854950905,
        -0.010245089419186115,
        -0.036059677600860596,
        0.04336695745587349
      ],
      [
        0.04586654528975487,
        0.06955660879611969,
        0.08846849203109741,
        0.018690358847379684,
        0.05086701363325119,
        0.00016146330744959414,
        -0.04574834555387497,
        0.021611901000142097,
        -0.06601805239915848,
        0.020316993817687035,
        0.13304877281188965,
        -0.03853420168161392,
        -0.001165501307696104,
        -0.24741995334625244,
        -0.13252988457679749
      ],
      [
        0.027102604508399963,
        0.026263820007443428,
        -0.005532769951969385,
        0.016460487619042397,
        0.020052950829267502,
        0.001571406377479434,
        0.010429739020764828,
        0.009122361429035664,
        0.013176929205656052,
        -0.0006078171427361667,
        0.024014372378587723,
        -0.008347808383405209,
        -0.00025997008197009563,
        -0.014580869115889072,
        0.027154287323355675
      ],
      [
        -0.002464569639414549,
        0.026550693437457085,
        -0.024473633617162704,
        0.015006877481937408,
        0.04049798846244812,
        0.014408094808459282,
        -0.015261172316968441,
        -0.02511734701693058,
        0.005046402104198933,
        -0.03979538753628731,
        0.018517572432756424,
        1.7662801838014275e-05,
        0.017830930650234222,
        0.018737860023975372,
        -0.06101016700267792
      ],
      [
        -0.018346158787608147,
        -0.08783517777919769,
        -0.0696488618850708,
        -0.09055595099925995,
        -0.11533740162849426,
        -0.08577967435121536,
        -0.1314726620912552,
        -0.00015739959781058133,
        0.13798671960830688,
        -0.003327362472191453,
        -0.14956894516944885,
        0.03536655753850937,
        -0.017182866111397743,
        0.15891416370868683,
        -0.13380371034145355
      ],
      [
        0.15065409243106842,
        0.09929877519607544,
        -0.10050445050001144,
        0.09241461008787155,
        0.0917760580778122,
        0.032089170068502426,
        -0.03755931556224823,
        0.17766961455345154,
        0.11601092666387558,
        0.16088718175888062,
        0.005243456456810236,
        0.008125152438879013,
        0.03684065118432045,
        0.006875132210552692,
        0.10373333096504211
      ],
      [
        0.0035579262766987085,
        -0.003978122491389513,
        0.0035397117026150227,
        -0.000685993698425591,
        -0.0020821071229875088,
        0.005998027510941029,
        -0.00877248216420412,
        0.025966310873627663,
        -0.009822194464504719,
        0.03888993337750435,
        -0.012616191990673542,
        0.0018322337418794632,
        0.0005333225126378238,
        -0.006142968311905861,
        0.006541966926306486
      ],
      [
        0.006995742209255695,
        -0.0038418315816670656,
        -0.010260289534926414,
        -0.005363405682146549,
        0.028565648943185806,
        -0.09392757713794708,
        -0.032697368413209915,
        0.033780064433813095,
        -0.0757567435503006,
        -0.0017842429224401712,
