{
  "leaspy_version": "1.5.0",
  "name": "linear",
  "features": [
    "ENCODING0",
    "ENCODING1",
    "ENCODING2",
    "ENCODING3",
    "ENCODING4",
    "ENCODING5",
    "ENCODING6",
    "ENCODING7",
    "ENCODING8",
    "ENCODING9",
    "ENCODING10",
    "ENCODING11",
    "ENCODING12",
    "ENCODING13",
    "ENCODING14",
    "ENCODING15"
  ],
  "dimension": 16,
  "fit_metrics": {
    "nll_regul_tau": 5070.7197265625,
    "nll_regul_xi": 853.4862060546875,
    "nll_regul_sources": 24676.669921875,
    "nll_regul_tot": 30600.87109375,
    "nll_attach": -80962.7734375,
    "nll_tot": -50361.890625
  },
  "noise_model": {
    "name": "gaussian-diagonal",
    "scale": [
      0.4261206388473511,
      0.41921326518058777,
      0.28405627608299255,
      0.1418774127960205,
      0.17800740897655487,
      0.062052588909864426,
      0.06262045353651047,
      0.24565979838371277,
      0.049738138914108276,
      0.059736110270023346,
      0.027171330526471138,
      0.15634505450725555,
      0.08081907033920288,
      0.12759758532047272,
      0.05026211217045784,
      0.163567915558815
    ]
  },
  "parameters": {
    "g": [
      -0.10984557867050171,
      6.456484697991982e-05,
      -0.07485417276620865,
      -0.0054298145696520805,
      0.0033405483700335026,
      0.055375806987285614,
      0.00014833030581939965,
      -0.33403366804122925,
      -0.07962261140346527,
      -0.10081274062395096,
      0.04206031188368797,
      -0.001147571369074285,
      0.011776890605688095,
      -0.09910792857408524,
      -4.8561116273049265e-05,
      0.006012185476720333
    ],
    "v0": [
      -7.891080379486084,
      -10.200653076171875,
      -7.699982166290283,
      -9.773528099060059,
      -9.175909996032715,
      -9.305868148803711,
      -8.460143089294434,
      -8.058091163635254,
      -8.146150588989258,
      -9.587059020996094,
      -9.286689758300781,
      -7.727305889129639,
      -9.320099830627441,
      -8.568489074707031,
      -7.186193466186523,
      -8.766983985900879
    ],
    "betas": [
      [
        0.025179686024785042,
        0.0020726046059280634,
        -0.0204751156270504,
        -0.012955693528056145,
        0.005422357935458422,
        0.01626271940767765,
        -0.015442571602761745,
        0.00554090877994895,
        -0.00868309661746025,
        0.012358555570244789,
        0.007209148723632097,
        0.0006805614102631807,
        -0.002611646195873618,
        0.01704598031938076,
        0.02383567951619625
      ],
      [
        -0.058410514146089554,
        0.06948241591453552,
        -0.026889212429523468,
        -0.060563962906599045,
        0.008181814104318619,
        -0.02851468324661255,
        -0.06718098372220993,
        0.0337003655731678,
        0.03129711002111435,
        -0.01677781529724598,
        -0.0203793253749609,
        -0.03724680095911026,
        0.06851643323898315,
        0.0857686996459961,
        0.017132561653852463
      ],
      [
        0.08679986745119095,
        -0.012779828161001205,
        0.019524797797203064,
        0.034945715218782425,
        -0.035400304943323135,
        -0.002639536513015628,
        0.04835633933544159,
        -0.020672757178544998,
        0.012043819762766361,
        0.006562012247741222,
        0.011136597022414207,
        -0.024224920198321342,
        -0.01145013514906168,
        -0.01391612458974123,
        0.046989280730485916
      ],
      [
        0.03432869538664818,
        -0.046632733196020126,
        -0.0554928295314312,
        0.08491737395524979,
        0.011991158127784729,
        -0.04605589061975479,
        -0.005457769148051739,
        0.10567712783813477,
        0.061417438089847565,
        -0.016932033002376556,
        -0.05858822911977768,
        0.12117371708154678,
        0.06717488169670105,
        -0.0076131862588226795,
        0.06083570420742035
      ],
      [
        0.01339196041226387,
        0.008013112470507622,
        -0.00953451544046402,
        0.011569038033485413,
        0.030027735978364944,
        0.00296452222391963,
        0.0005633461405523121,
        0.013101043179631233,
        0.02053115889430046,
        -0.002223816467449069,
        -0.01357362698763609,
        0.003495799843221903,
        0.0075307572260499,
        0.0012891284422948956,
        0.02125106193125248
      ],
      [
        -0.0680171325802803,
        0.013833229430019855,
        -0.014545464888215065,
        -0.012001274153590202,
        0.01973624713718891,
        0.046261027455329895,
        0.011742713861167431,
        0.03397944197058678,
        0.047339677810668945,
        -0.002007266040891409,
        0.01326020434498787,
        -0.055407825857400894,
        0.00869530439376831,
        0.016363993287086487,
        -0.024544566869735718
      ],
      [
        0.031931307166814804,
        -0.04023691266775131,
        0.12091661244630814,
        -0.02003650926053524,
        -0.22928912937641144,
        0.019959628582000732,
        0.053493060171604156,
        -0.16303934156894684,
        -0.09873183816671371,
        0.02716870605945587,
        0.14632686972618103,
        -0.12860792875289917,
        -0.006904364097863436,
        -0.049634192138910294,
        -0.07268765568733215
      ],
      [
        0.023556271567940712,
        0.009771020151674747,
        -0.007160038221627474,
        0.010920193046331406,
        0.019609112292528152,
        0.024458566680550575,
        -0.0018527909414842725,
        -0.003657422959804535,
        -0.0020413934253156185,
        0.009419147856533527,
        0.012427577748894691,
        -0.0009746807627379894,
        0.02775833010673523,
        0.008412091061472893,
        0.018390411511063576
      ],
      [
        0.03446407988667488,
        0.021221181377768517,
        -0.0019872700795531273,
        -0.0012261233059689403,
        0.013139471411705017,
        0.01950804889202118,
        -0.026857906952500343,
        -0.01661028526723385,
        -0.09032213687896729,
        -0.0011313724098727107,
        -0.0003504573251120746,
        0.050622131675481796,
        0.03142246603965759,
        0.02891593798995018,
        -0.0014972564531490207
      ],
      [
        -0.06780225783586502,
        0.06796768307685852,
        -0.08396577835083008,
        0.016416307538747787,
        0.04277835413813591,
        -0.07417945563793182,
        -0.09052885323762894,
        0.15475353598594666,
        0.05628148093819618,
        -0.1015959233045578,
        -0.0682319924235344,
        0.21225765347480774,
        0.10498584806919098,
        0.004269739147275686,
        -0.2655303180217743
      ],
      [
        0.22355249524116516,
        0.14261366426944733,
        0.0052865296602249146,
        0.027747079730033875,
        0.09142304211854935,
        0.04363851621747017,
        0.043708544224500656,
        -0.07119601964950562,
        0.11039697378873825,
        -0.0020284298807382584,
        0.05447642505168915,
        -0.06864414364099503,
        -0.02342359349131584,
        -0.020486440509557724,
        -0.0928703099489212
      ],
      [
        -0.017873674631118774,
        0.004316822160035372,
        0.0042116292752325535,
        -0.011899911798536777,
        0.001747763599269092,
        -0.0049772304482758045,
        -0.0048987725749611855,
        -0.014171784743666649,
        0.03063194453716278,
        0.0037459847517311573,
        0.014618657529354095,
        -0.02073567360639572,
        -0.004492102190852165,
        -0.019151080399751663,
        -0.03529182821512222
      ],
      [
        0.06035004183650017,
        -0.21481169760227203,
        -0.045654844492673874,
        0.05947043001651764,
        -0.03558289632201195,
        0.07091964781284332,
        -0.05945415794849396,
        0.037140484899282455,
        0.021664096042513847,
        0.1831667721271515,
        0.20676639676094055,
