{
  "leaspy_version": "1.5.0",
  "name": "linear",
  "features": [
    "ENCODING0",
    "ENCODING1",
    "ENCODING2",
    "ENCODING3",
    "ENCODING4",
    "ENCODING5",
    "ENCODING6",
    "ENCODING7",
    "ENCODING8",
    "ENCODING9",
    "ENCODING10",
    "ENCODING11",
    "ENCODING12",
    "ENCODING13",
    "ENCODING14",
    "ENCODING15"
  ],
  "dimension": 16,
  "fit_metrics": {
    "nll_regul_tau": 9864.7626953125,
    "nll_regul_xi": 903.5321655273438,
    "nll_regul_sources": 26248.375,
    "nll_regul_tot": 37016.66796875,
    "nll_attach": -143550.75,
    "nll_tot": -106534.078125
  },
  "noise_model": {
    "name": "gaussian-diagonal",
    "scale": [
      0.14326472580432892,
      0.28626230359077454,
      0.0950806736946106,
      0.040829990059137344,
      0.06843079626560211,
      0.02905438095331192,
      0.03444879874587059,
      0.028133679181337357,
      0.023826980963349342,
      0.040900882333517075,
      0.18671450018882751,
      0.10959257930517197,
      0.03722075745463371,
      0.16538265347480774,
      0.04135947301983833,
      0.11001359671354294
    ]
  },
  "parameters": {
    "g": [
      -0.17401836812496185,
      -0.009928292594850063,
      -0.05206621438264847,
      0.06325065344572067,
      0.004847934003919363,
      0.00019430492829997092,
      -0.0435384064912796,
      -0.3042064905166626,
      -0.08077506721019745,
      -0.10163296014070511,
      0.00012385121954139322,
      -0.0004299278953112662,
      0.011292047798633575,
      -4.0568288568465505e-06,
      -1.047887610017284e-10,
      0.0012614185689017177
    ],
    "v0": [
      -13.726858139038086,
      -16.03679847717285,
      -15.363885879516602,
      -17.568523406982422,
      -17.3892879486084,
      -15.949559211730957,
      -14.97376537322998,
      -14.264842987060547,
      -14.510357856750488,
      -15.498517990112305,
      -15.122528076171875,
      -14.074338912963867,
      -15.46708869934082,
      -14.337871551513672,
      -14.456835746765137,
      -14.971722602844238
    ],
    "betas": [
      [
        -0.005298634059727192,
        -0.0016522437799721956,
        -0.007407512981444597,
        0.0024396530352532864,
        0.012820481322705746,
        -0.001989440293982625,
        -0.006860490422695875,
        -0.004002575762569904,
        0.007656060624867678,
        -0.0060391779989004135,
        -3.150567499687895e-05,
        -0.000936285185161978,
        0.0082953916862607,
        -0.0021998968441039324,
        -0.005269314162433147
      ],
      [
        -0.012773720547556877,
        -0.012635105289518833,
        -0.008160313591361046,
        -0.03765544295310974,
        -0.021099183708429337,
        -0.059756722301244736,
        0.033815354108810425,
        -0.05284365266561508,
        -0.042820561677217484,
        0.023865656927227974,
        -0.03251186013221741,
        -0.04699515923857689,
        -0.03892756998538971,
        0.14750859141349792,
        0.010538442060351372
      ],
      [
        0.007133668288588524,
        0.036208752542734146,
        0.03470510616898537,
        0.020538339391350746,
        0.005233163479715586,
        0.04876159504055977,
        0.046540603041648865,
        -0.009076219983398914,
        0.05052860453724861,
        -0.02902645617723465,
        -0.01295439712703228,
        -0.0008216066053137183,
        -0.014952008612453938,
        -0.07689476013183594,
        0.004171906039118767
      ],
      [
        0.01576721854507923,
        -0.03248356282711029,
        0.042893487960100174,
        0.019171342253684998,
        0.0022387588396668434,
        0.04206138849258423,
        0.04314602166414261,
        0.020112983882427216,
        0.10720327496528625,
        -0.014385141432285309,
        0.004799643065780401,
        -0.02951260656118393,
        -0.0814756229519844,
        -0.08208326250314713,
        -0.00604149978607893
      ],
      [
        -0.003963771741837263,
        -0.005224321037530899,
        -0.016982870176434517,
        0.007034258916974068,
        0.022632967680692673,
        0.0039642369374632835,
        0.01639154739677906,
        0.01639357954263687,
        0.001871156389825046,
        -0.006164214573800564,
        0.0029458091594278812,
        0.0019390096422284842,
        -0.017281845211982727,
        -0.009792222641408443,
        -0.008819176815450191
      ],
      [
        -0.007722191512584686,
        0.0033253123983740807,
        -0.008890588767826557,
        0.06993990391492844,
        0.015228929929435253,
        -0.011144575662910938,
        0.0267909187823534,
        -0.001417198684066534,
        -0.024142159149050713,
        0.012841146439313889,
        -0.0055618309415876865,
        0.02825370617210865,
        0.00733761303126812,
        0.04341128095984459,
        0.04060658812522888
      ],
      [
        0.11846356838941574,
        0.16924059391021729,
        0.15532433986663818,
        0.030470455065369606,
        -0.07416079938411713,
        0.037712663412094116,
        -0.004296583589166403,
        -0.1936732679605484,
        -0.028387628495693207,
        -0.042304594069719315,
        0.055701784789562225,
        0.026506993919610977,
        0.08207409828901291,
        -0.059096809476614,
        0.14760714769363403
      ],
      [
        0.0008291624253615737,
        0.016290903091430664,
        0.005099289119243622,
        0.005648254882544279,
        0.012906915508210659,
        0.0019147366983816028,
        0.029088348150253296,
        -0.01524278149008751,
        0.012384649366140366,
        -0.017466915771365166,
        -0.007895953953266144,
        -0.00696477061137557,
        -0.021696243435144424,
        -0.010052142664790154,
        -0.008830827660858631
      ],
      [
        0.009516896679997444,
        0.006188116502016783,
        -0.015059394761919975,
        -0.08345624804496765,
        -0.013890998438000679,
        0.01676533743739128,
        -0.013223291374742985,
        0.012806149199604988,
        -0.02008001133799553,
        -0.0008589595090597868,
        0.006450730841606855,
        -0.018907852470874786,
        0.0034957409370690584,
        -0.02004554681479931,
        -0.01979106292128563
      ],
      [
        -0.07830791175365448,
        -0.1869983822107315,
        0.008701682090759277,
        -0.09894311428070068,
        -0.15219621360301971,
        -0.021880915388464928,
        -0.062281545251607895,
        0.10449603945016861,
        0.07258962839841843,
        0.13097330927848816,
        -0.14248475432395935,
        -0.06999076902866364,
        -0.031357813626527786,
        0.14418566226959229,
        -0.06072831526398659
      ],
      [
        -0.10784020274877548,
        0.08442991971969604,
        0.0019610419403761625,
        0.021692924201488495,
        -0.007067398633807898,
        0.08760640770196915,
        0.13173840939998627,
        0.033012811094522476,
        0.040286336094141006,
        -0.016368050128221512,
        -0.18976126611232758,
        0.014295512810349464,
        0.03823130205273628,
        -0.027999700978398323,
        -0.04798249900341034
      ],
      [
        -0.008548401296138763,
        0.0031353915110230446,
        0.009335813112556934,
        0.01879143714904785,
        -0.010281912051141262,
        -0.010427150875329971,
        -0.004070690833032131,
        -0.013101945631206036,
        -0.0020859623327851295,
        0.006032226607203484,
        -0.015635907649993896,
        0.005828239489346743,
        0.01184366550296545,
        0.022546250373125076,
        0.0047812750563025475
      ],
      [
        -0.05317191407084465,
        0.016274118795990944,
        0.06155743822455406,
        0.056460171937942505,
        -0.02114131860435009,
        -0.138924703001976,
        -0.13664455711841583,
        -0.12068380415439606,
        0.08782258629798889,
