{
  "leaspy_version": "1.5.0",
  "name": "linear",
  "features": [
    "ENCODING0",
    "ENCODING1",
    "ENCODING2",
    "ENCODING3",
    "ENCODING4",
    "ENCODING5",
    "ENCODING6",
    "ENCODING7",
    "ENCODING8",
    "ENCODING9",
    "ENCODING10",
    "ENCODING11",
    "ENCODING12",
    "ENCODING13",
    "ENCODING14",
    "ENCODING15"
  ],
  "dimension": 16,
  "fit_metrics": {
    "nll_regul_tau": 7295.82421875,
    "nll_regul_xi": 826.3607177734375,
    "nll_regul_sources": 25768.63671875,
    "nll_regul_tot": 33890.82421875,
    "nll_attach": -130269.5390625,
    "nll_tot": -96378.7109375
  },
  "noise_model": {
    "name": "gaussian-diagonal",
    "scale": [
      0.10932061821222305,
      0.299045592546463,
      0.04282504320144653,
      0.059142667800188065,
      0.0849146693944931,
      0.03336252272129059,
      0.03851836547255516,
      0.2485734224319458,
      0.028247231617569923,
      0.04783102497458458,
      0.11193107068538666,
      0.055287208408117294,
      0.04180000349879265,
      0.2851521074771881,
      0.04303140565752983,
      0.11845961213111877
    ]
  },
  "parameters": {
    "g": [
      -0.20973199605941772,
      3.245919515393325e-07,
      -0.05218462646007538,
      0.12284912914037704,
      0.0034286126028746367,
      -0.0061889952048659325,
      8.639787552056077e-07,
      -0.29660558700561523,
      -0.032825764268636703,
      -0.12662118673324585,
      0.0006575353327207267,
      -0.0016438402235507965,
      0.028835296630859375,
      -0.1946049928665161,
      -1.4831543992954721e-08,
      0.0010779652511700988
    ],
    "v0": [
      -9.82475757598877,
      -12.333381652832031,
      -11.193703651428223,
      -13.26860523223877,
      -13.75882339477539,
      -12.361305236816406,
      -11.760157585144043,
      -10.10862922668457,
      -10.754903793334961,
      -11.53146743774414,
      -12.476574897766113,
      -10.226705551147461,
      -11.663589477539062,
      -10.8239164352417,
      -10.733418464660645,
      -11.074357032775879
    ],
    "betas": [
      [
        -0.0071481503546237946,
        0.0012748914305120707,
        -0.004865649156272411,
        0.014110319316387177,
        0.01668138988316059,
        -0.0005774956080131233,
        0.0020620746072381735,
        -0.009196234866976738,
        -0.005011571105569601,
        -0.0037129814736545086,
        0.0004731832887046039,
        -0.003866857383400202,
        0.0020531960763037205,
        -0.005937161855399609,
        0.0009947658982127905
      ],
      [
        -0.016329709440469742,
        0.16541767120361328,
        -0.0060979099944233894,
        -0.023395156487822533,
        -0.06406178325414658,
        -0.06574106216430664,
        -0.011453581973910332,
        -0.055109333246946335,
        0.09928753226995468,
        0.010105221532285213,
        0.033040646463632584,
        0.025426384061574936,
        0.062438495457172394,
        0.11312313377857208,
        0.05908971652388573
      ],
      [
        0.011264408938586712,
        -0.02724871039390564,
        0.0014923790004104376,
        0.033251527696847916,
        0.05153504014015198,
        0.01556225772947073,
        0.054853491485118866,
        0.029879072681069374,
        0.0032123601995408535,
        -0.0037064277566969395,
        -0.04850124940276146,
        0.020396362990140915,
        -0.00792751181870699,
        -0.0424833707511425,
        0.004712688270956278
      ],
      [
        0.02573610283434391,
        -0.05921480432152748,
        -0.04543672129511833,
        0.04519134387373924,
        0.014190632849931717,
        -0.034462686628103256,
        0.04265621677041054,
        0.061209987848997116,
        0.03686245158314705,
        -0.032719265669584274,
        -0.06906966865062714,
        0.008426068350672722,
        -0.041103679686784744,
        -0.027424167841672897,
        0.11155150085687637
      ],
      [
        -0.007730416022241116,
        -0.008504808880388737,
        0.0002472859341651201,
        -0.009863742627203465,
        0.011354620568454266,
        0.007449084892868996,
        0.008151746354997158,
        -0.009445978328585625,
        -0.02554946392774582,
        -0.0006284649716690183,
        -0.016103198751807213,
        -0.018815482035279274,
        -0.012635807506740093,
        -0.0008683257037773728,
        0.03637933358550072
      ],
      [
        0.0365937314927578,
        0.016370898112654686,
        0.00122670060954988,
        -0.045827608555555344,
        0.024704445153474808,
        0.03212963417172432,
        0.011624619364738464,
        -0.004406588152050972,
        -0.0016168910078704357,
        0.051097169518470764,
        0.08355911821126938,
        0.006230983417481184,
        0.006425071507692337,
        0.0033438268583267927,
        0.03680511564016342
      ],
      [
        0.06500006467103958,
        0.03964114189147949,
        0.11143944412469864,
        0.0708591639995575,
        0.017564551904797554,
        -0.005089091137051582,
        0.12602731585502625,
        0.08137071132659912,
        0.04963557794690132,
        0.00872594304382801,
        0.1379517912864685,
        0.04005323350429535,
        0.06969582289457321,
        -0.12024981528520584,
        -0.12995079159736633
      ],
      [
        0.0026744729839265347,
        0.009101609699428082,
        0.007991367019712925,
        0.015721671283245087,
        0.024738678708672523,
        0.0009980442700907588,
        0.03628891706466675,
        0.0035389878321439028,
        -0.01018822006881237,
        -0.004523055627942085,
        0.004203162156045437,
        -0.0025193991605192423,
        0.0013097997289150953,
        -0.014591671526432037,
        0.02868972346186638
      ],
      [
        0.0014364442322403193,
        0.007140087429434061,
        0.0009524510242044926,
        0.08357713371515274,
        -0.0058535318821668625,
        0.0018125844653695822,
        -0.012792854569852352,
        -0.00800818670541048,
        -0.005243438296020031,
        -0.042390476912260056,
        -0.0031940334010869265,
        -0.024824315682053566,
        0.008821815252304077,
        0.010460589081048965,
        -0.03130054846405983
      ],
      [
        0.004634200129657984,
        -0.006008778233081102,
        -0.16391371190547943,
        -0.006025696638971567,
        -0.14957205951213837,
        -0.07299380749464035,
        -0.23781482875347137,
        0.005980093963444233,
        0.2201344072818756,
        -0.015829751268029213,
        -0.09394669532775879,
        0.11023351550102234,
        -0.023951102048158646,
        0.16762152314186096,
        -0.022367233410477638
      ],
      [
        -0.0014538813848048449,
        0.05491023138165474,
        -0.043311163783073425,
        0.04408818855881691,
        0.20651322603225708,
        0.11196917295455933,
        0.07019734382629395,
        -0.0218755304813385,
        0.05312112346291542,
        0.07256869226694107,
        -0.16879570484161377,
        0.14114272594451904,
        0.01682007871568203,
        0.01705028861761093,
        -0.03715843707323074
      ],
      [
        -0.007659326307475567,
        0.004124699626117945,
        -0.0013998864451423287,
        -0.03599056228995323,
        0.0007709556957706809,
        0.0016197268851101398,
        -0.0051946137100458145,
        -0.002982416655868292,
        0.0030099167488515377,
        0.020189644768834114,
        -0.0015157964080572128,
        0.01707584038376808,
        -0.00023814538144506514,
        0.0011401604861021042,
        -0.006462753750383854
      ],
      [
        -0.028318224474787712,
        0.023448113352060318,
        -0.01843690127134323,
        0.012994186021387577,
        0.01590913161635399,
        -0.1486617475748062,
        0.061823464930057526,
        0.053155701607465744,
        -0.032216474413871765,
