{
  "leaspy_version": "1.5.0",
  "name": "linear",
  "features": [
    "ENCODING0",
    "ENCODING1",
    "ENCODING2",
    "ENCODING3",
    "ENCODING4",
    "ENCODING5",
    "ENCODING6",
    "ENCODING7",
    "ENCODING8",
    "ENCODING9",
    "ENCODING10",
    "ENCODING11",
    "ENCODING12",
    "ENCODING13",
    "ENCODING14",
    "ENCODING15"
  ],
  "dimension": 16,
  "fit_metrics": {
    "nll_regul_tau": 10956.5087890625,
    "nll_regul_xi": 794.91162109375,
    "nll_regul_sources": 25994.833984375,
    "nll_regul_tot": 37746.2578125,
    "nll_attach": -163175.65625,
    "nll_tot": -125429.40625
  },
  "noise_model": {
    "name": "gaussian-diagonal",
    "scale": [
      0.15664146840572357,
      0.2598789930343628,
      0.06594257801771164,
      0.02713785693049431,
      0.03824706748127937,
      0.02139350213110447,
      0.027432017028331757,
      0.10231997817754745,
      0.01812625117599964,
      0.028457622975111008,
      0.07513032853603363,
      0.08495686203241348,
      0.022110609337687492,
      0.13691261410713196,
      0.04265898838639259,
      0.14582128822803497
    ]
  },
  "parameters": {
    "g": [
      -0.10900293290615082,
      4.141749443409282e-12,
      -0.08001314103603363,
      0.11225131899118423,
      0.040887251496315,
      0.00011511415505083278,
      1.9661164363249384e-10,
      -0.17319631576538086,
      2.2685488147544675e-05,
      -0.10421866923570633,
      1.6833775589475408e-05,
      -0.00014968017057981342,
      0.01991722732782364,
      -0.10298840701580048,
      -1.0937419869330744e-15,
      0.00018310853920411319
    ],
    "v0": [
      -15.136384963989258,
      -17.326007843017578,
      -16.72539710998535,
      -18.496273040771484,
      -18.597843170166016,
      -16.763729095458984,
      -16.366046905517578,
      -17.292491912841797,
      -16.17995262145996,
      -17.965723037719727,
      -18.68276023864746,
      -14.818747520446777,
      -17.148468017578125,
      -18.532472610473633,
      -15.76213264465332,
      -17.428556442260742
    ],
    "betas": [
      [
        -0.0005108498153276742,
        0.006506047211587429,
        0.0015054357936605811,
        0.007172315381467342,
        -0.005515644792467356,
        -0.00855234544724226,
        0.006155082490295172,
        0.0010221591219305992,
        0.005917120724916458,
        -0.006882716901600361,
        -9.598885662853718e-05,
        -0.013945192098617554,
        0.0008000390371307731,
        0.00599677162244916,
        0.010278145782649517
      ],
      [
        0.1033921018242836,
        0.004844415467232466,
        -0.01766943745315075,
        -0.050403788685798645,
        0.07120554149150848,
        0.0031588443089276552,
        -0.03978782147169113,
        -0.0700514167547226,
        0.04560809209942818,
        0.02962448261678219,
        0.030380375683307648,
        -0.07870003581047058,
        0.030766556039452553,
        0.10816267132759094,
        -0.03341324254870415
      ],
      [
        -0.018078742548823357,
        -0.0016868977108970284,
        0.004182628821581602,
        0.019385019317269325,
        0.005097603425383568,
        0.04385564103722572,
        0.02954515628516674,
        0.0258775781840086,
        0.02007073163986206,
        -0.006031655706465244,
        -0.02747921645641327,
        0.02233271114528179,
        -0.014339571818709373,
        -0.06115781515836716,
        -0.001020299387164414
      ],
      [
        -0.005208124406635761,
        -0.019676409661769867,
        0.0062594725750386715,
        -0.006162084173411131,
        0.026475651189684868,
        0.03827066719532013,
        0.038512565195560455,
        0.029031384736299515,
        0.006794325076043606,
        -0.020696016028523445,
        -0.05509897321462631,
        -0.035043977200984955,
        -0.09606359153985977,
        -0.14352446794509888,
        -0.003667742246761918
      ],
      [
        -0.005824660882353783,
        -0.0018181756604462862,
        0.0018508632201701403,
        -0.0015373446512967348,
        0.0004591478791553527,
        -0.009500342421233654,
        -0.0010054641170427203,
        0.00299279298633337,
        -0.003805337706580758,
        -0.008418085053563118,
        -0.022890323773026466,
        -0.01647219806909561,
        -0.016705527901649475,
        -0.009608029387891293,
        -0.01155952550470829
      ],
      [
        0.02440744638442993,
        -0.01604493521153927,
        -0.02399764582514763,
        -0.01982203871011734,
        -0.0008727079839445651,
        0.0018913161475211382,
        -0.030040999874472618,
        -0.02628784067928791,
        -0.008286753669381142,
        0.0611782930791378,
        -0.04186736047267914,
        0.00924169272184372,
        -0.01214582659304142,
        0.04670589417219162,
        0.05024336278438568
      ],
      [
        0.0289667546749115,
        0.008948811329901218,
        0.022169452160596848,
        -0.0005306919338181615,
        -0.041862890124320984,
        0.1895493119955063,
        0.046762339770793915,
        -0.07340998947620392,
        -0.030126897618174553,
        0.087260901927948,
        0.18976466357707977,
        0.19889554381370544,
        0.046666864305734634,
        -0.08142279088497162,
        0.23394836485385895
      ],
      [
        0.010048585012555122,
        0.004757431801408529,
        0.02147381193935871,
        0.011580254882574081,
        -0.010629057884216309,
        0.011574666015803814,
        0.0307967197149992,
        0.0019214276690036058,
        -0.015144702047109604,
        -0.010076184757053852,
        -0.011187979951500893,
        -0.013474791310727596,
        -0.016956131905317307,
        -0.0040766531601548195,
        0.044519584625959396
      ],
      [
        0.002367645502090454,
        -0.00137113849632442,
        0.005368038546293974,
        0.020365823060274124,
        0.000333796429913491,
        -0.012272215448319912,
        0.03964591771364212,
        0.049773044884204865,
        0.00044395559234544635,
        -0.030645722523331642,
        0.061266154050827026,
        -0.0007003726786933839,
        0.014797109179198742,
        -0.01537712849676609,
        0.008024254813790321
      ],
      [
        0.014546941965818405,
        -0.03638516366481781,
        -0.11795103549957275,
        -0.03331432864069939,
        0.1428661197423935,
        -0.02281155064702034,
        -0.09705962985754013,
        0.0439530648291111,
        0.1665702909231186,
        0.029500475153326988,
        -0.06687643378973007,
        -0.03379477560520172,
        0.06027038395404816,
        0.04558733105659485,
        -0.2657635807991028
      ],
      [
        0.011501620523631573,
        0.03523852303624153,
        0.038486458361148834,
        0.12296683341264725,
        0.00836612842977047,
        0.08214744925498962,
        0.10820136219263077,
        0.08818818628787994,
        0.09660210460424423,
        -0.010594544000923634,
        -0.2126617729663849,
        -0.01073374878615141,
        0.0491059347987175,
        0.11546684056520462,
        0.02846311405301094
      ],
      [
        -0.003081796457991004,
        0.006630429066717625,
        0.005922349169850349,
        -0.002331787720322609,
        -0.006514105945825577,
        0.005821051076054573,
        -0.010738236829638481,
        -0.02217099815607071,
        -0.0044815801084041595,
        0.00753745436668396,
        -0.020383523777127266,
        0.001710678217932582,
        0.0013334342511370778,
        0.015221018344163895,
        0.003509234171360731
      ],
      [
        -0.021642757579684258,
        0.046332359313964844,
        0.0691671222448349,
        0.03829086571931839,
        -0.10097869485616684,
        0.01106985006481409,
        0.011742902919650078,
        -0.062432121485471725,
        -0.07568660378456116,
        -0.014972992241382599,
