{
  "leaspy_version": "1.5.0",
  "name": "linear",
  "features": [
    "ENCODING0",
    "ENCODING1",
    "ENCODING2",
    "ENCODING3"
  ],
  "dimension": 4,
  "fit_metrics": {
    "nll_regul_tau": 1533.9664306640625,
    "nll_regul_xi": -465.95281982421875,
    "nll_regul_sources": 4217.484375,
    "nll_regul_tot": 5285.498046875,
    "nll_attach": -56132.46484375,
    "nll_tot": -50846.96484375
  },
  "noise_model": {
    "name": "gaussian-diagonal",
    "scale": [
      0.010434044525027275,
      0.20270724594593048,
      0.030205190181732178,
      0.01766187883913517
    ]
  },
  "parameters": {
    "g": [
      0.1904972493648529,
      -0.23933030664920807,
      0.3117757737636566,
      -0.1216239407658577
    ],
    "v0": [
      -5.904421806335449,
      -3.8600072860717773,
      -2.1449999809265137,
      -6.354173183441162
    ],
    "betas": [
      [
        0.15347303450107574,
        -0.1039273738861084,
        0.060249317437410355
      ],
      [
        0.03602420166134834,
        0.3337843120098114,
        -0.19284392893314362
      ],
      [
        -0.18613016605377197,
        0.14799362421035767,
        0.19297420978546143
      ]
    ],
    "tau_mean": 1.5330841541290283,
    "tau_std": 2.165043592453003,
    "xi_mean": 0.0,
    "xi_std": 0.12435807287693024,
    "sources_mean": 0.0,
    "sources_std": 1.0,
    "mixing_matrix": [
      [
        -0.059893298894166946,
        -0.3121486008167267,
        0.17623667418956757
      ],
      [
        0.14310644567012787,
        -0.15795546770095825,
        0.09075316041707993
      ],
      [
        -0.02158006839454174,
        0.03356556221842766,
        -0.02334275282919407
      ],
      [
        -0.1869860738515854,
        0.14353278279304504,
        0.19549277424812317
      ]
    ]
  },
  "source_dimension": 3
}