{
  "leaspy_version": "1.5.0",
  "name": "linear",
  "features": [
    "ENCODING0",
    "ENCODING1",
    "ENCODING2",
    "ENCODING3"
  ],
  "dimension": 4,
  "fit_metrics": {
    "nll_regul_tau": 3964.740478515625,
    "nll_regul_xi": -17.354333877563477,
    "nll_regul_sources": 4183.93505859375,
    "nll_regul_tot": 8131.32080078125,
    "nll_attach": -43941.37890625,
    "nll_tot": -35810.0625
  },
  "noise_model": {
    "name": "gaussian-diagonal",
    "scale": [
      0.0168340802192688,
      0.013447943143546581,
      0.2364766001701355,
      0.2636031210422516
    ]
  },
  "parameters": {
    "g": [
      -0.06102488189935684,
      -0.05935411527752876,
      -2.252545806130657e-12,
      0.07820796966552734
    ],
    "v0": [
      -4.441426753997803,
      -5.612931251525879,
      -7.390365123748779,
      -4.507694721221924
    ],
    "betas": [
      [
        0.183345228433609,
        0.2853654623031616,
        -0.27517902851104736
      ],
      [
        -0.02552998811006546,
        -0.041069790720939636,
        -0.017789555713534355
      ],
      [
        0.1855839192867279,
        0.024863971397280693,
        0.06419241428375244
      ]
    ],
    "tau_mean": 2.863187313079834,
    "tau_std": 34.363224029541016,
    "xi_mean": 0.0,
    "xi_std": 0.2367761731147766,
    "sources_mean": 0.0,
    "sources_std": 1.0,
    "mixing_matrix": [
      [
        -0.16308102011680603,
        -0.07796100527048111,
        0.01859757862985134
      ],
      [
        0.16233310103416443,
        0.2753205895423889,
        -0.2727828323841095
      ],
      [
        -0.029082538560032845,
        -0.04276809096336365,
        -0.017384426668286324
      ],
      [
        0.12212859094142914,
        -0.005470895674079657,
        0.07142879068851471
      ]
    ]
  },
  "source_dimension": 3
}