{
  "leaspy_version": "1.5.0",
  "name": "linear",
  "features": [
    "ENCODING0",
    "ENCODING1",
    "ENCODING2",
    "ENCODING3"
  ],
  "dimension": 4,
  "fit_metrics": {
    "nll_regul_tau": 1546.242919921875,
    "nll_regul_xi": -483.47802734375,
    "nll_regul_sources": 4364.30322265625,
    "nll_regul_tot": 5427.06787109375,
    "nll_attach": -67017.609375,
    "nll_tot": -61590.55078125
  },
  "noise_model": {
    "name": "gaussian-diagonal",
    "scale": [
      0.013359799049794674,
      0.031052950769662857,
      0.028124690055847168,
      0.020419958978891373
    ]
  },
  "parameters": {
    "g": [
      0.17917028069496155,
      -0.25048181414604187,
      0.2102685570716858,
      -0.084348164498806
    ],
    "v0": [
      -5.903097629547119,
      -3.8243556022644043,
      -2.1652963161468506,
      -6.3986616134643555
    ],
    "betas": [
      [
        -0.06294722110033035,
        -0.23029446601867676,
        -0.09032537788152695
      ],
      [
        0.06146186590194702,
        0.0722997710108757,
        0.3501713275909424
      ],
      [
        0.2983853816986084,
        0.12252882122993469,
        0.022343475371599197
      ]
    ],
    "tau_mean": 0.6630806922912598,
    "tau_std": 2.2033469676971436,
    "xi_mean": 0.0,
    "xi_std": 0.12128335982561111,
    "sources_mean": 0.0,
    "sources_std": 1.0,
    "mixing_matrix": [
      [
        -0.052840884774923325,
        -0.029703212901949883,
        -0.32730504870414734
      ],
      [
        -0.07259716838598251,
        -0.23571895062923431,
        -0.15009871125221252
      ],
      [
        0.010757530108094215,
        0.0437975712120533,
        0.03610045090317726
      ],
      [
        0.297650009393692,
        0.12211544811725616,
        0.017788350582122803
      ]
    ]
  },
  "source_dimension": 3
}