{
  "leaspy_version": "1.5.0",
  "name": "linear",
  "features": [
    "ENCODING0",
    "ENCODING1",
    "ENCODING2",
    "ENCODING3"
  ],
  "dimension": 4,
  "fit_metrics": {
    "nll_regul_tau": 2086.992919921875,
    "nll_regul_xi": -335.4573059082031,
    "nll_regul_sources": 3917.32177734375,
    "nll_regul_tot": 5668.85693359375,
    "nll_attach": -51339.34375,
    "nll_tot": -45670.48046875
  },
  "noise_model": {
    "name": "gaussian-diagonal",
    "scale": [
      0.016341283917427063,
      0.020473690703511238,
      0.25856828689575195,
      0.025871392339468002
    ]
  },
  "parameters": {
    "g": [
      -0.5968161225318909,
      -0.19287489354610443,
      -0.22287574410438538,
      0.13680076599121094
    ],
    "v0": [
      -2.7958457469940186,
      -10.233200073242188,
      -6.877695083618164,
      -9.641579627990723
    ],
    "betas": [
      [
        -0.21039193868637085,
        -0.3267718553543091,
        0.07443404942750931
      ],
      [
        -5.4471147450385615e-06,
        0.0534762404859066,
        -0.07750174403190613
      ],
      [
        -0.13747435808181763,
        -0.1445137858390808,
        -0.25948747992515564
      ]
    ],
    "tau_mean": -6.92838191986084,
    "tau_std": 4.770636081695557,
    "xi_mean": 0.0,
    "xi_std": 0.14984285831451416,
    "sources_mean": 0.0,
    "sources_std": 1.0,
    "mixing_matrix": [
      [
        0.00027021131245419383,
        -0.0005562203587032855,
        0.0015399775002151728
      ],
      [
        -0.2103918492794037,
        -0.326772004365921,
        0.07443450391292572
      ],
      [
        -3.167204113196931e-06,
        0.05347154662013054,
        -0.07748875021934509
      ],
      [
        -0.13747422397136688,
        -0.1445140838623047,
        -0.2594866454601288
      ]
    ]
  },
  "source_dimension": 3
}