{"VAE_threshold_95": 45.96144313812254, "VAE_threshold_99": 100.33240440368652, "VAE_median": 12.602724552154541, "VAE_min": 4.079298496246338, "VAE_max": 268.3501281738281, "VAE_mean": 17.746437188625336, "LVAE_threshold_95": 144.60917739868162, "LVAE_threshold_99": 198.1121272277832, "LVAE_median": 44.11218452453613, "LVAE_min": 7.141556262969971, "LVAE_max": 371.065673828125, "LVAE_mean": 56.747109801769255}