{"VAE_threshold_95": 0.12483687847852701, "VAE_threshold_99": 0.3397849923372266, "VAE_median": 9.999999974752427e-07, "VAE_min": 0.0, "VAE_max": 1.1571520566940308, "VAE_mean": 0.020317142085847083, "LVAE_threshold_95": 0.3450980484485626, "LVAE_threshold_99": 0.9247549176216125, "LVAE_median": 9.999999974752427e-07, "LVAE_min": 0.0, "LVAE_max": 1.346788763999939, "LVAE_mean": 0.049992529713138494}