{"VAE_threshold_95": 57.89523944854735, "VAE_threshold_99": 114.54861045837401, "VAE_median": 13.295007228851318, "VAE_min": 4.808427810668945, "VAE_max": 326.7892150878906, "VAE_mean": 19.38109529876709, "LVAE_threshold_95": 138.8517318725586, "LVAE_threshold_99": 236.27476333618165, "LVAE_median": 37.563323974609375, "LVAE_min": 8.525805473327637, "LVAE_max": 306.84222412109375, "LVAE_mean": 53.13572662591934}