{"VAE_threshold_95": 51.59790420532226, "VAE_threshold_99": 208.22716323852447, "VAE_median": 9.245286464691162, "VAE_min": 3.2312636375427246, "VAE_max": 393.13232421875, "VAE_mean": 18.33807149362564, "LVAE_threshold_95": 85.21908111572262, "LVAE_threshold_99": 254.28157562255825, "LVAE_median": 24.686595916748047, "LVAE_min": 5.1836395263671875, "LVAE_max": 382.162353515625, "LVAE_mean": 35.41291015625}