{"VAE_threshold_95": 0.13744074404239653, "VAE_threshold_99": 0.3265730160474777, "VAE_median": 9.999999974752427e-07, "VAE_min": 0.0, "VAE_max": 1.2138152122497559, "VAE_mean": 0.021509944753408543, "LVAE_threshold_95": 0.39447134733200073, "LVAE_threshold_99": 0.9509803652763367, "LVAE_median": 9.999999974752427e-07, "LVAE_min": 0.0, "LVAE_max": 1.3041479587554932, "LVAE_mean": 0.05594727436360981}