{"VAE_threshold_95": 77.78031501770015, "VAE_threshold_99": 204.24219085693346, "VAE_median": 14.61511754989624, "VAE_min": 5.224547386169434, "VAE_max": 306.1430358886719, "VAE_mean": 24.095788491964342, "LVAE_threshold_95": 146.73592147827148, "LVAE_threshold_99": 248.35385009765625, "LVAE_median": 43.040061950683594, "LVAE_min": 6.617345333099365, "LVAE_max": 359.4061279296875, "LVAE_mean": 59.16535395908356}