{"VAE_threshold_95": 54.65261058807372, "VAE_threshold_99": 112.7209529876709, "VAE_median": 14.17961835861206, "VAE_min": 4.718801021575928, "VAE_max": 284.5546875, "VAE_mean": 19.791476083040237, "LVAE_threshold_95": 214.95744171142573, "LVAE_threshold_99": 267.03361755371094, "LVAE_median": 97.50255966186523, "LVAE_min": 7.038418292999268, "LVAE_max": 427.64837646484375, "LVAE_mean": 106.69350677013398}