{"VAE_threshold_95": 0.10768753886222837, "VAE_threshold_99": 0.29208229988813356, "VAE_median": 9.999999974752427e-07, "VAE_min": 0.0, "VAE_max": 1.1236733198165894, "VAE_mean": 0.01775973712629932, "LVAE_threshold_95": 0.29703069925308223, "LVAE_threshold_99": 0.9318469762802124, "LVAE_median": 9.999999974752427e-07, "LVAE_min": 5.364418029785156e-07, "LVAE_max": 1.203479290008545, "LVAE_mean": 0.045976057088377736}