{"VAE_threshold_95": 53.23889541625976, "VAE_threshold_99": 196.29558914184565, "VAE_median": 11.613482475280762, "VAE_min": 3.9432215690612793, "VAE_max": 313.1746826171875, "VAE_mean": 19.981387109279634, "LVAE_threshold_95": 216.01378631591794, "LVAE_threshold_99": 348.78181732177734, "LVAE_median": 98.3769760131836, "LVAE_min": 6.559467315673828, "LVAE_max": 459.4673767089844, "LVAE_mean": 106.97744613575935}