{"VAE_threshold_95": 0.12009371221065518, "VAE_threshold_99": 0.3167658880352971, "VAE_median": 9.999999974752427e-07, "VAE_min": 0.0, "VAE_max": 1.605685830116272, "VAE_mean": 0.019523642839621425, "LVAE_threshold_95": 0.2411085516214368, "LVAE_threshold_99": 0.6138492882251738, "LVAE_median": 9.999999974752427e-07, "LVAE_min": 5.960464477539063e-08, "LVAE_max": 1.623017430305481, "LVAE_mean": 0.03677873280262802}