{"VAE_threshold_95": 29.64221134185783, "VAE_threshold_99": 56.933578567505016, "VAE_median": 10.015212059020996, "VAE_min": 3.2377264499664307, "VAE_max": 137.758056640625, "VAE_mean": 12.878578390666418, "LVAE_threshold_95": 211.78379974365234, "LVAE_threshold_99": 286.12421600341816, "LVAE_median": 77.84353637695312, "LVAE_min": 6.221142292022705, "LVAE_max": 488.94049072265625, "LVAE_mean": 91.87045262030193}