{"VAE_threshold_95": 0.10806334391236283, "VAE_threshold_99": 0.26448673814534973, "VAE_median": 9.999999974752427e-07, "VAE_min": 0.0, "VAE_max": 1.1651023626327515, "VAE_mean": 0.017266430802460632, "LVAE_threshold_95": 0.31134563833475104, "LVAE_threshold_99": 0.8134178584814058, "LVAE_median": 9.999999974752427e-07, "LVAE_min": 0.0, "LVAE_max": 1.3844585418701172, "LVAE_mean": 0.04586397581807636}