{"VAE_threshold_95": 51.59790420532226, "VAE_threshold_99": 208.22716323852447, "VAE_median": 9.245286464691162, "VAE_min": 3.2312636375427246, "VAE_max": 393.13232421875, "VAE_mean": 18.33807149362564, "LVAE_threshold_95": 91.39898529052732, "LVAE_threshold_99": 206.11679367065344, "LVAE_median": 25.0443115234375, "LVAE_min": 4.462945461273193, "LVAE_max": 380.4115905761719, "LVAE_mean": 35.97179796123505}