{"VAE_threshold_95": 0.11213881373405454, "VAE_threshold_99": 0.3279504317045209, "VAE_median": 9.999999974752427e-07, "VAE_min": 0.0, "VAE_max": 1.276886224746704, "VAE_mean": 0.018739938602308142, "LVAE_threshold_95": 0.34765418767929024, "LVAE_threshold_99": 0.9220420902967436, "LVAE_median": 9.999999974752427e-07, "LVAE_min": 1.0384246706962585e-07, "LVAE_max": 1.3906848430633545, "LVAE_mean": 0.04996458077993564}