{"VAE_threshold_95": 64.42818717956541, "VAE_threshold_99": 109.13398139953611, "VAE_median": 12.438908100128174, "VAE_min": 4.0009355545043945, "VAE_max": 383.9193115234375, "VAE_mean": 19.87857813191414, "LVAE_threshold_95": 218.12250061035155, "LVAE_threshold_99": 265.33546569824216, "LVAE_median": 104.25213241577148, "LVAE_min": 7.680500030517578, "LVAE_max": 339.5018005371094, "LVAE_mean": 110.73881266975403}