{"VAE_threshold_95": 0.11213881373405454, "VAE_threshold_99": 0.3279504317045209, "VAE_median": 9.999999974752427e-07, "VAE_min": 0.0, "VAE_max": 1.276886224746704, "VAE_mean": 0.018739938602308125, "LVAE_threshold_95": 0.34847289621829897, "LVAE_threshold_99": 0.9284313917160034, "LVAE_median": 9.999999974752427e-07, "LVAE_min": 7.152557373046875e-07, "LVAE_max": 1.387756109237671, "LVAE_mean": 0.05017045541807081}