{"VAE_threshold_95": 52.27078666687011, "VAE_threshold_99": 227.72329330444236, "VAE_median": 10.369895935058594, "VAE_min": 3.7283897399902344, "VAE_max": 476.57684326171875, "VAE_mean": 20.099456243157388, "LVAE_threshold_95": 145.59987564086913, "LVAE_threshold_99": 254.33569915771483, "LVAE_median": 43.89704132080078, "LVAE_min": 6.5281195640563965, "LVAE_max": 362.2560729980469, "LVAE_mean": 59.2062066822052}