{"VAE_threshold_95": 0.10748785734176636, "VAE_threshold_99": 0.308703840970993, "VAE_median": 9.999999974752427e-07, "VAE_min": 0.0, "VAE_max": 1.1321520805358887, "VAE_mean": 0.017795699884667976, "LVAE_threshold_95": 0.1632028117775917, "LVAE_threshold_99": 0.4860730803012847, "LVAE_median": 9.999999974752427e-07, "LVAE_min": 5.960464477539063e-08, "LVAE_max": 1.1026973724365234, "LVAE_mean": 0.02660946450481836}