{"VAE_threshold_95": 0.1230562604963779, "VAE_threshold_99": 0.3247197437286373, "VAE_median": 9.999999974752427e-07, "VAE_min": 5.960464477539063e-08, "VAE_max": 1.1500729322433472, "VAE_mean": 0.01969452917010504, "LVAE_threshold_95": 0.3357145890593527, "LVAE_threshold_99": 0.9041666388511658, "LVAE_median": 9.999999974752427e-07, "LVAE_min": 5.960464477539063e-08, "LVAE_max": 1.2861071825027466, "LVAE_mean": 0.048796506827480816}