{"VAE_threshold_95": 52.27078666687011, "VAE_threshold_99": 227.72329330444236, "VAE_median": 10.369895935058594, "VAE_min": 3.7283897399902344, "VAE_max": 476.57684326171875, "VAE_mean": 20.099456243157388, "LVAE_threshold_95": 144.22477111816406, "LVAE_threshold_99": 248.46296798706052, "LVAE_median": 42.66292953491211, "LVAE_min": 7.10172700881958, "LVAE_max": 357.7683410644531, "LVAE_mean": 58.233453328609464}