{"VAE_threshold_95": 48.60640811920164, "VAE_threshold_99": 101.6997946166991, "VAE_median": 9.846185207366943, "VAE_min": 3.3549704551696777, "VAE_max": 307.9808654785156, "VAE_mean": 16.58637975347042, "LVAE_threshold_95": 202.16444396972656, "LVAE_threshold_99": 268.49096130371095, "LVAE_median": 93.68678665161133, "LVAE_min": 7.584485054016113, "LVAE_max": 421.0987854003906, "LVAE_mean": 101.10003303098678}