{"VAE_threshold_95": 54.65261058807372, "VAE_threshold_99": 112.7209529876709, "VAE_median": 14.17961835861206, "VAE_min": 4.718801021575928, "VAE_max": 284.5546875, "VAE_mean": 19.791476083040237, "LVAE_threshold_95": 215.93536834716798, "LVAE_threshold_99": 276.21156158447263, "LVAE_median": 104.86498260498047, "LVAE_min": 8.866559028625488, "LVAE_max": 405.9853210449219, "LVAE_mean": 112.16653733491897}