{"VAE_threshold_95": 0.13033360242843628, "VAE_threshold_99": 0.31577833086252177, "VAE_median": 9.999999974752427e-07, "VAE_min": 1.1920928955078125e-07, "VAE_max": 1.1763615608215332, "VAE_mean": 0.02071887099748375, "LVAE_threshold_95": 0.22139793336391428, "LVAE_threshold_99": 0.5816144990921019, "LVAE_median": 9.999999974752427e-07, "LVAE_min": 2.9336661100387573e-08, "LVAE_max": 1.4478157758712769, "LVAE_mean": 0.034296300250883247}