{"VAE_threshold_95": 39.435684585571245, "VAE_threshold_99": 76.1495811462404, "LVAE_threshold_95": 145.07789916992186, "LVAE_threshold_99": 199.18176559448258}