{"VAE_threshold_95": 60.370900535583424, "VAE_threshold_99": 108.67757232666013, "VAE_median": 14.907294750213623, "VAE_min": 6.121354103088379, "VAE_max": 219.1175537109375, "VAE_mean": 20.156551511764526, "LVAE_threshold_95": 245.49649200439453, "LVAE_threshold_99": 339.3586227416992, "LVAE_median": 119.03462982177734, "LVAE_min": 12.097963333129883, "LVAE_max": 421.98455810546875, "LVAE_mean": 126.39503979444504}