{"VAE_threshold_95": 54.65261058807372, "VAE_threshold_99": 112.7209529876709, "VAE_median": 14.17961835861206, "VAE_min": 4.718801021575928, "VAE_max": 284.5546875, "VAE_mean": 19.791476083040237, "LVAE_threshold_95": 218.10451965332032, "LVAE_threshold_99": 266.8021157836914, "LVAE_median": 104.31870651245117, "LVAE_min": 8.47326946258545, "LVAE_max": 391.0349426269531, "LVAE_mean": 111.57203233718872}