{"VAE_threshold_95": 51.1663387298583, "VAE_threshold_99": 181.0015509033203, "VAE_median": 8.29262113571167, "VAE_min": 3.002708673477173, "VAE_max": 252.79696655273438, "VAE_mean": 16.292076059818267, "LVAE_threshold_95": 213.93807220458984, "LVAE_threshold_99": 307.1785961914062, "LVAE_median": 90.52718734741211, "LVAE_min": 8.308643341064453, "LVAE_max": 398.2347717285156, "LVAE_mean": 99.99650721883773}