{"VAE_threshold_95": 57.65663909912109, "VAE_threshold_99": 200.29915069580005, "VAE_median": 10.251979351043701, "VAE_min": 3.4136548042297363, "VAE_max": 326.52984619140625, "VAE_mean": 20.47337799370289, "LVAE_threshold_95": 225.98687591552735, "LVAE_threshold_99": 322.04150268554685, "LVAE_median": 104.85266494750977, "LVAE_min": 7.072727680206299, "LVAE_max": 417.0242004394531, "LVAE_mean": 112.60960375714302}