{"VAE_threshold_95": 52.27078666687011, "VAE_threshold_99": 227.72329330444236, "VAE_median": 10.369895935058594, "VAE_min": 3.7283897399902344, "VAE_max": 476.57684326171875, "VAE_mean": 20.099456243157388, "LVAE_threshold_95": 144.69058380126953, "LVAE_threshold_99": 250.94750411987303, "LVAE_median": 43.01788330078125, "LVAE_min": 6.929988861083984, "LVAE_max": 351.46295166015625, "LVAE_mean": 59.38455267739296}