{"VAE_threshold_95": 52.27078666687011, "VAE_threshold_99": 227.72329330444236, "VAE_median": 10.369895935058594, "VAE_min": 3.7283897399902344, "VAE_max": 476.57684326171875, "VAE_mean": 20.099456243157388, "LVAE_threshold_95": 143.7213165283203, "LVAE_threshold_99": 248.66005523681642, "LVAE_median": 42.68371391296387, "LVAE_min": 6.557628154754639, "LVAE_max": 357.5616149902344, "LVAE_mean": 58.324419757127764}