{"VAE_threshold_95": 45.69227981567382, "VAE_threshold_99": 168.8511621093727, "VAE_median": 7.892272472381592, "VAE_min": 2.68890380859375, "VAE_max": 614.303955078125, "VAE_mean": 18.204970888376234, "LVAE_threshold_95": 195.84508972167967, "LVAE_threshold_99": 321.4413949584946, "LVAE_median": 85.7162094116211, "LVAE_min": 5.989233016967773, "LVAE_max": 633.20703125, "LVAE_mean": 97.02599772763253}