{"VAE_threshold_95": 48.60640811920164, "VAE_threshold_99": 101.6997946166991, "VAE_median": 9.846185207366943, "VAE_min": 3.3549704551696777, "VAE_max": 307.9808654785156, "VAE_mean": 16.58637975347042, "LVAE_threshold_95": 205.58915405273436, "LVAE_threshold_99": 262.91503784179685, "LVAE_median": 92.5789909362793, "LVAE_min": 7.406553745269775, "LVAE_max": 443.6910400390625, "LVAE_mean": 101.65576646208763}