{"VAE_threshold_95": 71.96602821350098, "VAE_threshold_99": 155.2645088195791, "VAE_median": 11.24462604522705, "VAE_min": 3.8551886081695557, "VAE_max": 330.895263671875, "VAE_mean": 21.318079834461212, "LVAE_threshold_95": 228.92647476196288, "LVAE_threshold_99": 319.1668515014648, "LVAE_median": 105.44927215576172, "LVAE_min": 7.043530464172363, "LVAE_max": 422.8274841308594, "LVAE_mean": 113.17947184514999}