{"VAE_threshold_95": 0.11378223001956939, "VAE_threshold_99": 0.2790491649508475, "VAE_median": 9.999999974752427e-07, "VAE_min": 0.0, "VAE_max": 1.1783161163330078, "VAE_mean": 0.018094458853832738, "LVAE_threshold_95": 0.20078086853027322, "LVAE_threshold_99": 0.551869491338729, "LVAE_median": 9.999999974752427e-07, "LVAE_min": 0.0, "LVAE_max": 1.7816890478134155, "LVAE_mean": 0.03138890640063947}