{"VAE_threshold_95": 0.11213881373405454, "VAE_threshold_99": 0.3279504317045209, "VAE_median": 9.999999974752427e-07, "VAE_min": 0.0, "VAE_max": 1.276886224746704, "VAE_mean": 0.01873993860230813, "LVAE_threshold_95": 0.30218357443809485, "LVAE_threshold_99": 0.8696678447723385, "LVAE_median": 9.999999974752427e-07, "LVAE_min": 1.1920928955078125e-07, "LVAE_max": 1.199406623840332, "LVAE_mean": 0.04484158231179039}