{"VAE_threshold_95": 0.13033360242843628, "VAE_threshold_99": 0.31577833086252177, "VAE_median": 9.999999974752427e-07, "VAE_min": 1.1920928955078125e-07, "VAE_max": 1.1763615608215332, "VAE_mean": 0.020718870997483766, "LVAE_threshold_95": 0.22514838278293609, "LVAE_threshold_99": 0.5828966641426083, "LVAE_median": 9.999999974752427e-07, "LVAE_min": 0.0, "LVAE_max": 1.457603096961975, "LVAE_mean": 0.034733327731244566}