{"VAE_threshold_95": 26.081289672851547, "VAE_threshold_99": 36.217882537841746, "VAE_median": 10.264876365661621, "VAE_min": 0.21518084406852722, "VAE_max": 84.47673797607422, "VAE_mean": 10.203616007698992}