{"VAE_threshold_95": 0.12009371221065518, "VAE_threshold_99": 0.3167658880352971, "VAE_median": 9.999999974752427e-07, "VAE_min": 0.0, "VAE_max": 1.605685830116272, "VAE_mean": 0.01952364283962141, "LVAE_threshold_95": 0.24237425029277754, "LVAE_threshold_99": 0.6174097108840941, "LVAE_median": 9.999999974752427e-07, "LVAE_min": 1.1920928955078125e-07, "LVAE_max": 1.3743327856063843, "LVAE_mean": 0.03698495885034622}