{"VAE_threshold_95": 57.65663909912109, "VAE_threshold_99": 200.29915069580005, "VAE_median": 10.251979351043701, "VAE_min": 3.4136548042297363, "VAE_max": 326.52984619140625, "VAE_mean": 20.47337799370289, "LVAE_threshold_95": 227.42593460083003, "LVAE_threshold_99": 323.0827331542968, "LVAE_median": 105.16568756103516, "LVAE_min": 6.44540548324585, "LVAE_max": 420.28424072265625, "LVAE_mean": 113.41474775147438}