{"VAE_threshold_95": 0.10294117778539658, "VAE_threshold_99": 0.2781943744421004, "VAE_median": 9.999999974752427e-07, "VAE_min": 0.0, "VAE_max": 1.1596300601959229, "VAE_mean": 0.016920219453527147, "LVAE_threshold_95": 0.297257277369499, "LVAE_threshold_99": 0.8982843160629272, "LVAE_median": 9.999999974752427e-07, "LVAE_min": 1.1920928955078125e-07, "LVAE_max": 1.3329726457595825, "LVAE_mean": 0.04605606842847505}