{"VAE_threshold_95": 0.12460435330867764, "VAE_threshold_99": 0.32277157902717524, "VAE_median": 9.999999974752427e-07, "VAE_min": 1.1920928955078125e-07, "VAE_max": 1.2348543405532837, "VAE_mean": 0.020138227266996635, "LVAE_threshold_95": 0.34171503186225805, "LVAE_threshold_99": 0.9165204989910121, "LVAE_median": 9.999999974752427e-07, "LVAE_min": 1.7881393432617188e-07, "LVAE_max": 1.2371010780334473, "LVAE_mean": 0.0496448075144774}