{"VAE_threshold_95": 57.89523944854735, "VAE_threshold_99": 114.54861045837401, "VAE_median": 13.295007228851318, "VAE_min": 4.808427810668945, "VAE_max": 326.7892150878906, "VAE_mean": 19.38109529876709, "LVAE_threshold_95": 140.80967102050775, "LVAE_threshold_99": 234.7599171447754, "LVAE_median": 36.58773231506348, "LVAE_min": 8.579240798950195, "LVAE_max": 305.99737548828125, "LVAE_mean": 52.78674908399582}