{"VAE_threshold_95": 42.81285820007323, "VAE_threshold_99": 99.33050765991207, "VAE_median": 10.925992012023926, "VAE_min": 3.9924888610839844, "VAE_max": 285.4195861816406, "VAE_mean": 15.21783539223671, "LVAE_threshold_95": 117.39312438964842, "LVAE_threshold_99": 211.1259910583496, "LVAE_median": 32.298580169677734, "LVAE_min": 8.231847763061523, "LVAE_max": 279.2640686035156, "LVAE_mean": 45.68672359466553}