{"VAE_threshold_95": 62.35489177703857, "VAE_threshold_99": 209.51838653564394, "VAE_median": 11.24947738647461, "VAE_min": 3.9644904136657715, "VAE_max": 379.2611083984375, "VAE_mean": 22.475970878362656, "LVAE_threshold_95": 228.23776397705078, "LVAE_threshold_99": 339.5769372558594, "LVAE_median": 105.42230224609375, "LVAE_min": 7.479719161987305, "LVAE_max": 434.50421142578125, "LVAE_mean": 113.47721809768677}