{"VAE_threshold_95": 0.1470128908753395, "VAE_threshold_99": 0.35530740261077876, "VAE_median": 9.999999974752427e-07, "VAE_min": 0.0, "VAE_max": 1.1973859071731567, "VAE_mean": 0.023099684093961268, "LVAE_threshold_95": 0.24186742827296231, "LVAE_threshold_99": 0.6167387282848347, "LVAE_median": 9.999999974752427e-07, "LVAE_min": 2.384185791015625e-07, "LVAE_max": 1.428861141204834, "LVAE_mean": 0.036915503908196715}