{"VAE_threshold_95": 50.4097465515136, "VAE_threshold_99": 111.55706954956054, "VAE_median": 13.63043737411499, "VAE_min": 4.49191951751709, "VAE_max": 465.1273193359375, "VAE_mean": 18.79677273607254, "LVAE_threshold_95": 149.4204605102539, "LVAE_threshold_99": 219.8010636901855, "LVAE_median": 37.30069351196289, "LVAE_min": 5.701293468475342, "LVAE_max": 345.702392578125, "LVAE_mean": 52.47094290161133}