{"VAE_threshold_95": 0.09846300184726714, "VAE_threshold_99": 0.2930641397833819, "VAE_median": 9.999999974752427e-07, "VAE_min": 5.960464477539063e-08, "VAE_max": 1.3746874332427979, "VAE_mean": 0.016897543095861646, "LVAE_threshold_95": 0.29568318277597394, "LVAE_threshold_99": 0.885670344233512, "LVAE_median": 9.999999974752427e-07, "LVAE_min": 0.0, "LVAE_max": 1.1715537309646606, "LVAE_mean": 0.04363519704950255}