{"VAE_threshold_95": 0.12356542721390684, "VAE_threshold_99": 0.2859932819008819, "VAE_median": 9.999999974752427e-07, "VAE_min": 0.0, "VAE_max": 1.1087781190872192, "VAE_mean": 0.019285529387629282, "LVAE_threshold_95": 0.2384107947349534, "LVAE_threshold_99": 0.6398674535751283, "LVAE_median": 9.999999974752427e-07, "LVAE_min": 0.0, "LVAE_max": 1.3357118368148804, "LVAE_mean": 0.037720996746322615}