{"VAE_threshold_95": 39.435684585571245, "VAE_threshold_99": 76.1495811462404, "VAE_median": 11.78489637374878, "VAE_min": 4.553594589233398, "VAE_max": 186.78897094726562, "VAE_mean": 15.685395771639687, "LVAE_threshold_95": 145.43882980346672, "LVAE_threshold_99": 198.4308464050293, "LVAE_median": 48.728271484375, "LVAE_min": 7.048898220062256, "LVAE_max": 252.02427673339844, "LVAE_mean": 60.638576692308696}