{"VAE_threshold_95": 71.96602821350098, "VAE_threshold_99": 155.2645088195791, "VAE_median": 11.24462604522705, "VAE_min": 3.8551886081695557, "VAE_max": 330.895263671875, "VAE_mean": 21.318079834461212, "LVAE_threshold_95": 225.87530670166015, "LVAE_threshold_99": 323.3325524902344, "LVAE_median": 104.56813049316406, "LVAE_min": 7.098806381225586, "LVAE_max": 405.69140625, "LVAE_mean": 112.42230949187278}