{"VAE_threshold_95": 77.78031501770015, "VAE_threshold_99": 204.24219085693346, "VAE_median": 14.61511754989624, "VAE_min": 5.224547386169434, "VAE_max": 306.1430358886719, "VAE_mean": 24.095788491964342, "LVAE_threshold_95": 142.79474487304682, "LVAE_threshold_99": 253.35774719238282, "LVAE_median": 43.5228157043457, "LVAE_min": 6.649094581604004, "LVAE_max": 358.14208984375, "LVAE_mean": 59.04679728388786}