{"VAE_threshold_95": 77.78031501770015, "VAE_threshold_99": 204.24219085693346, "VAE_median": 14.61511754989624, "VAE_min": 5.224547386169434, "VAE_max": 306.1430358886719, "VAE_mean": 24.095788491964342, "LVAE_threshold_95": 143.14166717529295, "LVAE_threshold_99": 259.1555319213867, "LVAE_median": 43.68656539916992, "LVAE_min": 6.803030967712402, "LVAE_max": 354.9041442871094, "LVAE_mean": 58.82872728395462}