{"VAE_threshold_95": 57.89523944854735, "VAE_threshold_99": 114.54861045837401, "VAE_median": 13.295007228851318, "VAE_min": 4.808427810668945, "VAE_max": 326.7892150878906, "VAE_mean": 19.38109529876709, "LVAE_threshold_95": 132.96761550903318, "LVAE_threshold_99": 210.58095581054675, "LVAE_median": 36.604196548461914, "LVAE_min": 8.73478889465332, "LVAE_max": 306.6620178222656, "LVAE_mean": 52.01309425926208}