{"VAE_threshold_95": 0.13126427531242368, "VAE_threshold_99": 0.3126458257436745, "VAE_median": 9.999999974752427e-07, "VAE_min": 5.960464477539063e-08, "VAE_max": 1.2729613780975342, "VAE_mean": 0.020652644219956044, "LVAE_threshold_95": 0.22654997110366804, "LVAE_threshold_99": 0.579528893232345, "LVAE_median": 9.999999974752427e-07, "LVAE_min": 0.0, "LVAE_max": 1.4656282663345337, "LVAE_mean": 0.03507540054417101}