{"VAE_threshold_95": 48.60640811920164, "VAE_threshold_99": 101.6997946166991, "VAE_median": 9.846185207366943, "VAE_min": 3.3549704551696777, "VAE_max": 307.9808654785156, "VAE_mean": 16.58637975347042, "LVAE_threshold_95": 204.08488006591796, "LVAE_threshold_99": 258.5884643554687, "LVAE_median": 94.86590957641602, "LVAE_min": 5.956785202026367, "LVAE_max": 447.1631164550781, "LVAE_mean": 102.06072498893738}