{"VAE_threshold_95": 57.65663909912109, "VAE_threshold_99": 200.29915069580005, "VAE_median": 10.251979351043701, "VAE_min": 3.4136548042297363, "VAE_max": 326.52984619140625, "VAE_mean": 20.47337799370289, "LVAE_threshold_95": 185.61302490234374, "LVAE_threshold_99": 288.87818572998043, "LVAE_median": 89.42167282104492, "LVAE_min": 6.486963748931885, "LVAE_max": 393.0106201171875, "LVAE_mean": 95.29347832679748}