{"VAE_threshold_95": 0.1281035631895065, "VAE_threshold_99": 0.33006930530071255, "VAE_median": 9.999999974752427e-07, "VAE_min": 1.1920928955078125e-07, "VAE_max": 1.1647619009017944, "VAE_mean": 0.020409633701515044, "LVAE_threshold_95": 0.34808011651039117, "LVAE_threshold_99": 0.9264688074588772, "LVAE_median": 9.999999974752427e-07, "LVAE_min": 1.5366822481155396e-08, "LVAE_max": 1.391271710395813, "LVAE_mean": 0.050114798796370555}