{"VAE_threshold_95": 0.1281035631895065, "VAE_threshold_99": 0.33006930530071255, "VAE_median": 9.999999974752427e-07, "VAE_min": 1.1920928955078125e-07, "VAE_max": 1.1647619009017944, "VAE_mean": 0.02040963370151506, "LVAE_threshold_95": 0.3487773537635803, "LVAE_threshold_99": 0.9286764860153198, "LVAE_median": 9.999999974752427e-07, "LVAE_min": 1.1920928955078125e-07, "LVAE_max": 1.3829418420791626, "LVAE_mean": 0.05013097274197122}