{"VAE_threshold_95": 0.12009371221065518, "VAE_threshold_99": 0.3167658880352971, "VAE_median": 9.999999974752427e-07, "VAE_min": 0.0, "VAE_max": 1.605685830116272, "VAE_mean": 0.01952364283962141, "LVAE_threshold_95": 0.24079133048653595, "LVAE_threshold_99": 0.616433798074721, "LVAE_median": 9.999999974752427e-07, "LVAE_min": 5.960464477539063e-08, "LVAE_max": 1.3892896175384521, "LVAE_mean": 0.03681030945173364}