{"VAE_threshold_95": 0.13383651375770567, "VAE_threshold_99": 0.3236678248643875, "VAE_median": 9.999999974752427e-07, "VAE_min": 5.960464477539063e-08, "VAE_max": 1.1566880941390991, "VAE_mean": 0.021064696827311713, "LVAE_threshold_95": 0.3419272750616072, "LVAE_threshold_99": 0.9307088690996134, "LVAE_median": 9.999999974752427e-07, "LVAE_min": 4.76837158203125e-07, "LVAE_max": 1.3745383024215698, "LVAE_mean": 0.05135351737598077}