{"VAE_threshold_95": 0.10768753886222837, "VAE_threshold_99": 0.29208229988813356, "VAE_median": 9.999999974752427e-07, "VAE_min": 0.0, "VAE_max": 1.1236733198165894, "VAE_mean": 0.01775973712629931, "LVAE_threshold_95": 0.29806258976459493, "LVAE_threshold_99": 0.928186297416687, "LVAE_median": 9.999999974752427e-07, "LVAE_min": 1.7881393432617188e-07, "LVAE_max": 1.204776644706726, "LVAE_mean": 0.04604333461305652}