{"VAE_threshold_95": 0.12009371221065518, "VAE_threshold_99": 0.3167658880352971, "VAE_median": 9.999999974752427e-07, "VAE_min": 0.0, "VAE_max": 1.605685830116272, "VAE_mean": 0.01952364283962144, "LVAE_threshold_95": 0.2436102166771887, "LVAE_threshold_99": 0.6226502728462218, "LVAE_median": 9.999999974752427e-07, "LVAE_min": 1.7881393432617188e-07, "LVAE_max": 1.4583110809326172, "LVAE_mean": 0.037204581064342365}