{"VAE_threshold_95": 39.435684585571245, "VAE_threshold_99": 76.1495811462404, "LVAE_threshold_95": 145.18745269775386, "LVAE_threshold_99": 197.5435696411133}