{"VAE_threshold_95": 39.435684585571245, "VAE_threshold_99": 76.1495811462404, "VAE_median": 11.784896850585938, "VAE_min": 4.553594589233398, "VAE_max": 186.78897094726562, "VAE_mean": 15.685395240783691, "LVAE_threshold_95": 144.20468749999986, "LVAE_threshold_99": 203.37881927490236, "LVAE_median": 49.24760818481445, "LVAE_min": 7.166717052459717, "LVAE_max": 252.03704833984375, "LVAE_mean": 60.78535842895508}