{"VAE_threshold_95": 71.96602821350098, "VAE_threshold_99": 155.2645088195791, "VAE_median": 11.24462604522705, "VAE_min": 3.8551886081695557, "VAE_max": 330.895263671875, "VAE_mean": 21.318079834461212, "LVAE_threshold_95": 226.3387397766113, "LVAE_threshold_99": 329.46400939941407, "LVAE_median": 105.368896484375, "LVAE_min": 6.164515495300293, "LVAE_max": 401.2349853515625, "LVAE_mean": 113.19655213069916}