{"VAE_threshold_95": 0.10748785734176636, "VAE_threshold_99": 0.308703840970993, "VAE_median": 9.999999974752427e-07, "VAE_min": 0.0, "VAE_max": 1.1321520805358887, "VAE_mean": 0.01779569988466797, "LVAE_threshold_95": 0.16218260079622268, "LVAE_threshold_99": 0.48187178432941435, "LVAE_median": 9.999999974752427e-07, "LVAE_min": 2.384185791015625e-07, "LVAE_max": 1.1057790517807007, "LVAE_mean": 0.026423476613411424}