{"VAE_threshold_95": 0.12356542721390684, "VAE_threshold_99": 0.2859932819008819, "LVAE_threshold_95": 0.2378079585731021, "LVAE_threshold_99": 0.6390293288230886}