{"VAE_threshold_95": 39.435684585571245, "VAE_threshold_99": 76.1495811462404, "VAE_median": 11.78489637374878, "VAE_min": 4.553594589233398, "VAE_max": 186.78897094726562, "VAE_mean": 15.685395771639687, "LVAE_threshold_95": 146.59883193969716, "LVAE_threshold_99": 199.02331344604502, "LVAE_median": 49.17822456359863, "LVAE_min": 7.083076477050781, "LVAE_max": 253.73391723632812, "LVAE_mean": 60.82387972034727}