{"VAE_threshold_95": 0.10768753886222837, "VAE_threshold_99": 0.29208229988813356, "VAE_median": 9.999999974752427e-07, "VAE_min": 0.0, "VAE_max": 1.1236733198165894, "VAE_mean": 0.017759737126299316, "LVAE_threshold_95": 0.30270954370498604, "LVAE_threshold_99": 0.9230158084630932, "LVAE_median": 9.999999974752427e-07, "LVAE_min": 1.1920928955078125e-07, "LVAE_max": 1.2114158868789673, "LVAE_mean": 0.04633657888455487}