{"VAE_threshold_95": 50.4097465515136, "VAE_threshold_99": 111.55706954956054, "VAE_median": 13.63043737411499, "VAE_min": 4.49191951751709, "VAE_max": 465.1273193359375, "VAE_mean": 18.79677273607254, "LVAE_threshold_95": 143.04120025634765, "LVAE_threshold_99": 220.45556533813473, "LVAE_median": 37.58944129943848, "LVAE_min": 5.538642883300781, "LVAE_max": 318.79205322265625, "LVAE_mean": 52.275577298879625}