{"VAE_threshold_95": 0.1470128908753395, "VAE_threshold_99": 0.35530740261077876, "VAE_median": 9.999999974752427e-07, "VAE_min": 0.0, "VAE_max": 1.1973859071731567, "VAE_mean": 0.023099684093961226, "LVAE_threshold_95": 0.24225219786167135, "LVAE_threshold_99": 0.6192346352338788, "LVAE_median": 9.999999974752427e-07, "LVAE_min": 0.0, "LVAE_max": 1.401020884513855, "LVAE_mean": 0.036922808207449684}