{"VAE_threshold_95": 0.12241855859756456, "VAE_threshold_99": 0.3038168874382972, "VAE_median": 9.999999974752427e-07, "VAE_min": 7.450580596923828e-09, "VAE_max": 1.1937943696975708, "VAE_mean": 0.019543744392449724, "LVAE_threshold_95": 0.23049818053841592, "LVAE_threshold_99": 0.6139776200056074, "LVAE_median": 9.999999974752427e-07, "LVAE_min": 1.1920928955078125e-07, "LVAE_max": 1.186735987663269, "LVAE_mean": 0.03501675611921655}