{"VAE_threshold_95": 0.13033360242843628, "VAE_threshold_99": 0.31577833086252177, "VAE_median": 9.999999974752427e-07, "VAE_min": 1.1920928955078125e-07, "VAE_max": 1.1763615608215332, "VAE_mean": 0.020718870997483766, "LVAE_threshold_95": 0.2223261199891567, "LVAE_threshold_99": 0.5809584361314771, "LVAE_median": 9.999999974752427e-07, "LVAE_min": 0.0, "LVAE_max": 1.4977092742919922, "LVAE_mean": 0.03447483397026361}