{"loss_folds": [24.18620859456062, 23.860592226982117, 24.167269855976105, 24.99719178915024, 24.001078526735306, 24.98516161942482, 25.09574876999855, 24.18261473059654], "LVAE_loss_mean": 24.434483264178038, "LVAE_loss_std": 0.5029670918684707, "LVAE_ssim_mean": 0.9417660608887672, "LVAE_ssim_std": 0.000999193365720907, "LVAE_psnr_mean": 22.24436855316162, "LVAE_psnr_std": 0.08908847435996642}