{"mean_trajectory": 0.15256177277989788, "percentile_95_trajectory": 0.20700831711292267, "max_trajectory": 0.3223353549838066, "min_trajectory": 0.012253999710083008, "median_trajectory": 0.1536396697629243}