{"mean_trajectory": [0.1562100707202626, 0.15940758056705817, 0.16186495678062784, 0.1606951019036933, 0.15719330636493395, 0.15293200728163356, 0.1461623359742225, 0.14208176437212386, 0.13650883105452521], "percentile_95_trajectory": [0.22441196888685222, 0.21139760911464683, 0.21421842014242426, 0.20831589887093285, 0.20486618299037215, 0.20837123319506642, 0.1954397957772016, 0.19989106354769318, 0.20703746005892742], "max_trajectory": [0.26336488127708435, 0.2875767648220062, 0.24234166368842125, 0.2564042378216982, 0.23807628662325442, 0.23003079742193222, 0.2152811363339424, 0.24838754534721375, 0.3223353549838066], "min_trajectory": [0.015963178128004074, 0.03423945605754852, 0.03878121078014374, 0.01851913332939148, 0.052388334181159735, 0.04698020778596401, 0.018905065953731537, 0.030746757984161377, 0.012253999710083008], "median_trajectory": [0.160331925842911, 0.16135121695697308, 0.15941902808845043, 0.1624980103224516, 0.15506255812942982, 0.1513836309313774, 0.147929135710001, 0.14755291491746902, 0.14440334402024746]}