{"mean_trajectory": 0.16495887138503176, "percentile_95_trajectory": 0.26180536222482254, "max_trajectory": 0.4834029268878295, "min_trajectory": 0.011121314301435564, "median_trajectory": 0.1586048697581884}