{"mean_trajectory": [0.16854716549179183, 0.1725049495632603, 0.1752031482028258, 0.17397899104471531, 0.17006946998571568, 0.1656341425718363, 0.157764732381671, 0.15362867301741534, 0.14729857020605444], "percentile_95_trajectory": [0.2630630241691403, 0.26170745132109946, 0.26964053979063834, 0.2741209831079618, 0.26522692434712836, 0.25575777709009057, 0.24195298929385517, 0.24631373407560714, 0.25424388533941444], "max_trajectory": [0.4427038969146441, 0.4834029268878295, 0.40736486345257134, 0.38689315108328076, 0.3736664209658543, 0.37568427459971315, 0.30600088209713916, 0.3332122867209954, 0.34338615413096346], "min_trajectory": [0.019295741601666527, 0.035726295572319294, 0.03701977589769135, 0.017677997975879534, 0.053310261356357996, 0.04780696303465286, 0.01702821142338273, 0.032891666621653014, 0.011121314301435564], "median_trajectory": [0.1641066539156767, 0.16611381248157606, 0.16415049477109256, 0.16517243658810643, 0.16028259235194384, 0.15572152441594647, 0.15089991871722938, 0.14794716510991213, 0.1438899651998859]}