{"loss_folds": [35.837615966796875, 25.469173431396484, 36.37854766845703, 22.021934509277344, 22.195106506347656, 36.03529739379883, 20.099456787109375, 26.91657829284668], "VAE_loss_mean": 28.119213819503784, "VAE_loss_std": 6.923171425035019, "VAE_ssim_mean": 0.936438076198101, "VAE_ssim_std": 0.015070476312266165, "VAE_psnr_mean": 21.748291730880737, "VAE_psnr_std": 1.0653736913860845}