{
  "leaspy_version": "1.5.0",
  "name": "linear",
  "features": [
    "ENCODING0",
    "ENCODING1",
    "ENCODING2",
    "ENCODING3"
  ],
  "dimension": 4,
  "fit_metrics": {
    "nll_regul_tau": 1519.6707763671875,
    "nll_regul_xi": -77.09375,
    "nll_regul_sources": 3913.40234375,
    "nll_regul_tot": 5355.97802734375,
    "nll_attach": -53182.83984375,
    "nll_tot": -47826.859375
  },
  "noise_model": {
    "name": "gaussian-diagonal",
    "scale": [
      0.03632938489317894,
      0.14361059665679932,
      0.01836993917822838,
      0.017943499609827995
    ]
  },
  "parameters": {
    "g": [
      0.18508867919445038,
      -0.22901667654514313,
      0.25910091400146484,
      -0.02750970795750618
    ],
    "v0": [
      -11.8018798828125,
      -4.402091026306152,
      -2.4616799354553223,
      -6.575057029724121
    ],
    "betas": [
      [
        -0.015633322298526764,
        0.05632477253675461,
        0.2388092279434204
      ],
      [
        0.280815064907074,
        -0.09903227537870407,
        -0.18888141214847565
      ],
      [
        0.0009605998056940734,
        -0.40017440915107727,
        0.059733226895332336
      ]
    ],
    "tau_mean": -0.9796819090843201,
    "tau_std": 2.1212799549102783,
    "xi_mean": 0.0,
    "xi_std": 0.21673636138439178,
    "sources_mean": 0.0,
    "sources_std": 1.0,
    "mixing_matrix": [
      [
        -0.2757185995578766,
        0.09648226201534271,
        0.1520204246044159
      ],
      [
        -0.05482795462012291,
        0.07004015892744064,
        0.2604196071624756
      ],
      [
        0.00795719027519226,
        -0.003551068715751171,
        -0.03843828663229942
      ],
      [
        -0.0035012969747185707,
        -0.3986130356788635,
        0.06219334155321121
      ]
    ]
  },
  "source_dimension": 3
}