{
  "leaspy_version": "1.5.0",
  "name": "linear",
  "features": [
    "ENCODING0",
    "ENCODING1",
    "ENCODING2",
    "ENCODING3"
  ],
  "dimension": 4,
  "fit_metrics": {
    "nll_regul_tau": 1501.8258056640625,
    "nll_regul_xi": -76.75015258789062,
    "nll_regul_sources": 3866.010986328125,
    "nll_regul_tot": 5291.0869140625,
    "nll_attach": -56376.859375,
    "nll_tot": -51085.77734375
  },
  "noise_model": {
    "name": "gaussian-diagonal",
    "scale": [
      0.02672416716814041,
      0.009878587909042835,
      0.09219222515821457,
      0.044765207916498184
    ]
  },
  "parameters": {
    "g": [
      -0.36316174268722534,
      0.0191448125988245,
      0.16239428520202637,
      0.27316004037857056
    ],
    "v0": [
      -2.29245662689209,
      -5.491946220397949,
      -4.928125381469727,
      -3.7802202701568604
    ],
    "betas": [
      [
        -0.422098845243454,
        -0.15016774833202362,
        0.048197511583566666
      ],
      [
        0.011629188433289528,
        0.2981557548046112,
        0.15449222922325134
      ],
      [
        -0.0013547322014346719,
        -0.25319844484329224,
        0.09424744546413422
      ]
    ],
    "tau_mean": -1.7861509323120117,
    "tau_std": 2.067885637283325,
    "xi_mean": 0.0,
    "xi_std": 0.21684275567531586,
    "sources_mean": 0.0,
    "sources_std": 1.0,
    "mixing_matrix": [
      [
        0.01622452586889267,
        0.04078441858291626,
        -0.03337528184056282
      ],
      [
        -0.42177265882492065,
        -0.14934778213500977,
        0.04752650111913681
      ],
      [
        0.012202433310449123,
        0.29959672689437866,
        0.15331301093101501
      ],
      [
        0.0004518955247476697,
        -0.24865703284740448,
        0.09053105115890503
      ]
    ]
  },
  "source_dimension": 3
}