{
  "leaspy_version": "1.5.0",
  "name": "linear",
  "features": [
    "ENCODING0",
    "ENCODING1",
    "ENCODING2",
    "ENCODING3"
  ],
  "dimension": 4,
  "fit_metrics": {
    "nll_regul_tau": 1497.4019775390625,
    "nll_regul_xi": -80.59246826171875,
    "nll_regul_sources": 3947.4140625,
    "nll_regul_tot": 5364.22412109375,
    "nll_attach": -57926.640625,
    "nll_tot": -52562.41015625
  },
  "noise_model": {
    "name": "gaussian-diagonal",
    "scale": [
      0.027223587036132812,
      0.010010980069637299,
      0.09316372126340866,
      0.034384891390800476
    ]
  },
  "parameters": {
    "g": [
      -0.42956793308258057,
      0.030127011239528656,
      0.1460600048303604,
      0.25016331672668457
    ],
    "v0": [
      -2.2977375984191895,
      -5.502915859222412,
      -4.7317047119140625,
      -3.7608773708343506
    ],
    "betas": [
      [
        -0.384786456823349,
        -0.16186515986919403,
        0.0923859253525734
      ],
      [
        0.02118905633687973,
        0.27502936124801636,
        0.16327284276485443
      ],
      [
        0.03406492993235588,
        -0.2522565722465515,
        0.07605499029159546
      ]
    ],
    "tau_mean": -2.427870512008667,
    "tau_std": 2.054857015609741,
    "xi_mean": 0.0,
    "xi_std": 0.2156558632850647,
    "sources_mean": 0.0,
    "sources_std": 1.0,
    "mixing_matrix": [
      [
        0.005683295428752899,
        0.039618946611881256,
        -0.03459884226322174
      ],
      [
        -0.38467296957969666,
        -0.16107411682605743,
        0.09169510751962662
      ],
      [
        0.02143443375825882,
        0.2767398953437805,
        0.1617790311574936
      ],
      [
        0.03471275791525841,
        -0.2477404922246933,
        0.07211113721132278
      ]
    ]
  },
  "source_dimension": 3
}