{
  "leaspy_version": "1.5.0",
  "name": "linear",
  "features": [
    "ENCODING0",
    "ENCODING1",
    "ENCODING2",
    "ENCODING3"
  ],
  "dimension": 4,
  "fit_metrics": {
    "nll_regul_tau": 1549.4620361328125,
    "nll_regul_xi": -74.35747528076172,
    "nll_regul_sources": 3894.607421875,
    "nll_regul_tot": 5369.71240234375,
    "nll_attach": -56443.62890625,
    "nll_tot": -51073.9140625
  },
  "noise_model": {
    "name": "gaussian-diagonal",
    "scale": [
      0.11227990686893463,
      0.02712411805987358,
      0.01880757510662079,
      0.018842313438653946
    ]
  },
  "parameters": {
    "g": [
      0.16632026433944702,
      -0.24943016469478607,
      0.20152749121189117,
      -0.0783066377043724
    ],
    "v0": [
      -9.177593231201172,
      -4.117244720458984,
      -2.457301139831543,
      -7.1181182861328125
    ],
    "betas": [
      [
        -0.22911407053470612,
        -0.18564441800117493,
        0.013291499577462673
      ],
      [
        0.046348199248313904,
        0.3631064295768738,
        0.0455157533288002
      ],
      [
        0.0475015863776207,
        -0.03069262206554413,
        0.38054507970809937
      ]
    ],
    "tau_mean": -1.7380460500717163,
    "tau_std": 2.213508129119873,
    "xi_mean": 0.0,
    "xi_std": 0.21758490800857544,
    "sources_mean": 0.0,
    "sources_std": 1.0,
    "mixing_matrix": [
      [
        -0.0031745063606649637,
        -0.3217366635799408,
        -0.05073133856058121
      ],
      [
        -0.22970634698867798,
        -0.24567191302776337,
        0.003826384199783206
      ],
      [
        0.04323339834809303,
        0.04742106422781944,
        -0.004261415917426348
      ],
      [
        0.04747212305665016,
        -0.033678606152534485,
        0.38007426261901855
      ]
    ]
  },
  "source_dimension": 3
}