{
  "leaspy_version": "1.5.0",
  "name": "linear",
  "features": [
    "ENCODING0",
    "ENCODING1",
    "ENCODING2",
    "ENCODING3"
  ],
  "dimension": 4,
  "fit_metrics": {
    "nll_regul_tau": 1473.4754638671875,
    "nll_regul_xi": -87.7747802734375,
    "nll_regul_sources": 4184.025390625,
    "nll_regul_tot": 5569.72607421875,
    "nll_attach": -50863.91796875,
    "nll_tot": -45294.1875
  },
  "noise_model": {
    "name": "gaussian-diagonal",
    "scale": [
      0.02621024288237095,
      0.00907826516777277,
      0.14544138312339783,
      0.06919687241315842
    ]
  },
  "parameters": {
    "g": [
      -0.37866008281707764,
      0.03544989973306656,
      0.20770010352134705,
      0.20783834159374237
    ],
    "v0": [
      -2.289489269256592,
      -5.481524467468262,
      -4.691580772399902,
      -3.7415618896484375
    ],
    "betas": [
      [
        -0.03345874324440956,
        -0.4092158377170563,
        0.04797288775444031
      ],
      [
        -0.039434388279914856,
        0.07523416727781296,
        -0.2888715863227844
      ],
      [
        -0.145348459482193,
        -0.07097376883029938,
        0.18800480663776398
      ]
    ],
    "tau_mean": -1.9902448654174805,
    "tau_std": 1.9858089685440063,
    "xi_mean": 0.0,
    "xi_std": 0.21345430612564087,
    "sources_mean": 0.0,
    "sources_std": 1.0,
    "mixing_matrix": [
      [
        0.03776632249355316,
        0.025795811787247658,
        -0.019217319786548615
      ],
      [
        -0.03269502520561218,
        -0.40869420766830444,
        0.04758426919579506
      ],
      [
        -0.037751708179712296,
        0.07638350129127502,
        -0.2897278368473053
      ],
      [
        -0.14099743962287903,
        -0.0680018737912178,
        0.1857907921075821
      ]
    ]
  },
  "source_dimension": 3
}