{
  "leaspy_version": "1.5.0",
  "name": "linear",
  "features": [
    "ENCODING0",
    "ENCODING1",
    "ENCODING2",
    "ENCODING3"
  ],
  "dimension": 4,
  "fit_metrics": {
    "nll_regul_tau": 1551.31396484375,
    "nll_regul_xi": -77.38800811767578,
    "nll_regul_sources": 4144.1416015625,
    "nll_regul_tot": 5618.068359375,
    "nll_attach": -62464.36328125,
    "nll_tot": -56846.296875
  },
  "noise_model": {
    "name": "gaussian-diagonal",
    "scale": [
      0.04236281290650368,
      0.028727427124977112,
      0.01878252439200878,
      0.019977491348981857
    ]
  },
  "parameters": {
    "g": [
      0.19445203244686127,
      -0.22085361182689667,
      0.22651532292366028,
      -0.025898315012454987
    ],
    "v0": [
      -9.99978256225586,
      -4.132626533508301,
      -2.4654080867767334,
      -6.636590957641602
    ],
    "betas": [
      [
        -0.22105176746845245,
        -0.19154351949691772,
        -0.02359527349472046
      ],
      [
        0.055889327079057693,
        0.38721591234207153,
        -0.09470629692077637
      ],
      [
        -0.12835144996643066,
        0.1279321014881134,
        0.25436174869537354
      ]
    ],
    "tau_mean": -1.3193297386169434,
    "tau_std": 2.2193715572357178,
    "xi_mean": 0.0,
    "xi_std": 0.21664513647556305,
    "sources_mean": 0.0,
    "sources_std": 1.0,
    "mixing_matrix": [
      [
        -0.01196733396500349,
        -0.3468657433986664,
        0.09357104450464249
      ],
      [
        -0.2232702225446701,
        -0.2558443248271942,
        -0.006249389611184597
      ],
      [
        0.04413720592856407,
        0.04658808559179306,
        -0.00281800189986825
      ],
      [
        -0.12853282690048218,
        0.122674860060215,
        0.2557799518108368
      ]
    ]
  },
  "source_dimension": 3
}