{
  "leaspy_version": "1.5.0",
  "name": "linear",
  "features": [
    "ENCODING0",
    "ENCODING1",
    "ENCODING2",
    "ENCODING3"
  ],
  "dimension": 4,
  "fit_metrics": {
    "nll_regul_tau": 1546.403076171875,
    "nll_regul_xi": -64.30233764648438,
    "nll_regul_sources": 4146.2763671875,
    "nll_regul_tot": 5628.37744140625,
    "nll_attach": -60505.609375,
    "nll_tot": -54877.234375
  },
  "noise_model": {
    "name": "gaussian-diagonal",
    "scale": [
      0.040957387536764145,
      0.04266184940934181,
      0.018770450726151466,
      0.018415922299027443
    ]
  },
  "parameters": {
    "g": [
      0.1902773082256317,
      -0.21824590861797333,
      0.2160283923149109,
      -0.043641913682222366
    ],
    "v0": [
      -12.15846061706543,
      -4.181591987609863,
      -2.461843252182007,
      -6.800825119018555
    ],
    "betas": [
      [
        0.009081123396754265,
        0.24096950888633728,
        -0.09714064747095108
      ],
      [
        0.2555766701698303,
        -0.19491620361804962,
        0.18481196463108063
      ],
      [
        -0.036595508456230164,
        0.09353466331958771,
        0.3381253480911255
      ]
    ],
    "tau_mean": -1.5026168823242188,
    "tau_std": 2.203855037689209,
    "xi_mean": 0.0,
    "xi_std": 0.2207331657409668,
    "sources_mean": 0.0,
    "sources_std": 1.0,
    "mixing_matrix": [
      [
        -0.2526833117008209,
        0.14816497266292572,
        -0.1691199392080307
      ],
      [
        -0.03546195104718208,
        0.26708805561065674,
        -0.1269531399011612
      ],
      [
        0.006887099239975214,
        -0.049093011766672134,
        0.018365008756518364
      ],
      [
        -0.039840858429670334,
        0.09543763101100922,
        0.3359532356262207
      ]
    ]
  },
  "source_dimension": 3
}