{
  "leaspy_version": "1.5.0",
  "name": "linear",
  "features": [
    "ENCODING0",
    "ENCODING1",
    "ENCODING2",
    "ENCODING3"
  ],
  "dimension": 4,
  "fit_metrics": {
    "nll_regul_tau": 1505.0118408203125,
    "nll_regul_xi": -86.90223693847656,
    "nll_regul_sources": 4058.011474609375,
    "nll_regul_tot": 5476.12109375,
    "nll_attach": -58073.125,
    "nll_tot": -52597.0
  },
  "noise_model": {
    "name": "gaussian-diagonal",
    "scale": [
      0.026615625247359276,
      0.010044890455901623,
      0.09662383049726486,
      0.03310035169124603
    ]
  },
  "parameters": {
    "g": [
      -0.3784548044204712,
      0.014176763594150543,
      0.17888543009757996,
      0.2432377189397812
    ],
    "v0": [
      -2.28926420211792,
      -5.5063581466674805,
      -4.812559127807617,
      -3.7330079078674316
    ],
    "betas": [
      [
        -0.3885387182235718,
        -0.15848958492279053,
        0.09612707048654556
      ],
      [
        0.04555855691432953,
        0.2877925634384155,
        0.13689024746418
      ],
      [
        0.01202785037457943,
        -0.2615644335746765,
        0.088347427546978
      ]
    ],
    "tau_mean": -1.924303650856018,
    "tau_std": 2.0773189067840576,
    "xi_mean": 0.0,
    "xi_std": 0.21372045576572418,
    "sources_mean": 0.0,
    "sources_std": 1.0,
    "mixing_matrix": [
      [
        0.008800425566732883,
        0.04364202544093132,
        -0.034597765654325485
      ],
      [
        -0.38836511969566345,
        -0.15762870013713837,
        0.09544458985328674
      ],
      [
        0.04590597748756409,
        0.2895154654979706,
        0.13552439212799072
      ],
      [
        0.013050440698862076,
        -0.25649330019950867,
        0.08432723581790924
      ]
    ]
  },
  "source_dimension": 3
}