{
  "leaspy_version": "1.5.0",
  "name": "linear",
  "features": [
    "ENCODING0",
    "ENCODING1",
    "ENCODING2",
    "ENCODING3"
  ],
  "dimension": 4,
  "fit_metrics": {
    "nll_regul_tau": 1514.2464599609375,
    "nll_regul_xi": -72.40470886230469,
    "nll_regul_sources": 3825.93505859375,
    "nll_regul_tot": 5267.77685546875,
    "nll_attach": -50465.12890625,
    "nll_tot": -45197.34375
  },
  "noise_model": {
    "name": "gaussian-diagonal",
    "scale": [
      0.037509068846702576,
      0.19907738268375397,
      0.018381327390670776,
      0.018474066630005836
    ]
  },
  "parameters": {
    "g": [
      0.1537526547908783,
      -0.2436545044183731,
      0.27247023582458496,
      -0.025982996448874474
    ],
    "v0": [
      -10.211051940917969,
      -4.290701389312744,
      -2.46235990524292,
      -7.062283992767334
    ],
    "betas": [
      [
        -0.1488112360239029,
        0.12805011868476868,
        0.13312038779258728
      ],
      [
        0.40229928493499756,
        -0.004272792022675276,
        -0.0766754299402237
      ],
      [
        0.12005527317523956,
        -0.19682423770427704,
        0.3004566431045532
      ]
    ],
    "tau_mean": -0.8728307485580444,
    "tau_std": 2.104905366897583,
    "xi_mean": 0.0,
    "xi_std": 0.21819305419921875,
    "sources_mean": 0.0,
    "sources_std": 1.0,
    "mixing_matrix": [
      [
        -0.3747694194316864,
        -0.014141587540507317,
        0.05160084739327431
      ],
      [
        -0.20823827385902405,
        0.12580768764019012,
        0.14130271971225739
      ],
      [
        0.03245178982615471,
        -0.01822865754365921,
        -0.025752263143658638
      ],
      [
        0.11633734405040741,
        -0.19696451723575592,
        0.3009685277938843
      ]
    ]
  },
  "source_dimension": 3
}