{
  "leaspy_version": "1.5.0",
  "name": "linear",
  "features": [
    "ENCODING0",
    "ENCODING1",
    "ENCODING2",
    "ENCODING3"
  ],
  "dimension": 4,
  "fit_metrics": {
    "nll_regul_tau": 1500.476806640625,
    "nll_regul_xi": -85.81008911132812,
    "nll_regul_sources": 3782.06494140625,
    "nll_regul_tot": 5196.7314453125,
    "nll_attach": -57497.75390625,
    "nll_tot": -52301.0234375
  },
  "noise_model": {
    "name": "gaussian-diagonal",
    "scale": [
      0.026318470016121864,
      0.01590321585536003,
      0.015217911452054977,
      0.14576482772827148
    ]
  },
  "parameters": {
    "g": [
      -0.2974599301815033,
      0.03551769256591797,
      0.18814663589000702,
      0.2506563067436218
    ],
    "v0": [
      -2.2913262844085693,
      -5.4842729568481445,
      -4.965394496917725,
      -3.881664752960205
    ],
    "betas": [
      [
        -0.39315637946128845,
        -0.06658760458230972,
        -0.02099178358912468
      ],
      [
        0.049182064831256866,
        0.312025785446167,
        -0.22563983500003815
      ],
      [
        -0.08759534358978271,
        -0.044064298272132874,
        0.23312592506408691
      ]
    ],
    "tau_mean": -1.114108681678772,
    "tau_std": 2.06390380859375,
    "xi_mean": 0.0,
    "xi_std": 0.2140541821718216,
    "sources_mean": 0.0,
    "sources_std": 1.0,
    "mixing_matrix": [
      [
        0.029895037412643433,
        -0.009577324613928795,
        -0.03037935495376587
      ],
      [
        -0.39254993200302124,
        -0.06678187102079391,
        -0.0216080229729414
      ],
      [
        0.0502009280025959,
        0.31169942021369934,
        -0.22667521238327026
      ],
      [
        -0.08458390831947327,
        -0.04502905532717705,
        0.23006568849086761
      ]
    ]
  },
  "source_dimension": 3
}