{
  "leaspy_version": "1.5.0",
  "name": "linear",
  "features": [
    "ENCODING0",
    "ENCODING1",
    "ENCODING2",
    "ENCODING3"
  ],
  "dimension": 4,
  "fit_metrics": {
    "nll_regul_tau": 1504.5751953125,
    "nll_regul_xi": -90.51979064941406,
    "nll_regul_sources": 4006.428955078125,
    "nll_regul_tot": 5420.484375,
    "nll_attach": -57481.296875,
    "nll_tot": -52060.81640625
  },
  "noise_model": {
    "name": "gaussian-diagonal",
    "scale": [
      0.025359097868204117,
      0.015434101223945618,
      0.014518283307552338,
      0.16376827657222748
    ]
  },
  "parameters": {
    "g": [
      -0.27798938751220703,
      0.05040391534566879,
      0.18829016387462616,
      0.25199297070503235
    ],
    "v0": [
      -2.2931604385375977,
      -5.5265045166015625,
      -4.971430778503418,
      -3.8617684841156006
    ],
    "betas": [
      [
        -0.36705881357192993,
        -0.024951431900262833,
        -0.04047972708940506
      ],
      [
        0.1036064475774765,
        0.3090677857398987,
        -0.1903150975704193
      ],
      [
        -0.10299629718065262,
        -0.06291938573122025,
        0.2131689488887787
      ]
    ],
    "tau_mean": -0.9640023112297058,
    "tau_std": 2.0760226249694824,
    "xi_mean": 0.0,
    "xi_std": 0.21261851489543915,
    "sources_mean": 0.0,
    "sources_std": 1.0,
    "mixing_matrix": [
      [
        0.02812325954437256,
        -0.006964433938264847,
        -0.02903110720217228
      ],
      [
        -0.36651116609573364,
        -0.025087056681513786,
        -0.04104507341980934
      ],
      [
        0.10456052422523499,
        0.30883151292800903,
        -0.19129997491836548
      ],
      [
        -0.1001022681593895,
        -0.06363605707883835,
        0.21018150448799133
      ]
    ]
  },
  "source_dimension": 3
}