{
  "leaspy_version": "1.5.0",
  "name": "linear",
  "features": [
    "ENCODING0",
    "ENCODING1",
    "ENCODING2",
    "ENCODING3"
  ],
  "dimension": 4,
  "fit_metrics": {
    "nll_regul_tau": 1505.44189453125,
    "nll_regul_xi": -99.12519073486328,
    "nll_regul_sources": 4114.63525390625,
    "nll_regul_tot": 5520.95263671875,
    "nll_attach": -61289.828125,
    "nll_tot": -55768.875
  },
  "noise_model": {
    "name": "gaussian-diagonal",
    "scale": [
      0.027325250208377838,
      0.019271939992904663,
      0.014734087511897087,
      0.06960318982601166
    ]
  },
  "parameters": {
    "g": [
      -0.3895752727985382,
      0.015869516879320145,
      0.17399680614471436,
      0.22808310389518738
    ],
    "v0": [
      -2.2933757305145264,
      -5.516892433166504,
      -4.923046588897705,
      -3.781395196914673
    ],
    "betas": [
      [
        -0.34499096870422363,
        -0.002598424442112446,
        0.04794417694211006
      ],
      [
        0.08100496232509613,
        0.3614948093891144,
        -0.13404396176338196
      ],
      [
        -0.05325339734554291,
        -0.134930819272995,
        0.2428063452243805
      ]
    ],
    "tau_mean": -2.0606274604797363,
    "tau_std": 2.078594923019409,
    "xi_mean": 0.0,
    "xi_std": 0.21002104878425598,
    "sources_mean": 0.0,
    "sources_std": 1.0,
    "mixing_matrix": [
      [
        0.019369062036275864,
        0.00438402034342289,
        -0.045770708471536636
      ],
      [
        -0.3446107804775238,
        -0.002512375358492136,
        0.04704579710960388
      ],
      [
        0.08169343322515488,
        0.36165064573287964,
        -0.13567087054252625
      ],
      [
        -0.05109715089201927,
        -0.1344427764415741,
        0.23771095275878906
      ]
    ]
  },
  "source_dimension": 3
}