{
  "leaspy_version": "1.5.0",
  "name": "linear",
  "features": [
    "ENCODING0",
    "ENCODING1",
    "ENCODING2",
    "ENCODING3"
  ],
  "dimension": 4,
  "fit_metrics": {
    "nll_regul_tau": 1535.09765625,
    "nll_regul_xi": -64.10684204101562,
    "nll_regul_sources": 4034.036376953125,
    "nll_regul_tot": 5505.02734375,
    "nll_attach": -58620.94140625,
    "nll_tot": -53115.90625
  },
  "noise_model": {
    "name": "gaussian-diagonal",
    "scale": [
      0.04152757674455643,
      0.04495937004685402,
      0.021981962025165558,
      0.019260171800851822
    ]
  },
  "parameters": {
    "g": [
      0.19057604670524597,
      -0.2125384360551834,
      0.3459421694278717,
      -0.05703042075037956
    ],
    "v0": [
      -10.737115859985352,
      -4.144382476806641,
      -2.434566020965576,
      -6.287604808807373
    ],
    "betas": [
      [
        -0.06538113951683044,
        0.25136348605155945,
        -0.09508976340293884
      ],
      [
        0.3098210096359253,
        -0.13044288754463196,
        0.20399706065654755
      ],
      [
        -0.07861871272325516,
        0.054616108536720276,
        0.3387609124183655
      ]
    ],
    "tau_mean": -0.1661810427904129,
    "tau_std": 2.1685473918914795,
    "xi_mean": 0.0,
    "xi_std": 0.22079496085643768,
    "sources_mean": 0.0,
    "sources_std": 1.0,
    "mixing_matrix": [
      [
        -0.29152944684028625,
        0.08245621621608734,
        -0.19084253907203674
      ],
      [
        -0.11725226789712906,
        0.26603469252586365,
        -0.12904591858386993
      ],
      [
        0.02308010496199131,
        -0.04934106022119522,
        0.016289232298731804
      ],
      [
        -0.08470197021961212,
        0.056336697190999985,
        0.33477863669395447
      ]
    ]
  },
  "source_dimension": 3
}