{
  "leaspy_version": "1.5.0",
  "name": "linear",
  "features": [
    "ENCODING0",
    "ENCODING1",
    "ENCODING2",
    "ENCODING3"
  ],
  "dimension": 4,
  "fit_metrics": {
    "nll_regul_tau": 1536.5172119140625,
    "nll_regul_xi": -51.672908782958984,
    "nll_regul_sources": 3897.311279296875,
    "nll_regul_tot": 5382.1552734375,
    "nll_attach": -59091.83984375,
    "nll_tot": -53709.6875
  },
  "noise_model": {
    "name": "gaussian-diagonal",
    "scale": [
      0.04189153015613556,
      0.0415034219622612,
      0.021158548071980476,
      0.020094120875000954
    ]
  },
  "parameters": {
    "g": [
      0.1750182956457138,
      -0.2155899554491043,
      0.32556965947151184,
      -0.011598832905292511
    ],
    "v0": [
      -10.254525184631348,
      -4.150723457336426,
      -2.438718557357788,
      -6.3268232345581055
    ],
    "betas": [
      [
        -0.12167719006538391,
        -0.08848635852336884,
        0.25121617317199707
      ],
      [
        0.3442712128162384,
        0.1741492599248886,
        -0.08516427129507065
      ],
      [
        0.1692398339509964,
        -0.32999810576438904,
        -0.010371960699558258
      ]
    ],
    "tau_mean": -0.3663031756877899,
    "tau_std": 2.1729488372802734,
    "xi_mean": 0.0,
    "xi_std": 0.22475188970565796,
    "sources_mean": 0.0,
    "sources_std": 1.0,
    "mixing_matrix": [
      [
        -0.3205287754535675,
        -0.14897912740707397,
        0.03938668966293335
      ],
      [
        -0.17857950925827026,
        -0.11493408679962158,
        0.25820836424827576
      ],
      [
        0.029029032215476036,
        0.027627291157841682,
        -0.04642719775438309
      ],
      [
        0.16278238594532013,
        -0.33299946784973145,
        -0.009578465484082699
      ]
    ]
  },
  "source_dimension": 3
}