{
  "leaspy_version": "1.5.0",
  "name": "linear",
  "features": [
    "ENCODING0",
    "ENCODING1",
    "ENCODING2",
    "ENCODING3"
  ],
  "dimension": 4,
  "fit_metrics": {
    "nll_regul_tau": 1545.256103515625,
    "nll_regul_xi": -67.24943542480469,
    "nll_regul_sources": 3878.9853515625,
    "nll_regul_tot": 5356.99169921875,
    "nll_attach": -55552.1015625,
    "nll_tot": -50195.10546875
  },
  "noise_model": {
    "name": "gaussian-diagonal",
    "scale": [
      0.03650201857089996,
      0.09335146099328995,
      0.01954597607254982,
      0.01840502955019474
    ]
  },
  "parameters": {
    "g": [
      0.19341783225536346,
      -0.21580150723457336,
      0.22193056344985962,
      -0.03325401991605759
    ],
    "v0": [
      -11.416051864624023,
      -4.289094924926758,
      -2.4632763862609863,
      -7.024237155914307
    ],
    "betas": [
      [
        0.17488224804401398,
        -0.23043055832386017,
        -0.001644125790335238
      ],
      [
        0.055463407188653946,
        0.4113432466983795,
        0.009278327226638794
      ],
      [
        0.049501098692417145,
        0.03239121288061142,
        0.3571607768535614
      ]
    ],
    "tau_mean": -1.4907939434051514,
    "tau_std": 2.200247287750244,
    "xi_mean": 0.0,
    "xi_std": 0.2198060154914856,
    "sources_mean": 0.0,
    "sources_std": 1.0,
    "mixing_matrix": [
      [
        -0.08307639509439468,
        -0.3697759211063385,
        -0.01258363388478756
      ],
      [
        0.16167253255844116,
        -0.2892274260520935,
        -0.003645008895546198
      ],
      [
        -0.02654081955552101,
        0.046339575201272964,
        -0.0031429047230631113
      ],
      [
        0.048643987625837326,
        0.028576189652085304,
        0.3570309579372406
      ]
    ]
  },
  "source_dimension": 3
}