{
  "leaspy_version": "1.5.0",
  "name": "linear",
  "features": [
    "ENCODING0",
    "ENCODING1",
    "ENCODING2",
    "ENCODING3"
  ],
  "dimension": 4,
  "fit_metrics": {
    "nll_regul_tau": 1494.846435546875,
    "nll_regul_xi": -78.06224822998047,
    "nll_regul_sources": 3926.2119140625,
    "nll_regul_tot": 5342.99609375,
    "nll_attach": -59452.4375,
    "nll_tot": -54109.4453125
  },
  "noise_model": {
    "name": "gaussian-diagonal",
    "scale": [
      0.027005884796380997,
      0.012029365636408329,
      0.019412586465477943,
      0.11136440187692642
    ]
  },
  "parameters": {
    "g": [
      -0.41303420066833496,
      0.02216319367289543,
      0.1491333395242691,
      0.2379973977804184
    ],
    "v0": [
      -2.286505699157715,
      -5.494272232055664,
      -4.912434101104736,
      -3.772156238555908
    ],
    "betas": [
      [
        -0.39438578486442566,
        -0.06164391338825226,
        0.072760671377182
      ],
      [
        0.03600209206342697,
        0.3547274172306061,
        -0.08451392501592636
      ],
      [
        -0.021084830164909363,
        -0.14998666942119598,
        0.22307689487934113
      ]
    ],
    "tau_mean": -2.279223918914795,
    "tau_std": 2.047370195388794,
    "xi_mean": 0.0,
    "xi_std": 0.2164367139339447,
    "sources_mean": 0.0,
    "sources_std": 1.0,
    "mixing_matrix": [
      [
        0.017614202573895454,
        0.010471072047948837,
        -0.04600327089428902
      ],
      [
        -0.39403459429740906,
        -0.061435140669345856,
        0.0718434676527977
      ],
      [
        0.03663048520684242,
        0.35510098934173584,
        -0.08615510165691376
      ],
      [
        -0.019119447097182274,
        -0.14881831407546997,
        0.21794387698173523
      ]
    ]
  },
  "source_dimension": 3
}