{
  "leaspy_version": "1.5.0",
  "name": "linear",
  "features": [
    "ENCODING0",
    "ENCODING1",
    "ENCODING2",
    "ENCODING3"
  ],
  "dimension": 4,
  "fit_metrics": {
    "nll_regul_tau": 4390.28759765625,
    "nll_regul_xi": 875.00244140625,
    "nll_regul_sources": 3818.23779296875,
    "nll_regul_tot": 9083.5263671875,
    "nll_attach": -35570.578125,
    "nll_tot": -26487.052734375
  },
  "noise_model": {
    "name": "gaussian-diagonal",
    "scale": [
      0.0203013364225626,
      0.07846088707447052,
      0.41774165630340576,
      0.03199802339076996
    ]
  },
  "parameters": {
    "g": [
      -0.0797438845038414,
      -0.14265824854373932,
      0.008074872195720673,
      0.04212060198187828
    ],
    "v0": [
      -7.070670127868652,
      -7.29518985748291,
      -8.126948356628418,
      -5.627574920654297
    ],
    "betas": [
      [
        -0.31494373083114624,
        0.022570297122001648,
        0.14155203104019165
      ],
      [
        0.05315600708127022,
        0.0334508940577507,
        0.1254415065050125
      ],
      [
        -0.15709109604358673,
        -0.24433819949626923,
        0.17404992878437042
      ]
    ],
    "tau_mean": 5.501469612121582,
    "tau_std": 128.11135864257812,
    "xi_mean": 0.0,
    "xi_std": 0.8445577025413513,
    "sources_mean": 0.0,
    "sources_std": 1.0,
    "mixing_matrix": [
      [
        0.2024518847465515,
        0.22647833824157715,
        -0.20141151547431946
      ],
      [
        -0.28519412875175476,
        0.05585049092769623,
        0.11195530742406845
      ],
      [
        0.06610549986362457,
        0.04793720319867134,
        0.11255855858325958
      ],
      [
        0.0005672350525856018,
        -0.06796938180923462,
        0.017201775684952736
      ]
    ]
  },
  "source_dimension": 3
}