{
  "leaspy_version": "1.5.0",
  "name": "linear",
  "features": [
    "ENCODING0",
    "ENCODING1",
    "ENCODING2",
    "ENCODING3"
  ],
  "dimension": 4,
  "fit_metrics": {
    "nll_regul_tau": 12561.8779296875,
    "nll_regul_xi": 651.391845703125,
    "nll_regul_sources": 3887.939453125,
    "nll_regul_tot": 17101.208984375,
    "nll_attach": -47631.05859375,
    "nll_tot": -30529.84765625
  },
  "noise_model": {
    "name": "gaussian-diagonal",
    "scale": [
      0.27511006593704224,
      0.03471222519874573,
      0.018197784200310707,
      0.02187340520322323
    ]
  },
  "parameters": {
    "g": [
      -0.19877871870994568,
      0.3569508194923401,
      0.04791542887687683,
      2.8127931398115837e-21
    ],
    "v0": [
      -19.768644332885742,
      -23.76264190673828,
      -20.510286331176758,
      -17.276500701904297
    ],
    "betas": [
      [
        0.18145246803760529,
        0.05010610073804855,
        0.035449884831905365
      ],
      [
        -0.045406609773635864,
        -0.4001111388206482,
        0.082441046833992
      ],
      [
        -0.010115742683410645,
        0.003707167226821184,
        0.03882408142089844
      ]
    ],
    "tau_mean": -949333.375,
    "tau_std": 15045691.0,
    "xi_mean": 0.0,
    "xi_std": 0.6136184930801392,
    "sources_mean": 0.0,
    "sources_std": 1.0,
    "mixing_matrix": [
      [
        0.011579984799027443,
        0.011934026144444942,
        -0.04195113852620125
      ],
      [
        0.18146871030330658,
        0.050122834742069244,
        0.03539104759693146
      ],
      [
        -0.04498676210641861,
        -0.39967846870422363,
        0.08092004060745239
      ],
      [
        0.0005381641676649451,
        0.014686803333461285,
        0.00022787204943597317
      ]
    ]
  },
  "source_dimension": 3
}