{
  "leaspy_version": "1.5.0",
  "name": "linear",
  "features": [
    "ENCODING0",
    "ENCODING1",
    "ENCODING2",
    "ENCODING3"
  ],
  "dimension": 4,
  "fit_metrics": {
    "nll_regul_tau": 1531.3369140625,
    "nll_regul_xi": -106.80546569824219,
    "nll_regul_sources": 3950.10888671875,
    "nll_regul_tot": 5374.64013671875,
    "nll_attach": -53744.45703125,
    "nll_tot": -48369.828125
  },
  "noise_model": {
    "name": "gaussian-diagonal",
    "scale": [
      0.165449857711792,
      0.04272434487938881,
      0.008846722543239594,
      0.025366317480802536
    ]
  },
  "parameters": {
    "g": [
      0.27139630913734436,
      -0.1281886100769043,
      -0.15578795969486237,
      -0.1835474967956543
    ],
    "v0": [
      -4.10552453994751,
      -6.764233112335205,
      -10.301612854003906,
      -2.2880191802978516
    ],
    "betas": [
      [
        -0.3379095792770386,
        0.022365571931004524,
        -0.024629423394799232
      ],
      [
        0.15992371737957,
        0.3454975485801697,
        -0.19212988018989563
      ],
      [
        0.0012224743841215968,
        -0.05839357152581215,
        0.2224780023097992
      ]
    ],
    "tau_mean": -0.014456716366112232,
    "tau_std": 2.156928777694702,
    "xi_mean": 0.0,
    "xi_std": 0.2077292501926422,
    "sources_mean": 0.0,
    "sources_std": 1.0,
    "mixing_matrix": [
      [
        0.002535406034439802,
        0.05727054178714752,
        -0.2192467302083969
      ],
      [
        -0.3378850519657135,
        0.022919785231351852,
        -0.026751095429062843
      ],
      [
        0.1599244326353073,
        0.3455136716365814,
        -0.19219158589839935
      ],
      [
        0.0033791647292673588,
        -0.009677570313215256,
        0.03598029538989067
      ]
    ]
  },
  "source_dimension": 3
}