{
  "leaspy_version": "1.5.0",
  "name": "linear",
  "features": [
    "ENCODING0",
    "ENCODING1",
    "ENCODING2",
    "ENCODING3"
  ],
  "dimension": 4,
  "fit_metrics": {
    "nll_regul_tau": 12479.8046875,
    "nll_regul_xi": 891.00341796875,
    "nll_regul_sources": 3942.453125,
    "nll_regul_tot": 17313.26171875,
    "nll_attach": -34296.46875,
    "nll_tot": -16983.205078125
  },
  "noise_model": {
    "name": "gaussian-diagonal",
    "scale": [
      0.010684248991310596,
      0.26154544949531555,
      0.18126414716243744,
      0.050419557839632034
    ]
  },
  "parameters": {
    "g": [
      -0.1598614752292633,
      -0.16447778046131134,
      -0.20417076349258423,
      0.22274664044380188
    ],
    "v0": [
      -18.176820755004883,
      -20.848142623901367,
      -17.72869110107422,
      -17.65664291381836
    ],
    "betas": [
      [
        -0.02652231603860855,
        0.020673584192991257,
        -0.0692434161901474
      ],
      [
        0.2796013057231903,
        0.20007823407649994,
        -0.05072887986898422
      ],
      [
        0.05112422630190849,
        0.21284322440624237,
        0.04645626246929169
      ]
    ],
    "tau_mean": -2968323.75,
    "tau_std": 13381107.0,
    "xi_mean": 0.0,
    "xi_std": 0.8640874028205872,
    "sources_mean": 0.0,
    "sources_std": 1.0,
    "mixing_matrix": [
      [
        -0.20815333724021912,
        -0.26832079887390137,
        0.0024109259247779846
      ],
      [
        -0.03062717244029045,
        0.01538220513612032,
        -0.06919587403535843
      ],
      [
        0.18669213354587555,
        0.08031335473060608,
        -0.049652762711048126
      ],
      [
        -0.048725906759500504,
        0.08413106203079224,
        0.04761277139186859
      ]
    ]
  },
  "source_dimension": 3
}