{
  "leaspy_version": "1.5.0",
  "name": "linear",
  "features": [
    "ENCODING0",
    "ENCODING1",
    "ENCODING2",
    "ENCODING3"
  ],
  "dimension": 4,
  "fit_metrics": {
    "nll_regul_tau": 10443.115234375,
    "nll_regul_xi": 778.2593383789062,
    "nll_regul_sources": 3609.9912109375,
    "nll_regul_tot": 14831.365234375,
    "nll_attach": -29582.291015625,
    "nll_tot": -14750.9248046875
  },
  "noise_model": {
    "name": "gaussian-diagonal",
    "scale": [
      0.2548779845237732,
      0.2801862359046936,
      0.014497248455882072,
      0.04837679862976074
    ]
  },
  "parameters": {
    "g": [
      -0.3862156271934509,
      -0.14835752546787262,
      -0.23571252822875977,
      0.004581518936902285
    ],
    "v0": [
      -14.778243064880371,
      -20.081348419189453,
      -15.817605972290039,
      -14.698467254638672
    ],
    "betas": [
      [
        -0.015010189265012741,
        -0.0005925894947722554,
        -0.005763022229075432
      ],
      [
        0.2533930242061615,
        -0.19250379502773285,
        0.16727764904499054
      ],
      [
        0.05498736351728439,
        0.08116587996482849,
        0.19385184347629547
      ]
    ],
    "tau_mean": -684319.5,
    "tau_std": 729267.1875,
    "xi_mean": 0.0,
    "xi_std": 0.735543429851532,
    "sources_mean": 0.0,
    "sources_std": 1.0,
    "mixing_matrix": [
      [
        -0.09835368394851685,
        -0.013073384761810303,
        -0.17750224471092224
      ],
      [
        -0.01520471554249525,
        -0.0006184463854879141,
        -0.006114091724157333
      ],
      [
        0.23956693708896637,
        -0.19434159994125366,
        0.1423252373933792
      ],
      [
        0.012648897245526314,
        0.07553815841674805,
        0.11744217574596405
      ]
    ]
  },
  "source_dimension": 3
}