{
  "leaspy_version": "1.5.0",
  "name": "linear",
  "features": [
    "ENCODING0",
    "ENCODING1",
    "ENCODING2",
    "ENCODING3"
  ],
  "dimension": 4,
  "fit_metrics": {
    "nll_regul_tau": 4385.92578125,
    "nll_regul_xi": 872.9810791015625,
    "nll_regul_sources": 3798.920166015625,
    "nll_regul_tot": 9057.8271484375,
    "nll_attach": -34971.7109375,
    "nll_tot": -25913.8828125
  },
  "noise_model": {
    "name": "gaussian-diagonal",
    "scale": [
      0.021051544696092606,
      0.08030898123979568,
      0.41994306445121765,
      0.03266682103276253
    ]
  },
  "parameters": {
    "g": [
      -0.08826592564582825,
      -0.11266683042049408,
      0.009247123263776302,
      0.04003501310944557
    ],
    "v0": [
      -7.309524059295654,
      -7.655998229980469,
      -8.001102447509766,
      -5.630184173583984
    ],
    "betas": [
      [
        0.28246647119522095,
        0.027608798816800117,
        0.18404260277748108
      ],
      [
        -0.09086234122514725,
        0.029223207384347916,
        0.12073574215173721
      ],
      [
        0.14389267563819885,
        -0.2331763654947281,
        0.21567872166633606
      ]
    ],
    "tau_mean": 8.057981491088867,
    "tau_std": 127.31575012207031,
    "xi_mean": 0.0,
    "xi_std": 0.8421244621276855,
    "sources_mean": 0.0,
    "sources_std": 1.0,
    "mixing_matrix": [
      [
        -0.1676313430070877,
        0.22020010650157928,
        -0.2439105212688446
      ],
      [
        0.26429271697998047,
        0.05148179456591606,
        0.15759903192520142
      ],
      [
        -0.10373201966285706,
        0.046128787100315094,
        0.10200981795787811
      ],
      [
        0.00609414279460907,
        -0.05216457322239876,
        0.01517617329955101
      ]
    ]
  },
  "source_dimension": 3
}