{
  "leaspy_version": "1.5.0",
  "name": "linear",
  "features": [
    "ENCODING0",
    "ENCODING1",
    "ENCODING2",
    "ENCODING3"
  ],
  "dimension": 4,
  "fit_metrics": {
    "nll_regul_tau": 13469.64453125,
    "nll_regul_xi": 819.094482421875,
    "nll_regul_sources": 3784.79833984375,
    "nll_regul_tot": 18073.53515625,
    "nll_attach": -46572.0546875,
    "nll_tot": -28498.515625
  },
  "noise_model": {
    "name": "gaussian-diagonal",
    "scale": [
      0.28970053791999817,
      0.036535922437906265,
      0.01907045766711235,
      0.021906865760684013
    ]
  },
  "parameters": {
    "g": [
      -0.18430782854557037,
      0.37295350432395935,
      0.0037156108301132917,
      2.0951169367921987e-15
    ],
    "v0": [
      -21.253822326660156,
      -20.27960968017578,
      -19.73550796508789,
      -18.649686813354492
    ],
    "betas": [
      [
        -0.21863314509391785,
        -0.05543782189488411,
        -0.010350842028856277
      ],
      [
        0.14562661945819855,
        0.41534367203712463,
        0.10669665783643723
      ],
      [
        0.0013502318179234862,
        -0.11872470378875732,
        0.013688238337635994
      ]
    ],
    "tau_mean": -3419495.75,
    "tau_std": 55031240.0,
    "xi_mean": 0.0,
    "xi_std": 0.7797272205352783,
    "sources_mean": 0.0,
    "sources_std": 1.0,
    "mixing_matrix": [
      [
        -0.007134824991226196,
        -0.00989067554473877,
        -0.0443139411509037
      ],
      [
        -0.21984882652759552,
        -0.057123057544231415,
        -0.01790132187306881
      ],
      [
        0.143531933426857,
        0.41243991255760193,
        0.09368672221899033
      ],
      [
        -0.004853939171880484,
        -0.12732525169849396,
        -0.024845488369464874
      ]
    ]
  },
  "source_dimension": 3
}