{
  "leaspy_version": "1.5.0",
  "name": "linear",
  "features": [
    "ENCODING0",
    "ENCODING1",
    "ENCODING2",
    "ENCODING3"
  ],
  "dimension": 4,
  "fit_metrics": {
    "nll_regul_tau": 8942.73828125,
    "nll_regul_xi": 805.5418090820312,
    "nll_regul_sources": 3761.7841796875,
    "nll_regul_tot": 13510.0654296875,
    "nll_attach": -44752.671875,
    "nll_tot": -31242.603515625
  },
  "noise_model": {
    "name": "gaussian-diagonal",
    "scale": [
      0.31816619634628296,
      0.039595913141965866,
      0.020463893190026283,
      0.022248486056923866
    ]
  },
  "parameters": {
    "g": [
      -0.1979619413614273,
      0.3692129850387573,
      2.606861670972904e-10,
      1.682513720879797e-05
    ],
    "v0": [
      -14.634170532226562,
      -15.549237251281738,
      -13.335323333740234,
      -12.122285842895508
    ],
    "betas": [
      [
        -0.16474241018295288,
        -0.14176985621452332,
        0.011505482718348503
      ],
      [
        -0.1215905025601387,
        0.37851130962371826,
        -0.053545914590358734
      ],
      [
        0.0422947071492672,
        -0.09010244160890579,
        0.05239042639732361
      ]
    ],
    "tau_mean": -3876.8564453125,
    "tau_std": 85511.3125,
    "xi_mean": 0.0,
    "xi_std": 0.7647789716720581,
    "sources_mean": 0.0,
    "sources_std": 1.0,
    "mixing_matrix": [
      [
        -0.0007593072950839996,
        -0.0170222669839859,
        -0.03519444540143013
      ],
      [
        -0.16476428508758545,
        -0.14226007461547852,
        0.010491921566426754
      ],
      [
        -0.12179062515497208,
        0.37402504682540894,
        -0.06282147765159607
      ],
      [
        0.041621576994657516,
        -0.10519278049468994,
        0.0211903415620327
      ]
    ]
  },
  "source_dimension": 3
}