{
  "leaspy_version": "1.5.0",
  "name": "linear",
  "features": [
    "ENCODING0",
    "ENCODING1",
    "ENCODING2",
    "ENCODING3"
  ],
  "dimension": 4,
  "fit_metrics": {
    "nll_regul_tau": 1490.3441162109375,
    "nll_regul_xi": -75.36947631835938,
    "nll_regul_sources": 4175.12548828125,
    "nll_regul_tot": 5590.099609375,
    "nll_attach": -57976.12890625,
    "nll_tot": -52386.03125
  },
  "noise_model": {
    "name": "gaussian-diagonal",
    "scale": [
      0.02788463793694973,
      0.009976954199373722,
      0.08570758998394012,
      0.03636752441525459
    ]
  },
  "parameters": {
    "g": [
      -0.3620964288711548,
      0.033194515854120255,
      0.21254855394363403,
      0.22165736556053162
    ],
    "v0": [
      -2.2809805870056152,
      -5.451635360717773,
      -4.983987808227539,
      -3.727915048599243
    ],
    "betas": [
      [
        0.00135569809935987,
        -0.4095582067966461,
        0.037645429372787476
      ],
      [
        -0.013622317463159561,
        0.08896103501319885,
        -0.30928951501846313
      ],
      [
        -0.1783660501241684,
        -0.11123920232057571,
        0.1580440104007721
      ]
    ],
    "tau_mean": -1.7702895402908325,
    "tau_std": 2.03424334526062,
    "xi_mean": 0.0,
    "xi_std": 0.2172708958387375,
    "sources_mean": 0.0,
    "sources_std": 1.0,
    "mixing_matrix": [
      [
        0.041562408208847046,
        0.03630281239748001,
        -0.017511503770947456
      ],
      [
        0.002214974258095026,
        -0.4088076651096344,
        0.03728339448571205
      ],
      [
        -0.01225071121007204,
        0.09015907347202301,
        -0.30986741185188293
      ],
      [
        -0.17354951798915863,
        -0.1070321798324585,
        0.15601466596126556
      ]
    ]
  },
  "source_dimension": 3
}