{
  "leaspy_version": "1.5.0",
  "name": "linear",
  "features": [
    "ENCODING0",
    "ENCODING1",
    "ENCODING2",
    "ENCODING3"
  ],
  "dimension": 4,
  "fit_metrics": {
    "nll_regul_tau": 17501.201171875,
    "nll_regul_xi": 815.7612915039062,
    "nll_regul_sources": 3780.807373046875,
    "nll_regul_tot": 22097.76953125,
    "nll_attach": -33478.40234375,
    "nll_tot": -11380.6357421875
  },
  "noise_model": {
    "name": "gaussian-diagonal",
    "scale": [
      0.21603021025657654,
      0.05949603021144867,
      0.29128363728523254,
      0.007668312173336744
    ]
  },
  "parameters": {
    "g": [
      -0.2144699990749359,
      -3.2146147722900142e-12,
      2.614622394690829e-21,
      1.6294407229749952e-12
    ],
    "v0": [
      -24.792287826538086,
      -27.869421005249023,
      -26.933544158935547,
      -24.529394149780273
    ],
    "betas": [
      [
        -0.3319735527038574,
        -0.013457303866744041,
        -0.1273147016763687
      ],
      [
        0.048639655113220215,
        0.051812704652547836,
        0.021128680557012558
      ],
      [
        -0.2971111834049225,
        -0.09056356549263,
        0.11765462905168533
      ]
    ],
    "tau_mean": -3147191808.0,
    "tau_std": 17452984320.0,
    "xi_mean": 0.0,
    "xi_std": 0.7760274410247803,
    "sources_mean": 0.0,
    "sources_std": 1.0,
    "mixing_matrix": [
      [
        0.24067503213882446,
        0.06826239824295044,
        -0.09094210714101791
      ],
      [
        -0.32778042554855347,
        -0.012268010526895523,
        -0.12889914214611053
      ],
      [
        0.05932983011007309,
        0.054844748228788376,
        0.01708926260471344
      ],
      [
        -0.1787814348936081,
        -0.05700182542204857,
        0.07294223457574844
      ]
    ]
  },
  "source_dimension": 3
}