{
  "leaspy_version": "1.5.0",
  "name": "linear",
  "features": [
    "ENCODING0",
    "ENCODING1",
    "ENCODING2",
    "ENCODING3"
  ],
  "dimension": 4,
  "fit_metrics": {
    "nll_regul_tau": 1509.0455322265625,
    "nll_regul_xi": -58.54899978637695,
    "nll_regul_sources": 3894.197998046875,
    "nll_regul_tot": 5344.69384765625,
    "nll_attach": -55599.66796875,
    "nll_tot": -50254.97265625
  },
  "noise_model": {
    "name": "gaussian-diagonal",
    "scale": [
      0.031282346695661545,
      0.010490715503692627,
      0.10037031769752502,
      0.03696724399924278
    ]
  },
  "parameters": {
    "g": [
      -0.3538203239440918,
      0.030342254787683487,
      0.16828185319900513,
      0.27928051352500916
    ],
    "v0": [
      -2.2627432346343994,
      -5.40903377532959,
      -4.878037452697754,
      -3.724968910217285
    ],
    "betas": [
      [
        -0.42722514271736145,
        -0.15682169795036316,
        0.0454811230301857
      ],
      [
        0.009211321361362934,
        0.2977703809738159,
        0.14722776412963867
      ],
      [
        -0.006733324844390154,
        -0.25948387384414673,
        0.10397973656654358
      ]
    ],
    "tau_mean": -1.5209354162216187,
    "tau_std": 2.089322566986084,
    "xi_mean": 0.0,
    "xi_std": 0.22255468368530273,
    "sources_mean": 0.0,
    "sources_std": 1.0,
    "mixing_matrix": [
      [
        0.018701031804084778,
        0.0437786728143692,
        -0.0357472263276577
      ],
      [
        -0.42682892084121704,
        -0.15589413046836853,
        0.04472371190786362
      ],
      [
        0.009885170497000217,
        0.299347847700119,
        0.1459396779537201
      ],
      [
        -0.00459864130243659,
        -0.254486620426178,
        0.09989926964044571
      ]
    ]
  },
  "source_dimension": 3
}