{
  "leaspy_version": "1.5.0",
  "name": "linear",
  "features": [
    "ENCODING0",
    "ENCODING1",
    "ENCODING2",
    "ENCODING3"
  ],
  "dimension": 4,
  "fit_metrics": {
    "nll_regul_tau": 1494.636962890625,
    "nll_regul_xi": -72.73946380615234,
    "nll_regul_sources": 3941.79150390625,
    "nll_regul_tot": 5363.6884765625,
    "nll_attach": -57868.4765625,
    "nll_tot": -52504.796875
  },
  "noise_model": {
    "name": "gaussian-diagonal",
    "scale": [
      0.027744511142373085,
      0.011023260653018951,
      0.10969404876232147,
      0.026245813816785812
    ]
  },
  "parameters": {
    "g": [
      -0.38556867837905884,
      0.014442041516304016,
      0.17253097891807556,
      0.22450894117355347
    ],
    "v0": [
      -2.278939962387085,
      -5.616316795349121,
      -5.091587543487549,
      -3.843522071838379
    ],
    "betas": [
      [
        -0.3777221143245697,
        -0.044315699487924576,
        -0.054487794637680054
      ],
      [
        0.04417446255683899,
        0.28222140669822693,
        0.15219300985336304
      ],
      [
        -0.08634701371192932,
        -0.28146517276763916,
        0.09300795942544937
      ]
    ],
    "tau_mean": -2.124232053756714,
    "tau_std": 2.0467581748962402,
    "xi_mean": 0.0,
    "xi_std": 0.21808843314647675,
    "sources_mean": 0.0,
    "sources_std": 1.0,
    "mixing_matrix": [
      [
        0.028153344988822937,
        0.042483359575271606,
        -0.026032214984297752
      ],
      [
        -0.37722793221473694,
        -0.04356994107365608,
        -0.05494476854801178
      ],
      [
        0.04500967636704445,
        0.28348177671432495,
        0.1514207273721695
      ],
      [
        -0.0834374651312828,
        -0.2770746648311615,
        0.09031762182712555
      ]
    ]
  },
  "source_dimension": 3
}