{
  "leaspy_version": "1.5.0",
  "name": "linear",
  "features": [
    "ENCODING0",
    "ENCODING1",
    "ENCODING2",
    "ENCODING3"
  ],
  "dimension": 4,
  "fit_metrics": {
    "nll_regul_tau": 1515.4720458984375,
    "nll_regul_xi": -95.8997573852539,
    "nll_regul_sources": 3988.0966796875,
    "nll_regul_tot": 5407.669921875,
    "nll_attach": -55619.99609375,
    "nll_tot": -50212.33203125
  },
  "noise_model": {
    "name": "gaussian-diagonal",
    "scale": [
      0.18126466870307922,
      0.02951902337372303,
      0.00915287435054779,
      0.024785282090306282
    ]
  },
  "parameters": {
    "g": [
      0.25802624225616455,
      -0.1295112520456314,
      -0.1488061100244522,
      -0.2477901130914688
    ],
    "v0": [
      -3.9638335704803467,
      -6.764553546905518,
      -11.174089431762695,
      -2.288560390472412
    ],
    "betas": [
      [
        -0.31860125064849854,
        0.08686419576406479,
        -0.06265131384134293
      ],
      [
        0.24994304776191711,
        0.29529863595962524,
        -0.16411516070365906
      ],
      [
        -0.04344237595796585,
        -0.04976639524102211,
        0.19776640832424164
      ]
    ],
    "tau_mean": -0.6898399591445923,
    "tau_std": 2.108593702316284,
    "xi_mean": 0.0,
    "xi_std": 0.210990771651268,
    "sources_mean": 0.0,
    "sources_std": 1.0,
    "mixing_matrix": [
      [
        0.04622669145464897,
        0.0479014590382576,
        -0.19365248084068298
      ],
      [
        -0.3181646466255188,
        0.08731664717197418,
        -0.06448044627904892
      ],
      [
        0.24994835257530212,
        0.29530414938926697,
        -0.16413740813732147
      ],
      [
        -0.005070494022220373,
        -0.010004320181906223,
        0.03701923042535782
      ]
    ]
  },
  "source_dimension": 3
}