{
  "leaspy_version": "1.5.0",
  "name": "linear",
  "features": [
    "ENCODING0",
    "ENCODING1",
    "ENCODING2",
    "ENCODING3"
  ],
  "dimension": 4,
  "fit_metrics": {
    "nll_regul_tau": 21561.65234375,
    "nll_regul_xi": 743.9075927734375,
    "nll_regul_sources": 3629.057373046875,
    "nll_regul_tot": 25934.6171875,
    "nll_attach": -33293.28515625,
    "nll_tot": -7358.66748046875
  },
  "noise_model": {
    "name": "gaussian-diagonal",
    "scale": [
      0.22037740051746368,
      0.06155663728713989,
      0.2816837728023529,
      0.007719310466200113
    ]
  },
  "parameters": {
    "g": [
      -0.2178681343793869,
      -6.332103352942042e-13,
      2.2592626268503086e-25,
      4.280172731999763e-20
    ],
    "v0": [
      -30.486919403076172,
      -33.20486068725586,
      -32.604244232177734,
      -30.42782974243164
    ],
    "betas": [
      [
        -0.358456552028656,
        0.0001017416434478946,
        -0.06610292196273804
      ],
      [
        0.04830530285835266,
        0.04059601575136185,
        0.0068773929961025715
      ],
      [
        -0.27897119522094727,
        -0.14384934306144714,
        0.17483189702033997
      ]
    ],
    "tau_mean": -1199849603072.0,
    "tau_std": 5768433106944.0,
    "xi_mean": 0.0,
    "xi_std": 0.7003207206726074,
    "sources_mean": 0.0,
    "sources_std": 1.0,
    "mixing_matrix": [
      [
        0.21429497003555298,
        0.10087345540523529,
        -0.12424597144126892
      ],
      [
        -0.3527163863182068,
        0.0028037677984684706,
        -0.06943100690841675
      ],
      [
        0.05877102538943291,
        0.04552246630191803,
        0.000809479970484972
      ],
      [
        -0.186719611287117,
        -0.10042445361614227,
        0.1213454008102417
      ]
    ]
  },
  "source_dimension": 3
}