{
  "leaspy_version": "1.5.0",
  "name": "linear",
  "features": [
    "ENCODING0",
    "ENCODING1",
    "ENCODING2",
    "ENCODING3"
  ],
  "dimension": 4,
  "fit_metrics": {
    "nll_regul_tau": 4772.8564453125,
    "nll_regul_xi": 815.8703002929688,
    "nll_regul_sources": 3811.340576171875,
    "nll_regul_tot": 9400.0693359375,
    "nll_attach": -37504.2265625,
    "nll_tot": -28104.154296875
  },
  "noise_model": {
    "name": "gaussian-diagonal",
    "scale": [
      0.02181113138794899,
      0.07976842671632767,
      0.4304772615432739,
      0.021566299721598625
    ]
  },
  "parameters": {
    "g": [
      -0.07788674533367157,
      -0.1215643361210823,
      0.011257843114435673,
      0.04362926259636879
    ],
    "v0": [
      -7.082885265350342,
      -7.536104679107666,
      -8.542972564697266,
      -6.112783432006836
    ],
    "betas": [
      [
        -0.2254515290260315,
        -0.2946329116821289,
        0.07584790885448456
      ],
      [
        0.09173257648944855,
        -0.0629262700676918,
        0.056452009826898575
      ],
      [
        -0.18184524774551392,
        -0.0746878981590271,
        0.2684937119483948
      ]
    ],
    "tau_mean": -39.26927947998047,
    "tau_std": 221.280029296875,
    "xi_mean": 0.0,
    "xi_std": 0.7761443257331848,
    "sources_mean": 0.0,
    "sources_std": 1.0,
    "mixing_matrix": [
      [
        0.2073962241411209,
        0.13749194145202637,
        -0.2652730345726013
      ],
      [
        -0.1916644275188446,
        -0.2722339630126953,
        0.03263203427195549
      ],
      [
        0.10407709330320358,
        -0.05474255606532097,
        0.04066259413957596
      ],
      [
        -0.04159888997673988,
        0.01828748546540737,
        0.08910965174436569
      ]
    ]
  },
  "source_dimension": 3
}