{
  "leaspy_version": "1.5.0",
  "name": "linear",
  "features": [
    "ENCODING0",
    "ENCODING1",
    "ENCODING2",
    "ENCODING3"
  ],
  "dimension": 4,
  "fit_metrics": {
    "nll_regul_tau": 1495.0045166015625,
    "nll_regul_xi": -81.7285385131836,
    "nll_regul_sources": 3916.63818359375,
    "nll_regul_tot": 5329.91455078125,
    "nll_attach": -60994.76953125,
    "nll_tot": -55664.85546875
  },
  "noise_model": {
    "name": "gaussian-diagonal",
    "scale": [
      0.027691978961229324,
      0.017100021243095398,
      0.014726984314620495,
      0.08079122006893158
    ]
  },
  "parameters": {
    "g": [
      -0.3717496693134308,
      0.018060928210616112,
      0.18410615622997284,
      0.23728658258914948
    ],
    "v0": [
      -2.280663013458252,
      -5.525684356689453,
      -4.983207702636719,
      -3.7886171340942383
    ],
    "betas": [
      [
        -0.347072958946228,
        -0.026109253987669945,
        0.08333324640989304
      ],
      [
        0.06440287083387375,
        0.386293888092041,
        -0.11029856652021408
      ],
      [
        -0.017042750492691994,
        -0.1609680950641632,
        0.2500780522823334
      ]
    ],
    "tau_mean": -1.8889451026916504,
    "tau_std": 2.0478310585021973,
    "xi_mean": 0.0,
    "xi_std": 0.2153061032295227,
    "sources_mean": 0.0,
    "sources_std": 1.0,
    "mixing_matrix": [
      [
        0.012637091800570488,
        0.010470448061823845,
        -0.049858275800943375
      ],
      [
        -0.3468300402164459,
        -0.025907982140779495,
        0.08237481862306595
      ],
      [
        0.06482076644897461,
        0.38664013147354126,
        -0.11194731295108795
      ],
      [
        -0.01566278748214245,
        -0.15982472896575928,
        0.24463355541229248
      ]
    ]
  },
  "source_dimension": 3
}