{
  "leaspy_version": "1.5.0",
  "name": "linear",
  "features": [
    "ENCODING0",
    "ENCODING1",
    "ENCODING2",
    "ENCODING3"
  ],
  "dimension": 4,
  "fit_metrics": {
    "nll_regul_tau": 1515.4892578125,
    "nll_regul_xi": -112.21913146972656,
    "nll_regul_sources": 4014.251220703125,
    "nll_regul_tot": 5417.5205078125,
    "nll_attach": -57804.9453125,
    "nll_tot": -52387.4140625
  },
  "noise_model": {
    "name": "gaussian-diagonal",
    "scale": [
      0.19073016941547394,
      0.012508368119597435,
      0.014274811372160912,
      0.026096221059560776
    ]
  },
  "parameters": {
    "g": [
      0.2300991415977478,
      -0.13480131328105927,
      -0.14437878131866455,
      -0.2724710702896118
    ],
    "v0": [
      -3.9656686782836914,
      -8.244019508361816,
      -8.91898250579834,
      -2.294074535369873
    ],
    "betas": [
      [
        0.09654550999403,
        -0.31604743003845215,
        0.1793079376220703
      ],
      [
        0.2605135142803192,
        0.2973504662513733,
        0.05699923262000084
      ],
      [
        -0.03317730128765106,
        -0.09982059895992279,
        -0.15209919214248657
      ]
    ],
    "tau_mean": -0.955767810344696,
    "tau_std": 2.108645439147949,
    "xi_mean": 0.0,
    "xi_std": 0.20612896978855133,
    "sources_mean": 0.0,
    "sources_std": 1.0,
    "mixing_matrix": [
      [
        0.03201927989721298,
        0.09852421283721924,
        0.14894777536392212
      ],
      [
        0.09661472588777542,
        -0.3158344328403473,
        0.17962992191314697
      ],
      [
        0.26054874062538147,
        0.2974589169025421,
        0.05716318637132645
      ],
      [
        -0.006615431047976017,
        -0.01808898337185383,
        -0.02853827178478241
      ]
    ]
  },
  "source_dimension": 3
}