{
  "leaspy_version": "1.5.0",
  "name": "linear",
  "features": [
    "ENCODING0",
    "ENCODING1",
    "ENCODING2",
    "ENCODING3"
  ],
  "dimension": 4,
  "fit_metrics": {
    "nll_regul_tau": 12094.0126953125,
    "nll_regul_xi": 636.3563842773438,
    "nll_regul_sources": 3800.689453125,
    "nll_regul_tot": 16531.05859375,
    "nll_attach": -47241.95703125,
    "nll_tot": -30710.900390625
  },
  "noise_model": {
    "name": "gaussian-diagonal",
    "scale": [
      0.2776266932487488,
      0.03614796698093414,
      0.01839839667081833,
      0.021766312420368195
    ]
  },
  "parameters": {
    "g": [
      -0.1987067461013794,
      0.3528718948364258,
      0.09325135499238968,
      5.143038329194344e-25
    ],
    "v0": [
      -18.63471221923828,
      -20.894826889038086,
      -20.404754638671875,
      -16.643037796020508
    ],
    "betas": [
      [
        0.029867831617593765,
        0.19144296646118164,
        0.028432073071599007
      ],
      [
        0.4006704092025757,
        -0.23065757751464844,
        0.015382228419184685
      ],
      [
        0.0002814045292325318,
        -0.016288431361317635,
        0.06273692846298218
      ]
    ],
    "tau_mean": -261247.546875,
    "tau_std": 7711508.5,
    "xi_mean": 0.0,
    "xi_std": 0.6005731225013733,
    "sources_mean": 0.0,
    "sources_std": 1.0,
    "mixing_matrix": [
      [
        -0.009924152866005898,
        0.018743261694908142,
        -0.06289323419332504
      ],
      [
        0.02974453754723072,
        0.1916758269071579,
        0.027650712057948112
      ],
      [
        0.4004691243171692,
        -0.23027746379375458,
        0.014106708578765392
      ],
      [
        -0.008377633057534695,
        6.547034718096256e-05,
        0.007861224934458733
      ]
    ]
  },
  "source_dimension": 3
}