{
  "leaspy_version": "1.5.0",
  "name": "linear",
  "features": [
    "ENCODING0",
    "ENCODING1",
    "ENCODING2",
    "ENCODING3"
  ],
  "dimension": 4,
  "fit_metrics": {
    "nll_regul_tau": 1507.56884765625,
    "nll_regul_xi": -84.12471771240234,
    "nll_regul_sources": 4040.638427734375,
    "nll_regul_tot": 5464.08251953125,
    "nll_attach": -59879.76953125,
    "nll_tot": -54415.6875
  },
  "noise_model": {
    "name": "gaussian-diagonal",
    "scale": [
      0.02759198658168316,
      0.010411457158625126,
      0.07393142580986023,
      0.031107375398278236
    ]
  },
  "parameters": {
    "g": [
      -0.33972489833831787,
      0.0396493524312973,
      0.1666913628578186,
      0.2678459584712982
    ],
    "v0": [
      -2.2833962440490723,
      -5.5928544998168945,
      -4.947939872741699,
      -3.7705256938934326
    ],
    "betas": [
      [
        -0.39323803782463074,
        -0.10472313314676285,
        0.06799110770225525
      ],
      [
        0.056375328451395035,
        0.29515358805656433,
        0.12854444980621338
      ],
      [
        -0.026945196092128754,
        -0.2560291290283203,
        0.11133357137441635
      ]
    ],
    "tau_mean": -1.5145535469055176,
    "tau_std": 2.08492112159729,
    "xi_mean": 0.0,
    "xi_std": 0.21457023918628693,
    "sources_mean": 0.0,
    "sources_std": 1.0,
    "mixing_matrix": [
      [
        0.016078047454357147,
        0.04001235216856003,
        -0.035593483597040176
      ],
      [
        -0.3929484188556671,
        -0.10400236397981644,
        0.06734994053840637
      ],
      [
        0.05692730098962784,
        0.29652726650238037,
        0.1273224800825119
      ],
      [
        -0.0251535065472126,
        -0.25157028436660767,
        0.1073671355843544
      ]
    ]
  },
  "source_dimension": 3
}