{
  "leaspy_version": "1.5.0",
  "name": "linear",
  "features": [
    "ENCODING0",
    "ENCODING1",
    "ENCODING2",
    "ENCODING3"
  ],
  "dimension": 4,
  "fit_metrics": {
    "nll_regul_tau": 1502.380615234375,
    "nll_regul_xi": -100.62276458740234,
    "nll_regul_sources": 4002.19189453125,
    "nll_regul_tot": 5403.94970703125,
    "nll_attach": -57215.0390625,
    "nll_tot": -51811.0859375
  },
  "noise_model": {
    "name": "gaussian-diagonal",
    "scale": [
      0.1601390540599823,
      0.022658174857497215,
      0.01040726900100708,
      0.02560443989932537
    ]
  },
  "parameters": {
    "g": [
      0.25600162148475647,
      -0.12573832273483276,
      -0.14612436294555664,
      -0.2603398263454437
    ],
    "v0": [
      -4.025035858154297,
      -7.09774923324585,
      -11.178648948669434,
      -2.2880475521087646
    ],
    "betas": [
      [
        -0.3299197256565094,
        0.06213514134287834,
        -0.05204448103904724
      ],
      [
        0.1947537064552307,
        0.27446240186691284,
        -0.22402802109718323
      ],
      [
        -0.0019191241590306163,
        -0.007811436895281076,
        0.20724450051784515
      ]
    ],
    "tau_mean": -0.8680247068405151,
    "tau_std": 2.0695254802703857,
    "xi_mean": 0.0,
    "xi_std": 0.20957209169864655,
    "sources_mean": 0.0,
    "sources_std": 1.0,
    "mixing_matrix": [
      [
        0.004511721897870302,
        0.007156933657824993,
        -0.20365099608898163
      ],
      [
        -0.32988885045051575,
        0.06218409910798073,
        -0.053437571972608566
      ],
      [
        0.1947542428970337,
        0.2744632363319397,
        -0.2240515649318695
      ],
      [
        0.0018675895407795906,
        -0.0018045814940705895,
        0.0363190695643425
      ]
    ]
  },
  "source_dimension": 3
}