{
  "leaspy_version": "1.5.0",
  "name": "linear",
  "features": [
    "ENCODING0",
    "ENCODING1",
    "ENCODING2",
    "ENCODING3"
  ],
  "dimension": 4,
  "fit_metrics": {
    "nll_regul_tau": 1493.2728271484375,
    "nll_regul_xi": -78.8177490234375,
    "nll_regul_sources": 3945.306640625,
    "nll_regul_tot": 5359.76171875,
    "nll_attach": -58994.734375,
    "nll_tot": -53634.97265625
  },
  "noise_model": {
    "name": "gaussian-diagonal",
    "scale": [
      0.027818894013762474,
      0.009984816424548626,
      0.0901196300983429,
      0.029949503019452095
    ]
  },
  "parameters": {
    "g": [
      -0.39529719948768616,
      0.02967650815844536,
      0.1460924595594406,
      0.2641580402851105
    ],
    "v0": [
      -2.285517930984497,
      -5.772196292877197,
      -5.077484607696533,
      -3.8851490020751953
    ],
    "betas": [
      [
        -0.3651626706123352,
        -0.16457784175872803,
        0.10734699666500092
      ],
      [
        0.015014552511274815,
        0.2723330557346344,
        0.16807857155799866
      ],
      [
        0.0416301004588604,
        -0.26367175579071045,
        0.07637342810630798
      ]
    ],
    "tau_mean": -2.178769826889038,
    "tau_std": 2.042771816253662,
    "xi_mean": 0.0,
    "xi_std": 0.21620289981365204,
    "sources_mean": 0.0,
    "sources_std": 1.0,
    "mixing_matrix": [
      [
        0.001805751584470272,
        0.040681421756744385,
        -0.028375424444675446
      ],
      [
        -0.3651353418827057,
        -0.16396228969097137,
        0.10691764950752258
      ],
      [
        0.015069283545017242,
        0.2735660970211029,
        0.16721853613853455
      ],
      [
        0.04181043058633804,
        -0.2596092224121094,
        0.07353979349136353
      ]
    ]
  },
  "source_dimension": 3
}