{
  "leaspy_version": "1.5.0",
  "name": "linear",
  "features": [
    "ENCODING0",
    "ENCODING1",
    "ENCODING2",
    "ENCODING3"
  ],
  "dimension": 4,
  "fit_metrics": {
    "nll_regul_tau": 6556.9580078125,
    "nll_regul_xi": 876.0953979492188,
    "nll_regul_sources": 3629.750732421875,
    "nll_regul_tot": 11062.8056640625,
    "nll_attach": -30103.44921875,
    "nll_tot": -19040.64453125
  },
  "noise_model": {
    "name": "gaussian-diagonal",
    "scale": [
      0.16433221101760864,
      0.2887471914291382,
      0.01751016080379486,
      0.055953145027160645
    ]
  },
  "parameters": {
    "g": [
      -0.20575733482837677,
      -0.1650240570306778,
      -0.20998117327690125,
      0.259475976228714
    ],
    "v0": [
      -9.136811256408691,
      -11.826202392578125,
      -9.096774101257324,
      -9.398115158081055
    ],
    "betas": [
      [
        -0.03958376124501228,
        0.07943218946456909,
        0.0776054635643959
      ],
      [
        0.32133224606513977,
        0.10524389892816544,
        0.08916157484054565
      ],
      [
        0.06347789615392685,
        -0.12349586188793182,
        0.15921761095523834
      ]
    ],
    "tau_mean": -537.009765625,
    "tau_std": 2830.31494140625,
    "xi_mean": 0.0,
    "xi_std": 0.845877468585968,
    "sources_mean": 0.0,
    "sources_std": 1.0,
    "mixing_matrix": [
      [
        -0.23247817158699036,
        -0.012117452919483185,
        -0.13477776944637299
      ],
      [
        -0.0455709770321846,
        0.07912011444568634,
        0.07413440942764282
      ],
      [
        0.22958344221115112,
        0.1004616767168045,
        0.0359707772731781
      ],
      [
        -0.0044002048671245575,
        -0.12703387439250946,
        0.11986570060253143
      ]
    ]
  },
  "source_dimension": 3
}