{
  "leaspy_version": "1.5.0",
  "name": "linear",
  "features": [
    "ENCODING0",
    "ENCODING1",
    "ENCODING2",
    "ENCODING3"
  ],
  "dimension": 4,
  "fit_metrics": {
    "nll_regul_tau": 12594.4072265625,
    "nll_regul_xi": 745.107177734375,
    "nll_regul_sources": 3664.841064453125,
    "nll_regul_tot": 17004.357421875,
    "nll_attach": -32617.048828125,
    "nll_tot": -15612.6923828125
  },
  "noise_model": {
    "name": "gaussian-diagonal",
    "scale": [
      0.18932905793190002,
      0.0594649538397789,
      0.3159991502761841,
      0.00912616215646267
    ]
  },
  "parameters": {
    "g": [
      -0.17158783972263336,
      -0.0009927216451615095,
      9.051027732609766e-16,
      9.86683282820644e-13
    ],
    "v0": [
      -17.961925506591797,
      -21.663883209228516,
      -19.856809616088867,
      -17.370868682861328
    ],
    "betas": [
      [
        -0.28450506925582886,
        -0.2050185203552246,
        -0.042883481830358505
      ],
      [
        -0.02919868566095829,
        0.10674065351486206,
        0.0033682738430798054
      ],
      [
        -0.22237490117549896,
        -0.16455641388893127,
        0.2083151936531067
      ]
    ],
    "tau_mean": -2620529.0,
    "tau_std": 15761390.0,
    "xi_mean": 0.0,
    "xi_std": 0.7015217542648315,
    "sources_mean": 0.0,
    "sources_std": 1.0,
    "mixing_matrix": [
      [
        0.19952484965324402,
        0.1382599174976349,
        -0.18147951364517212
      ],
      [
        -0.2829013168811798,
        -0.20390720665454865,
        -0.044342175126075745
      ],
      [
        -0.019427763298153877,
        0.11351137608289719,
        -0.005518952384591103
      ],
      [
        -0.1050024926662445,
        -0.08322369307279587,
        0.10155811905860901
      ]
    ]
  },
  "source_dimension": 3
}