{
  "leaspy_version": "1.5.0",
  "name": "linear",
  "features": [
    "ENCODING0",
    "ENCODING1",
    "ENCODING2",
    "ENCODING3"
  ],
  "dimension": 4,
  "fit_metrics": {
    "nll_regul_tau": 20135.263671875,
    "nll_regul_xi": 866.369873046875,
    "nll_regul_sources": 3620.703857421875,
    "nll_regul_tot": 24622.3359375,
    "nll_attach": -35904.5703125,
    "nll_tot": -11282.2265625
  },
  "noise_model": {
    "name": "gaussian-diagonal",
    "scale": [
      0.010296930558979511,
      0.22886072099208832,
      0.1911586970090866,
      0.0450713224709034
    ]
  },
  "parameters": {
    "g": [
      -0.15271027386188507,
      -0.1495359241962433,
      -0.1521507352590561,
      0.2308485209941864
    ],
    "v0": [
      -28.944948196411133,
      -31.0417537689209,
      -29.0718994140625,
      -28.461870193481445
    ],
    "betas": [
      [
        0.016768505796790123,
        0.035649314522743225,
        0.02197371982038021
      ],
      [
        0.2690882980823517,
        -0.14941033720970154,
        0.08741100877523422
      ],
      [
        0.0919995903968811,
        -0.13194508850574493,
        0.29952895641326904
      ]
    ],
    "tau_mean": -145017503744.0,
    "tau_std": 751793405952.0,
    "xi_mean": 0.0,
    "xi_std": 0.8342094421386719,
    "sources_mean": 0.0,
    "sources_std": 1.0,
    "mixing_matrix": [
      [
        -0.18467697501182556,
        0.16227278113365173,
        -0.26889848709106445
      ],
      [
        0.009454917162656784,
        0.04207565262913704,
        0.011324784718453884
      ],
      [
        0.2166525423526764,
        -0.10333586484193802,
        0.011062055826187134
      ],
      [
        -0.004507634788751602,
        -0.04714568704366684,
        0.15900984406471252
      ]
    ]
  },
  "source_dimension": 3
}