{
  "leaspy_version": "1.5.0",
  "name": "linear",
  "features": [
    "ENCODING0",
    "ENCODING1",
    "ENCODING2",
    "ENCODING3"
  ],
  "dimension": 4,
  "fit_metrics": {
    "nll_regul_tau": 1521.958251953125,
    "nll_regul_xi": -98.9682846069336,
    "nll_regul_sources": 3814.88916015625,
    "nll_regul_tot": 5237.87939453125,
    "nll_attach": -55693.90234375,
    "nll_tot": -50456.0234375
  },
  "noise_model": {
    "name": "gaussian-diagonal",
    "scale": [
      0.19018235802650452,
      0.025446966290473938,
      0.009789925068616867,
      0.025344308465719223
    ]
  },
  "parameters": {
    "g": [
      0.26645731925964355,
      -0.10932382196187973,
      -0.16299405694007874,
      -0.20220139622688293
    ],
    "v0": [
      -4.007111072540283,
      -8.172252655029297,
      -11.157805442810059,
      -2.2899417877197266
    ],
    "betas": [
      [
        -0.34280043840408325,
        0.06971385329961777,
        -0.01563425362110138
      ],
      [
        0.22594192624092102,
        0.2667597234249115,
        -0.26786455512046814
      ],
      [
        -0.0014871038729324937,
        0.0052459267899394035,
        0.2085508108139038
      ]
    ],
    "tau_mean": -0.18198497593402863,
    "tau_std": 2.1282217502593994,
    "xi_mean": 0.0,
    "xi_std": 0.21006818115711212,
    "sources_mean": 0.0,
    "sources_std": 1.0,
    "mixing_matrix": [
      [
        0.002373154740780592,
        -0.0053916210308671,
        -0.2051866501569748
      ],
      [
        -0.34279489517211914,
        0.06970127671957016,
        -0.0161127932369709
      ],
      [
        0.2259422093629837,
        0.26675909757614136,
        -0.26788872480392456
      ],
      [
        0.0004978480283170938,
        0.000736272195354104,
        0.036928802728652954
      ]
    ]
  },
  "source_dimension": 3
}