{
  "leaspy_version": "1.5.0",
  "name": "linear",
  "features": [
    "ENCODING0",
    "ENCODING1",
    "ENCODING2",
    "ENCODING3"
  ],
  "dimension": 4,
  "fit_metrics": {
    "nll_regul_tau": 21244.5234375,
    "nll_regul_xi": 834.3322143554688,
    "nll_regul_sources": 3667.98046875,
    "nll_regul_tot": 25746.8359375,
    "nll_attach": -47320.953125,
    "nll_tot": -21574.119140625
  },
  "noise_model": {
    "name": "gaussian-diagonal",
    "scale": [
      0.28284063935279846,
      0.03584372624754906,
      0.018548958003520966,
      0.021130094304680824
    ]
  },
  "parameters": {
    "g": [
      -0.19372901320457458,
      0.3595455288887024,
      0.038059066981077194,
      8.430348524815865e-18
    ],
    "v0": [
      -32.678382873535156,
      -33.495418548583984,
      -30.566879272460938,
      -29.673269271850586
    ],
    "betas": [
      [
        -0.19810909032821655,
        -0.11385459452867508,
        0.018874194473028183
      ],
      [
        -0.0017788386903703213,
        0.42071932554244995,
        -0.09316187351942062
      ],
      [
        0.007287831977009773,
        -0.14489291608333588,
        0.04550665244460106
      ]
    ],
    "tau_mean": -117756952576.0,
    "tau_std": 3666962546688.0,
    "xi_mean": 0.0,
    "xi_std": 0.7968912124633789,
    "sources_mean": 0.0,
    "sources_std": 1.0,
    "mixing_matrix": [
      [
        -0.0020568883046507835,
        -0.022890910506248474,
        -0.007210034877061844
      ],
      [
        -0.19814886152744293,
        -0.1142973005771637,
        0.018734751269221306
      ],
      [
        -0.002522745169699192,
        0.4124404489994049,
        -0.095769502222538
      ],
      [
        0.005469771567732096,
        -0.16512593626976013,
        0.03913378342986107
      ]
    ]
  },
  "source_dimension": 3
}