{
  "leaspy_version": "1.5.0",
  "name": "linear",
  "features": [
    "ENCODING0",
    "ENCODING1",
    "ENCODING2",
    "ENCODING3"
  ],
  "dimension": 4,
  "fit_metrics": {
    "nll_regul_tau": 8198.5966796875,
    "nll_regul_xi": 722.8328247070312,
    "nll_regul_sources": 3601.5791015625,
    "nll_regul_tot": 12523.009765625,
    "nll_attach": -31950.125,
    "nll_tot": -19427.1171875
  },
  "noise_model": {
    "name": "gaussian-diagonal",
    "scale": [
      0.15609300136566162,
      0.06521488726139069,
      0.3614504039287567,
      0.009707639925181866
    ]
  },
  "parameters": {
    "g": [
      -0.1673116385936737,
      -0.024489514529705048,
      1.7788005735042134e-08,
      7.90288468124345e-05
    ],
    "v0": [
      -11.803037643432617,
      -15.147918701171875,
      -14.128710746765137,
      -11.043412208557129
    ],
    "betas": [
      [
        -0.34600335359573364,
        -0.13063232600688934,
        -0.010374808683991432
      ],
      [
        0.010333946906030178,
        0.08349216729402542,
        0.04620097205042839
      ],
      [
        -0.2466268539428711,
        -0.24360477924346924,
        0.21256837248802185
      ]
    ],
    "tau_mean": -3195.206787109375,
    "tau_std": 29535.3515625,
    "xi_mean": 0.0,
    "xi_std": 0.6795504093170166,
    "sources_mean": 0.0,
    "sources_std": 1.0,
    "mixing_matrix": [
      [
        0.22791029512882233,
        0.2189338505268097,
        -0.19410917162895203
      ],
      [
        -0.3436128497123718,
        -0.12833598256111145,
        -0.012410772033035755
      ],
      [
        0.016958005726337433,
        0.08985533565282822,
        0.040559321641922
      ],
      [
        -0.10173219442367554,
        -0.10441691428422928,
        0.08916287869215012
      ]
    ]
  },
  "source_dimension": 3
}