{
  "leaspy_version": "1.5.0",
  "name": "linear",
  "features": [
    "ENCODING0",
    "ENCODING1",
    "ENCODING2",
    "ENCODING3"
  ],
  "dimension": 4,
  "fit_metrics": {
    "nll_regul_tau": 6574.85205078125,
    "nll_regul_xi": 834.3082275390625,
    "nll_regul_sources": 3574.722900390625,
    "nll_regul_tot": 10983.8818359375,
    "nll_attach": -27593.80078125,
    "nll_tot": -16609.91796875
  },
  "noise_model": {
    "name": "gaussian-diagonal",
    "scale": [
      0.23881986737251282,
      0.2882334589958191,
      0.017151951789855957,
      0.0563553087413311
    ]
  },
  "parameters": {
    "g": [
      -0.16062802076339722,
      -0.15282240509986877,
      -0.1607441008090973,
      0.26817089319229126
    ],
    "v0": [
      -9.24923324584961,
      -12.330698013305664,
      -9.266249656677246,
      -9.28117561340332
    ],
    "betas": [
      [
        0.11366830766201019,
        -0.002893830882385373,
        0.07369249314069748
      ],
      [
        0.018595430999994278,
        0.3674605190753937,
        -0.005761931650340557
      ],
      [
        -0.09240161627531052,
        0.04724086821079254,
        0.14823001623153687
      ]
    ],
    "tau_mean": -352.1158142089844,
    "tau_std": 2903.597900390625,
    "xi_mean": 0.0,
    "xi_std": 0.7968578338623047,
    "sources_mean": 0.0,
    "sources_std": 1.0,
    "mixing_matrix": [
      [
        0.038710616528987885,
        -0.2386522740125656,
        -0.08287018537521362
      ],
      [
        0.11432507634162903,
        -0.006942830514162779,
        0.07228650897741318
      ],
      [
        0.03266514465212822,
        0.28072023391723633,
        -0.035881828516721725
      ],
      [
        -0.07854034751653671,
        -0.038214318454265594,
        0.11855634301900864
      ]
    ]
  },
  "source_dimension": 3
}