{
  "leaspy_version": "1.5.0",
  "name": "linear",
  "features": [
    "ENCODING0",
    "ENCODING1",
    "ENCODING2",
    "ENCODING3"
  ],
  "dimension": 4,
  "fit_metrics": {
    "nll_regul_tau": 1509.546142578125,
    "nll_regul_xi": -86.19953918457031,
    "nll_regul_sources": 3921.619384765625,
    "nll_regul_tot": 5344.9658203125,
    "nll_attach": -58057.109375,
    "nll_tot": -52712.1484375
  },
  "noise_model": {
    "name": "gaussian-diagonal",
    "scale": [
      0.026403145864605904,
      0.014094086363911629,
      0.01523280143737793,
      0.151239812374115
    ]
  },
  "parameters": {
    "g": [
      -0.2485971301794052,
      0.03225706145167351,
      0.19088910520076752,
      0.269426167011261
    ],
    "v0": [
      -2.2858848571777344,
      -5.509905815124512,
      -5.014954090118408,
      -3.866049289703369
    ],
    "betas": [
      [
        -0.36493119597435,
        -0.04952568560838699,
        -0.045370914041996
      ],
      [
        0.07657714933156967,
        0.3359665870666504,
        -0.18626762926578522
      ],
      [
        -0.10375029593706131,
        -0.0842595100402832,
        0.22574204206466675
      ]
    ],
    "tau_mean": -0.6444224119186401,
    "tau_std": 2.090816020965576,
    "xi_mean": 0.0,
    "xi_std": 0.21393507719039917,
    "sources_mean": 0.0,
    "sources_std": 1.0,
    "mixing_matrix": [
      [
        0.03017045184969902,
        -0.002547789365053177,
        -0.03176705166697502
      ],
      [
        -0.3643379509449005,
        -0.04957578703761101,
        -0.045995548367500305
      ],
      [
        0.07755031436681747,
        0.3358843922615051,
        -0.18729229271411896
      ],
      [
        -0.10068023204803467,
        -0.08451876789331436,
        0.222509503364563
      ]
    ]
  },
  "source_dimension": 3
}