{
  "leaspy_version": "1.5.0",
  "name": "linear",
  "features": [
    "ENCODING0",
    "ENCODING1",
    "ENCODING2",
    "ENCODING3"
  ],
  "dimension": 4,
  "fit_metrics": {
    "nll_regul_tau": 4367.158203125,
    "nll_regul_xi": 873.8858032226562,
    "nll_regul_sources": 3802.3525390625,
    "nll_regul_tot": 9043.3974609375,
    "nll_attach": -35689.48046875,
    "nll_tot": -26646.0859375
  },
  "noise_model": {
    "name": "gaussian-diagonal",
    "scale": [
      0.019392812624573708,
      0.07832396775484085,
      0.41899821162223816,
      0.03289265185594559
    ]
  },
  "parameters": {
    "g": [
      -0.08086992055177689,
      -0.13173246383666992,
      0.01826321892440319,
      0.07723838835954666
    ],
    "v0": [
      -7.098850727081299,
      -7.467330455780029,
      -8.291775703430176,
      -5.632255554199219
    ],
    "betas": [
      [
        -0.27767008543014526,
        0.009464843198657036,
        0.19035908579826355
      ],
      [
        0.07339446991682053,
        0.003486545057967305,
        0.12302926927804947
      ],
      [
        -0.14423860609531403,
        -0.262161523103714,
        0.1779203712940216
      ]
    ],
    "tau_mean": 8.142932891845703,
    "tau_std": 123.94747161865234,
    "xi_mean": 0.0,
    "xi_std": 0.8432135581970215,
    "sources_mean": 0.0,
    "sources_std": 1.0,
    "mixing_matrix": [
      [
        0.1762017458677292,
        0.25016042590141296,
        -0.20837673544883728
      ],
      [
        -0.25555580854415894,
        0.04086136445403099,
        0.16420665383338928
      ],
      [
        0.08309110254049301,
        0.01725323498249054,
        0.11156199872493744
      ],
      [
        -0.005679216235876083,
        -0.06544338911771774,
        0.01405959390103817
      ]
    ]
  },
  "source_dimension": 3
}