{
  "leaspy_version": "1.5.0",
  "name": "linear",
  "features": [
    "ENCODING0",
    "ENCODING1",
    "ENCODING2",
    "ENCODING3"
  ],
  "dimension": 4,
  "fit_metrics": {
    "nll_regul_tau": 21470.357421875,
    "nll_regul_xi": 826.7119140625,
    "nll_regul_sources": 3770.921142578125,
    "nll_regul_tot": 26067.994140625,
    "nll_attach": -48371.37890625,
    "nll_tot": -22303.390625
  },
  "noise_model": {
    "name": "gaussian-diagonal",
    "scale": [
      0.2580506503582001,
      0.03348742425441742,
      0.017925024032592773,
      0.022078927606344223
    ]
  },
  "parameters": {
    "g": [
      -0.19736696779727936,
      0.34134209156036377,
      0.00016139251238200814,
      3.422511224732495e-19
    ],
    "v0": [
      -32.36664581298828,
      -32.48198318481445,
      -30.881805419921875,
      -29.990711212158203
    ],
    "betas": [
      [
        0.03548561409115791,
        -0.017067696899175644,
        0.19674181938171387
      ],
      [
        0.0859844982624054,
        0.37587231397628784,
        -0.16264374554157257
      ],
      [
        0.005170322488993406,
        -0.1344059556722641,
        0.02948368899524212
      ]
    ],
    "tau_mean": -302542782464.0,
    "tau_std": 5063118946304.0,
    "xi_mean": 0.0,
    "xi_std": 0.788263201713562,
    "sources_mean": 0.0,
    "sources_std": 1.0,
    "mixing_matrix": [
      [
        -0.039871130138635635,
        -0.01688048243522644,
        0.01924869976937771
      ],
      [
        0.03268994390964508,
        -0.018251318484544754,
        0.1980915069580078
      ],
      [
        0.07213497161865234,
        0.3700087368488312,
        -0.15595756471157074
      ],
      [
        -0.028591996058821678,
        -0.14870010316371918,
        0.04578321799635887
      ]
    ]
  },
  "source_dimension": 3
}