{
  "leaspy_version": "1.5.0",
  "name": "linear",
  "features": [
    "ENCODING0",
    "ENCODING1",
    "ENCODING2",
    "ENCODING3"
  ],
  "dimension": 4,
  "fit_metrics": {
    "nll_regul_tau": 1531.0946044921875,
    "nll_regul_xi": -102.81594848632812,
    "nll_regul_sources": 3953.342529296875,
    "nll_regul_tot": 5381.62060546875,
    "nll_attach": -55130.75390625,
    "nll_tot": -49749.140625
  },
  "noise_model": {
    "name": "gaussian-diagonal",
    "scale": [
      0.07980623841285706,
      0.010115819051861763,
      0.06363245844841003,
      0.025337081402540207
    ]
  },
  "parameters": {
    "g": [
      0.25122636556625366,
      -0.10134484618902206,
      -0.1707821935415268,
      -0.219769686460495
    ],
    "v0": [
      -3.9339027404785156,
      -9.162604331970215,
      -7.696250915527344,
      -2.2933218479156494
    ],
    "betas": [
      [
        -0.13916003704071045,
        -0.36714792251586914,
        0.03586988151073456
      ],
      [
        -0.03679131716489792,
        0.0684858188033104,
        -0.33608242869377136
      ],
      [
        0.22343949973583221,
        -0.03177399933338165,
        0.11387979984283447
      ]
    ],
    "tau_mean": -0.4884086847305298,
    "tau_std": 2.1561813354492188,
    "xi_mean": 0.0,
    "xi_std": 0.208916574716568,
    "sources_mean": 0.0,
    "sources_std": 1.0,
    "mixing_matrix": [
      [
        -0.2190484255552292,
        0.03126468509435654,
        -0.11034784466028214
      ],
      [
        -0.13934779167175293,
        -0.3671211302280426,
        0.03577530011534691
      ],
      [
        -0.03760489076375961,
        0.06860194355249405,
        -0.33649230003356934
      ],
      [
        0.04278053715825081,
        -0.005988626275211573,
        0.02287103421986103
      ]
    ]
  },
  "source_dimension": 3
}