{
  "leaspy_version": "1.5.0",
  "name": "linear",
  "features": [
    "ENCODING0",
    "ENCODING1",
    "ENCODING2",
    "ENCODING3"
  ],
  "dimension": 4,
  "fit_metrics": {
    "nll_regul_tau": 13760.626953125,
    "nll_regul_xi": 724.1915893554688,
    "nll_regul_sources": 3808.917724609375,
    "nll_regul_tot": 18293.734375,
    "nll_attach": -46859.8203125,
    "nll_tot": -28566.076171875
  },
  "noise_model": {
    "name": "gaussian-diagonal",
    "scale": [
      0.2862734794616699,
      0.03545556962490082,
      0.018972819671034813,
      0.022039402276277542
    ]
  },
  "parameters": {
    "g": [
      -0.1955755650997162,
      0.36264967918395996,
      0.07366608828306198,
      0.039864957332611084
    ],
    "v0": [
      -21.686023712158203,
      -21.240114212036133,
      -20.417070388793945,
      -18.977060317993164
    ],
    "betas": [
      [
        -0.20429615676403046,
        -0.05483187362551689,
        -0.023953014984726906
      ],
      [
        0.09499597549438477,
        0.4225512146949768,
        0.05177490785717964
      ],
      [
        -0.002458559349179268,
        -0.07854284346103668,
        0.03828094154596329
      ]
    ],
    "tau_mean": 3353882.75,
    "tau_std": 83394984.0,
    "xi_mean": 0.0,
    "xi_std": 0.6808708310127258,
    "sources_mean": 0.0,
    "sources_std": 1.0,
    "mixing_matrix": [
      [
        0.001164162065833807,
        -0.015328235924243927,
        -0.046427130699157715
      ],
      [
        -0.20418623089790344,
        -0.056279320269823074,
        -0.028337128460407257
      ],
      [
        0.0952463373541832,
        0.41925477981567383,
        0.0417904332280159
      ],
      [
        -0.0014018528163433075,
        -0.09245625883340836,
        -0.0038609118200838566
      ]
    ]
  },
  "source_dimension": 3
}