{
  "leaspy_version": "1.5.0",
  "name": "linear",
  "features": [
    "ENCODING0",
    "ENCODING1",
    "ENCODING2",
    "ENCODING3"
  ],
  "dimension": 4,
  "fit_metrics": {
    "nll_regul_tau": 9149.9345703125,
    "nll_regul_xi": 842.906982421875,
    "nll_regul_sources": 3743.32861328125,
    "nll_regul_tot": 13736.16796875,
    "nll_attach": -44122.515625,
    "nll_tot": -30386.34375
  },
  "noise_model": {
    "name": "gaussian-diagonal",
    "scale": [
      0.3201480507850647,
      0.04168224334716797,
      0.02027641050517559,
      0.023190664127469063
    ]
  },
  "parameters": {
    "g": [
      -0.2051582634449005,
      0.35909780859947205,
      0.06305497139692307,
      3.308637218368826e-12
    ],
    "v0": [
      -14.736872673034668,
      -14.349092483520508,
      -13.76397705078125,
      -12.420862197875977
    ],
    "betas": [
      [
        -0.22603443264961243,
        -0.05999992787837982,
        -0.009909133426845074
      ],
      [
        0.14729681611061096,
        0.4230034649372101,
        0.12291084229946136
      ],
      [
        0.006605137605220079,
        -0.10757782310247421,
        0.03192255273461342
      ]
    ],
    "tau_mean": -3110.407470703125,
    "tau_std": 114966.46875,
    "xi_mean": 0.0,
    "xi_std": 0.8067118525505066,
    "sources_mean": 0.0,
    "sources_std": 1.0,
    "mixing_matrix": [
      [
        -0.011625640094280243,
        0.0056136175990104675,
        -0.05968038737773895
      ],
      [
        -0.22750820219516754,
        -0.05928829312324524,
        -0.017474783584475517
      ],
      [
        0.14465108513832092,
        0.42428097128868103,
        0.109328992664814
      ],
      [
        -0.003530510701239109,
        -0.10268367826938629,
        -0.020108914002776146
      ]
    ]
  },
  "source_dimension": 3
}