{
  "leaspy_version": "1.5.0",
  "name": "linear",
  "features": [
    "ENCODING0",
    "ENCODING1",
    "ENCODING2",
    "ENCODING3"
  ],
  "dimension": 4,
  "fit_metrics": {
    "nll_regul_tau": 10865.6259765625,
    "nll_regul_xi": 799.4876708984375,
    "nll_regul_sources": 3702.22509765625,
    "nll_regul_tot": 15367.3359375,
    "nll_attach": -32458.888671875,
    "nll_tot": -17091.546875
  },
  "noise_model": {
    "name": "gaussian-diagonal",
    "scale": [
      0.010984433814883232,
      0.27525702118873596,
      0.2128421664237976,
      0.05160239338874817
    ]
  },
  "parameters": {
    "g": [
      -0.17901252210140228,
      -0.1519981175661087,
      -0.21714097261428833,
      0.18822023272514343
    ],
    "v0": [
      -16.102846145629883,
      -18.972108840942383,
      -15.578751564025879,
      -15.260647773742676
    ],
    "betas": [
      [
        0.08064793050289154,
        0.0008073944482021034,
        0.01165684126317501
      ],
      [
        0.011147826910018921,
        0.28534477949142456,
        0.15233446657657623
      ],
      [
        -0.001294995890930295,
        0.08559586107730865,
        0.28616052865982056
      ]
    ],
    "tau_mean": -467916.53125,
    "tau_std": 1333588.5,
    "xi_mean": 0.0,
    "xi_std": 0.7581928968429565,
    "sources_mean": 0.0,
    "sources_std": 1.0,
    "mixing_matrix": [
      [
        -0.006708547472953796,
        -0.22386813163757324,
        -0.30331921577453613
      ],
      [
        0.08055372536182404,
        -0.0023363528307527304,
        0.007397374138236046
      ],
      [
        0.008343684487044811,
        0.19176888465881348,
        0.025548376142978668
      ],
      [
        -0.005149343516677618,
        -0.04302596673369408,
        0.11189064383506775
      ]
    ]
  },
  "source_dimension": 3
}