{
  "leaspy_version": "1.5.0",
  "name": "linear",
  "features": [
    "ENCODING0",
    "ENCODING1",
    "ENCODING2",
    "ENCODING3"
  ],
  "dimension": 4,
  "fit_metrics": {
    "nll_regul_tau": 6175.67431640625,
    "nll_regul_xi": 839.00537109375,
    "nll_regul_sources": 3535.25634765625,
    "nll_regul_tot": 10549.9345703125,
    "nll_attach": -26518.193359375,
    "nll_tot": -15968.255859375
  },
  "noise_model": {
    "name": "gaussian-diagonal",
    "scale": [
      0.2530653476715088,
      0.30372413992881775,
      0.017671748995780945,
      0.057121992111206055
    ]
  },
  "parameters": {
    "g": [
      -0.07646115124225616,
      -0.1553608626127243,
      -0.08595561236143112,
      0.3223215341567993
    ],
    "v0": [
      -8.571361541748047,
      -11.670412063598633,
      -8.711865425109863,
      -8.836034774780273
    ],
    "betas": [
      [
        0.09203770756721497,
        -0.01555001549422741,
        0.05172760412096977
      ],
      [
        -0.010853053070604801,
        0.38864392042160034,
        -0.015378773212432861
      ],
      [
        -0.10824231803417206,
        0.054994434118270874,
        0.1514027863740921
      ]
    ],
    "tau_mean": 177.81072998046875,
    "tau_std": 1641.6434326171875,
    "xi_mean": 0.0,
    "xi_std": 0.8022270798683167,
    "sources_mean": 0.0,
    "sources_std": 1.0,
    "mixing_matrix": [
      [
        0.05768276005983353,
        -0.24757467210292816,
        -0.06865964829921722
      ],
      [
        0.09306510537862778,
        -0.0199595894664526,
        0.05050469934940338
      ],
      [
        0.008944755420088768,
        0.303671658039093,
        -0.0389440581202507
      ],
      [
        -0.09075629711151123,
        -0.02005564048886299,
        0.13058921694755554
      ]
    ]
  },
  "source_dimension": 3
}