{
  "leaspy_version": "1.5.0",
  "name": "linear",
  "features": [
    "ENCODING0",
    "ENCODING1",
    "ENCODING2",
    "ENCODING3"
  ],
  "dimension": 4,
  "fit_metrics": {
    "nll_regul_tau": 1529.51513671875,
    "nll_regul_xi": -96.03921508789062,
    "nll_regul_sources": 4028.5498046875,
    "nll_regul_tot": 5462.02587890625,
    "nll_attach": -57483.3359375,
    "nll_tot": -52021.30859375
  },
  "noise_model": {
    "name": "gaussian-diagonal",
    "scale": [
      0.17171628773212433,
      0.021667541936039925,
      0.009548250585794449,
      0.02618594653904438
    ]
  },
  "parameters": {
    "g": [
      0.25367146730422974,
      -0.10237567126750946,
      -0.1652202159166336,
      -0.20474500954151154
    ],
    "v0": [
      -4.006446838378906,
      -7.2914557456970215,
      -11.151877403259277,
      -2.295792579650879
    ],
    "betas": [
      [
        -0.2141568511724472,
        0.24025508761405945,
        -0.054050277918577194
      ],
      [
        0.3295412063598633,
        0.09965965896844864,
        -0.22303225100040436
      ],
      [
        -0.019854390993714333,
        0.015976231545209885,
        0.20936058461666107
      ]
    ],
    "tau_mean": -0.2561207711696625,
    "tau_std": 2.1513218879699707,
    "xi_mean": 0.0,
    "xi_std": 0.21094895899295807,
    "sources_mean": 0.0,
    "sources_std": 1.0,
    "mixing_matrix": [
      [
        0.020917270332574844,
        -0.017335016280412674,
        -0.2056264877319336
      ],
      [
        -0.21403859555721283,
        0.2401570826768875,
        -0.05521281063556671
      ],
      [
        0.32954370975494385,
        0.09965759515762329,
        -0.22305673360824585
      ],
      [
        -0.0023792609572410583,
        0.0014938612002879381,
        0.037571921944618225
      ]
    ]
  },
  "source_dimension": 3
}