{
  "leaspy_version": "1.5.0",
  "name": "linear",
  "features": [
    "ENCODING0",
    "ENCODING1",
    "ENCODING2",
    "ENCODING3"
  ],
  "dimension": 4,
  "fit_metrics": {
    "nll_regul_tau": 6871.3017578125,
    "nll_regul_xi": 889.36083984375,
    "nll_regul_sources": 3583.13916015625,
    "nll_regul_tot": 11343.80078125,
    "nll_attach": -30866.359375,
    "nll_tot": -19522.556640625
  },
  "noise_model": {
    "name": "gaussian-diagonal",
    "scale": [
      0.1370287984609604,
      0.30701491236686707,
      0.017964381724596024,
      0.0551593191921711
    ]
  },
  "parameters": {
    "g": [
      -0.22708240151405334,
      -0.15314112603664398,
      -0.19887104630470276,
      0.23485703766345978
    ],
    "v0": [
      -9.475690841674805,
      -13.035390853881836,
      -9.788185119628906,
      -9.706294059753418
    ],
    "betas": [
      [
        -0.051787760108709335,
        0.05652247741818428,
        0.04243117943406105
      ],
      [
        0.3143373429775238,
        0.14947761595249176,
        0.14130863547325134
      ],
      [
        0.07003137469291687,
        -0.09187193214893341,
        0.19444318115711212
      ]
    ],
    "tau_mean": -1040.382080078125,
    "tau_std": 4434.66064453125,
    "xi_mean": 0.0,
    "xi_std": 0.8620613813400269,
    "sources_mean": 0.0,
    "sources_std": 1.0,
    "mixing_matrix": [
      [
        -0.19301837682724,
        -0.025828126817941666,
        -0.17595162987709045
      ],
      [
        -0.05400903895497322,
        0.0562252476811409,
        0.040406305342912674
      ],
      [
        0.2572096586227417,
        0.14183324575424194,
        0.0892321914434433
      ],
      [
        0.008028540760278702,
        -0.10016864538192749,
        0.13792265951633453
      ]
    ]
  },
  "source_dimension": 3
}