{
  "leaspy_version": "1.5.0",
  "name": "linear",
  "features": [
    "ENCODING0",
    "ENCODING1",
    "ENCODING2",
    "ENCODING3"
  ],
  "dimension": 4,
  "fit_metrics": {
    "nll_regul_tau": 1520.7440185546875,
    "nll_regul_xi": -101.05665588378906,
    "nll_regul_sources": 3909.214599609375,
    "nll_regul_tot": 5328.9013671875,
    "nll_attach": -53560.16015625,
    "nll_tot": -48231.26171875
  },
  "noise_model": {
    "name": "gaussian-diagonal",
    "scale": [
      0.2071121335029602,
      0.03518352285027504,
      0.008721653372049332,
      0.025636430829763412
    ]
  },
  "parameters": {
    "g": [
      0.2729566991329193,
      -0.16455206274986267,
      -0.14914466440677643,
      -0.20621660351753235
    ],
    "v0": [
      -4.110297203063965,
      -6.800365447998047,
      -10.538118362426758,
      -2.2889840602874756
    ],
    "betas": [
      [
        -0.33853381872177124,
        0.07833389937877655,
        0.0199561957269907
      ],
      [
        0.18473049998283386,
        0.35507822036743164,
        -0.17650148272514343
      ],
      [
        0.005945177748799324,
        -0.09095417708158493,
        0.18296334147453308
      ]
    ],
    "tau_mean": -0.270503968000412,
    "tau_std": 2.1245334148406982,
    "xi_mean": 0.0,
    "xi_std": 0.2094424068927765,
    "sources_mean": 0.0,
    "sources_std": 1.0,
    "mixing_matrix": [
      [
        -0.002245924435555935,
        0.08884011954069138,
        -0.1807742565870285
      ],
      [
        -0.33855482935905457,
        0.07916441559791565,
        0.018266241997480392
      ],
      [
        0.18472999334335327,
        0.3550979793071747,
        -0.17654170095920563
      ],
      [
        0.004033557139337063,
        -0.015337826684117317,
        0.029097169637680054
      ]
    ]
  },
  "source_dimension": 3
}