{
  "leaspy_version": "1.5.0",
  "name": "linear",
  "features": [
    "ENCODING0",
    "ENCODING1",
    "ENCODING2",
    "ENCODING3"
  ],
  "dimension": 4,
  "fit_metrics": {
    "nll_regul_tau": 1500.85302734375,
    "nll_regul_xi": -100.87774658203125,
    "nll_regul_sources": 3973.7197265625,
    "nll_regul_tot": 5373.69482421875,
    "nll_attach": -61062.59765625,
    "nll_tot": -55688.89453125
  },
  "noise_model": {
    "name": "gaussian-diagonal",
    "scale": [
      0.027519524097442627,
      0.013167183846235275,
      0.016770510002970695,
      0.09181589633226395
    ]
  },
  "parameters": {
    "g": [
      -0.37853074073791504,
      0.04091823846101761,
      0.18845362961292267,
      0.23809494078159332
    ],
    "v0": [
      -2.2881643772125244,
      -5.689290523529053,
      -5.088976860046387,
      -3.885897636413574
    ],
    "betas": [
      [
        0.23196107149124146,
        -0.2568184435367584,
        0.1346680074930191
      ],
      [
        0.23714347183704376,
        0.27534568309783936,
        -0.0684414803981781
      ],
      [
        -0.10163070261478424,
        -0.0934971272945404,
        0.22168445587158203
      ]
    ],
    "tau_mean": -2.001309394836426,
    "tau_std": 2.065014123916626,
    "xi_mean": 0.0,
    "xi_std": 0.2094959169626236,
    "sources_mean": 0.0,
    "sources_std": 1.0,
    "mixing_matrix": [
      [
        -0.0015412736684083939,
        0.01051282323896885,
        -0.04419003427028656
      ],
      [
        0.23193565011024475,
        -0.25664517283439636,
        0.1339396834373474
      ],
      [
        0.23709717392921448,
        0.27566149830818176,
        -0.06976897269487381
      ],
      [
        -0.10178489983081818,
        -0.09244535863399506,
        0.21726343035697937
      ]
    ]
  },
  "source_dimension": 3
}