{"VAE_threshold_95": 52.27078666687011, "VAE_threshold_99": 227.72329330444236, "VAE_median": 10.369895935058594, "VAE_min": 3.7283897399902344, "VAE_max": 476.57684326171875, "VAE_mean": 20.099456243157388, "VAE_ssim": 0.9535214304924011, "VAE_psnr": 23.09176254272461, "LVAE_threshold_95": 72.07887725830078, "LVAE_threshold_99": 187.83162979125956, "LVAE_median": 14.482329845428467, "LVAE_min": 5.14038610458374, "LVAE_max": 291.467529296875, "LVAE_mean": 23.788517487049102, "LVAE_ssim": 0.9430383443832397, "LVAE_psnr": 22.359926223754883}