{"VAE_threshold_95": 7.994058346748352, "VAE_threshold_99": 11.911481065750118, "VAE_median": 3.352038621902466, "VAE_min": 0.299599826335907, "VAE_max": 59.13449478149414, "VAE_mean": 3.7331186635585873}