{"VAE_threshold_95": 12.684406709670998, "VAE_threshold_99": 26.034983520507794, "VAE_median": 2.800384521484375, "VAE_min": 0.004610416945070028, "VAE_max": 98.9007797241211, "VAE_mean": 4.277289190482851}