{"VAE_threshold_95": 52.27078666687011, "VAE_threshold_99": 227.72329330444236, "VAE_median": 10.369895935058594, "VAE_min": 3.7283897399902344, "VAE_max": 476.57684326171875, "VAE_mean": 20.099456243157388, "LVAE_threshold_95": 145.05200042724607, "LVAE_threshold_99": 247.76870819091798, "LVAE_median": 42.91253471374512, "LVAE_min": 6.872660160064697, "LVAE_max": 367.1806640625, "LVAE_mean": 58.460331807374956}