{"VAE_threshold_95": 13.930240631103516, "VAE_threshold_99": 20.406719894409164, "VAE_median": 5.019784212112427, "VAE_min": 0.09022518992424011, "VAE_max": 64.31665802001953, "VAE_mean": 5.29618315299475}