{"VAE_threshold_95": 12.797810649871826, "VAE_threshold_99": 17.558825721740735, "VAE_median": 5.79229474067688, "VAE_min": 0.9802324175834656, "VAE_max": 31.17294692993164, "VAE_mean": 6.444270969993527}