{"VAE_threshold_95": 52.27078666687011, "VAE_threshold_99": 227.72329330444236, "VAE_median": 10.369895935058594, "VAE_min": 3.7283897399902344, "VAE_max": 476.57684326171875, "VAE_mean": 20.099456243157388, "VAE_ssim": 0.9535212516784668, "VAE_psnr": 23.09174919128418, "LVAE_threshold_95": 145.71014251708985, "LVAE_threshold_99": 249.06855529785156, "LVAE_median": 42.26849555969238, "LVAE_min": 6.95175838470459, "LVAE_max": 357.392822265625, "LVAE_mean": 58.41501755833626, "LVAE_ssim": 0.8846738934516907, "LVAE_psnr": 18.458354949951172}