{"VAE_threshold_95": 0.12009371221065518, "VAE_threshold_99": 0.3167658880352971, "VAE_median": 9.999999974752427e-07, "VAE_min": 0.0, "VAE_max": 1.605685830116272, "VAE_mean": 0.019523642839621436, "LVAE_threshold_95": 0.2412793427705759, "LVAE_threshold_99": 0.6153496748208981, "LVAE_median": 9.999999974752427e-07, "LVAE_min": 1.1920928955078125e-07, "LVAE_max": 1.3704668283462524, "LVAE_mean": 0.036830112465805274}