{"VAE_threshold_95": 8.671002054214474, "VAE_threshold_99": 11.785136194229135, "VAE_median": 4.698282957077026, "VAE_min": 0.9915916919708252, "VAE_max": 19.582630157470703, "VAE_mean": 5.040602638801878}