{"VAE_threshold_95": 0.12009371221065518, "VAE_threshold_99": 0.3167658880352971, "VAE_median": 9.999999974752427e-07, "VAE_min": 0.0, "VAE_max": 1.605685830116272, "VAE_mean": 0.01952364283962144, "VAE_ssim": 0.9535212516784668, "VAE_psnr": 23.09175682067871, "LVAE_threshold_95": 0.14715856760740278, "LVAE_threshold_99": 0.3578303635120388, "LVAE_median": 9.999999974752427e-07, "LVAE_min": 5.960464477539063e-08, "LVAE_max": 1.553675651550293, "LVAE_mean": 0.022887268342732737, "LVAE_ssim": 0.9426274299621582, "LVAE_psnr": 22.308643341064453}