{"VAE_threshold_95": 392.3017929077148, "VAE_threshold_99": 465.6182556152344, "VAE_median": 216.44637298583984, "VAE_min": 31.214664459228516, "VAE_max": 576.330810546875, "VAE_mean": 228.1810315021425}