{"VAE_threshold_95": 7.398091053962705, "VAE_threshold_99": 11.58282990455628, "VAE_median": 2.6508344411849976, "VAE_min": 0.2518114447593689, "VAE_max": 30.608308792114258, "VAE_mean": 3.229294056488732}