{"VAE_threshold_95": 9.327363681793212, "VAE_threshold_99": 13.27187499046326, "VAE_median": 3.987609624862671, "VAE_min": 0.5044246315956116, "VAE_max": 24.69332504272461, "VAE_mean": 4.516835296137149}