{"VAE_threshold_95": 8.62125849723816, "VAE_threshold_99": 13.321495666503928, "VAE_median": 3.2421504259109497, "VAE_min": 0.4977470636367798, "VAE_max": 28.86904525756836, "VAE_mean": 3.8873024090742323, "VAE_ssim": 0.7896866798400879, "VAE_psnr": 17.62534523010254}