{"VAE_threshold_95": 585.5820343017579, "VAE_threshold_99": 588.6359881591796, "VAE_median": 423.47315979003906, "VAE_min": 30.329334259033203, "VAE_max": 633.006591796875, "VAE_mean": 406.2399517393349}