{"VAE_threshold_95": 7.434311962127685, "VAE_threshold_99": 11.869740915298388, "VAE_median": 3.071364998817444, "VAE_min": 0.22859106957912445, "VAE_max": 62.06946563720703, "VAE_mean": 3.4758309878445837}