{
  "leaspy_version": "1.5.0",
  "name": "linear",
  "features": [
    "ENCODING0",
    "ENCODING1",
    "ENCODING2",
    "ENCODING3"
  ],
  "dimension": 4,
  "fit_metrics": {
    "nll_regul_tau": 6501.341796875,
    "nll_regul_xi": 840.6851806640625,
    "nll_regul_sources": 3787.601318359375,
    "nll_regul_tot": 11129.6279296875,
    "nll_attach": -40325.21875,
    "nll_tot": -29195.5859375
  },
  "noise_model": {
    "name": "gaussian-diagonal",
    "scale": [
      0.24170053005218506,
      0.01868944801390171,
      0.007844800129532814,
      0.3046250641345978
    ]
  },
  "parameters": {
    "g": [
      0.2639458179473877,
      0.21756336092948914,
      1.1765060037305375e-08,
      -0.08677184581756592
    ],
    "v0": [
      -13.31428337097168,
      -9.445812225341797,
      -10.177124977111816,
      -9.63720703125
    ],
    "betas": [
      [
        -0.027149781584739685,
        0.17066805064678192,
        0.1281021684408188
      ],
      [
        -0.023383820429444313,
        0.1492731273174286,
        -0.3374654948711395
      ],
      [
        0.02198781818151474,
        -0.250103235244751,
        0.06435471773147583
      ]
    ],
    "tau_mean": -950.2787475585938,
    "tau_std": 2614.147216796875,
    "xi_mean": 0.0,
    "xi_std": 0.804149329662323,
    "sources_mean": 0.0,
    "sources_std": 1.0,
    "mixing_matrix": [
      [
        0.014634234830737114,
        -0.026001691818237305,
        -0.013612337410449982
      ],
      [
        -0.016729295253753662,
        0.15215322375297546,
        0.11840932816267014
      ],
      [
        -0.018368681892752647,
        0.14036238193511963,
        -0.3421304225921631
      ],
      [
        0.03059312328696251,
        -0.26539289951324463,
        0.056350309401750565
      ]
    ]
  },
  "source_dimension": 3
}