{
  "leaspy_version": "1.5.0",
  "name": "linear",
  "features": [
    "ENCODING0",
    "ENCODING1",
    "ENCODING2",
    "ENCODING3"
  ],
  "dimension": 4,
  "fit_metrics": {
    "nll_regul_tau": 1536.334716796875,
    "nll_regul_xi": -471.6618957519531,
    "nll_regul_sources": 3876.87841796875,
    "nll_regul_tot": 4941.55126953125,
    "nll_attach": -57142.859375,
    "nll_tot": -52201.30078125
  },
  "noise_model": {
    "name": "gaussian-diagonal",
    "scale": [
      0.011973422951996326,
      0.1549307107925415,
      0.029268065467476845,
      0.01799154281616211
    ]
  },
  "parameters": {
    "g": [
      0.19650305807590485,
      -0.24815094470977783,
      0.27720770239830017,
      -0.07426216453313828
    ],
    "v0": [
      -5.521082401275635,
      -3.970505714416504,
      -2.1580288410186768,
      -6.440985679626465
    ],
    "betas": [
      [
        -0.06699912995100021,
        -0.22985617816448212,
        -0.05741632357239723
      ],
      [
        0.41084733605384827,
        0.1478726714849472,
        0.06987188756465912
      ],
      [
        0.01778324507176876,
        0.25642427802085876,
        -0.23255713284015656
      ]
    ],
    "tau_mean": 1.2323349714279175,
    "tau_std": 2.1723809242248535,
    "xi_mean": 0.0,
    "xi_std": 0.1233481615781784,
    "sources_mean": 0.0,
    "sources_std": 1.0,
    "mixing_matrix": [
      [
        -0.3946603238582611,
        -0.11232402920722961,
        -0.0565023198723793
      ],
      [
        -0.1284438520669937,
        -0.24734394252300262,
        -0.06621318310499191
      ],
      [
        0.03446146845817566,
        0.040749721229076385,
        0.015985865145921707
      ],
      [
        0.012588445097208023,
        0.2549457848072052,
        -0.23330086469650269
      ]
    ]
  },
  "source_dimension": 3
}