{
  "leaspy_version": "1.5.0",
  "name": "linear",
  "features": [
    "ENCODING0",
    "ENCODING1",
    "ENCODING2",
    "ENCODING3"
  ],
  "dimension": 4,
  "fit_metrics": {
    "nll_regul_tau": 1611.826904296875,
    "nll_regul_xi": -562.722412109375,
    "nll_regul_sources": 3925.885986328125,
    "nll_regul_tot": 4974.98974609375,
    "nll_attach": -55874.4375,
    "nll_tot": -50899.453125
  },
  "noise_model": {
    "name": "gaussian-diagonal",
    "scale": [
      0.011645604856312275,
      0.1365344375371933,
      0.027450047433376312,
      0.026823492720723152
    ]
  },
  "parameters": {
    "g": [
      -0.03866126015782356,
      -0.1273246705532074,
      -0.053405649960041046,
      -0.05756452679634094
    ],
    "v0": [
      -5.296215057373047,
      -7.830968856811523,
      -2.165142059326172,
      -4.2173285484313965
    ],
    "betas": [
      [
        -0.2897186279296875,
        -0.007924935780465603,
        0.03706461563706398
      ],
      [
        -0.014128767885267735,
        0.3985781669616699,
        -0.1315227895975113
      ],
      [
        0.15927854180335999,
        0.08274929225444794,
        0.2853289842605591
      ]
    ],
    "tau_mean": -0.4459730386734009,
    "tau_std": 2.4197654724121094,
    "xi_mean": 0.0,
    "xi_std": 0.108302041888237,
    "sources_mean": 0.0,
    "sources_std": 1.0,
    "mixing_matrix": [
      [
        -0.005279663018882275,
        -0.4054630398750305,
        0.09388220310211182
      ],
      [
        -0.28973597288131714,
        -0.009258310310542583,
        0.03737335279583931
      ],
      [
        -0.019143464043736458,
        0.013464014045894146,
        -0.04235222563147545
      ],
      [
        0.15863437950611115,
        0.03327994421124458,
        0.2967832684516907
      ]
    ]
  },
  "source_dimension": 3
}