{
  "leaspy_version": "1.5.0",
  "name": "linear",
  "features": [
    "ENCODING0",
    "ENCODING1",
    "ENCODING2",
    "ENCODING3"
  ],
  "dimension": 4,
  "fit_metrics": {
    "nll_regul_tau": 1481.266845703125,
    "nll_regul_xi": -449.6637878417969,
    "nll_regul_sources": 4144.47119140625,
    "nll_regul_tot": 5176.07421875,
    "nll_attach": -66353.0859375,
    "nll_tot": -61177.015625
  },
  "noise_model": {
    "name": "gaussian-diagonal",
    "scale": [
      0.017395254224538803,
      0.03037359192967415,
      0.030210385099053383,
      0.01641528122127056
    ]
  },
  "parameters": {
    "g": [
      0.17000357806682587,
      -0.274127334356308,
      0.403376966714859,
      -0.008354096673429012
    ],
    "v0": [
      -5.814162254333496,
      -3.8413960933685303,
      -2.150631904602051,
      -6.566756248474121
    ],
    "betas": [
      [
        -0.2397432029247284,
        0.010211755521595478,
        0.12330301851034164
      ],
      [
        0.0495002344250679,
        -0.14692199230194092,
        -0.29232558608055115
      ],
      [
        0.22492830455303192,
        -0.2546820640563965,
        0.062324006110429764
      ]
    ],
    "tau_mean": 2.214632987976074,
    "tau_std": 2.0080347061157227,
    "xi_mean": 0.0,
    "xi_std": 0.12728552520275116,
    "sources_mean": 0.0,
    "sources_std": 1.0,
    "mixing_matrix": [
      [
        -0.007878171280026436,
        0.1456041932106018,
        0.26427921652793884
      ],
      [
        -0.24113602936267853,
        0.03595390543341637,
        0.17002636194229126
      ],
      [
        0.04194607958197594,
        -0.0073062460869550705,
        -0.038915712386369705
      ],
      [
        0.2248370349407196,
        -0.2529953718185425,
        0.06538543850183487
      ]
    ]
  },
  "source_dimension": 3
}