{
  "leaspy_version": "1.5.0",
  "name": "linear",
  "features": [
    "ENCODING0",
    "ENCODING1",
    "ENCODING2",
    "ENCODING3"
  ],
  "dimension": 4,
  "fit_metrics": {
    "nll_regul_tau": 8183.74951171875,
    "nll_regul_xi": 831.3766479492188,
    "nll_regul_sources": 3725.39990234375,
    "nll_regul_tot": 12740.52734375,
    "nll_attach": -35921.62890625,
    "nll_tot": -23181.099609375
  },
  "noise_model": {
    "name": "gaussian-diagonal",
    "scale": [
      0.1561628133058548,
      0.025190748274326324,
      0.02067541517317295,
      0.24895122647285461
    ]
  },
  "parameters": {
    "g": [
      0.004345116205513477,
      0.1583184152841568,
      -0.23274172842502594,
      -0.19529424607753754
    ],
    "v0": [
      -11.686132431030273,
      -12.280142784118652,
      -11.239771842956543,
      -13.529624938964844
    ],
    "betas": [
      [
        -0.13976764678955078,
        0.2925281524658203,
        -0.07070612907409668
      ],
      [
        0.18828900158405304,
        0.2924804985523224,
        -0.09417136013507843
      ],
      [
        0.02542378008365631,
        0.04097757861018181,
        0.0340910404920578
      ]
    ],
    "tau_mean": -3650.693603515625,
    "tau_std": 28915.517578125,
    "xi_mean": 0.0,
    "xi_std": 0.7935325503349304,
    "sources_mean": 0.0,
    "sources_std": 1.0,
    "mixing_matrix": [
      [
        -0.11383724212646484,
        -0.32183539867401123,
        0.09309429675340652
      ],
      [
        -0.16113032400608063,
        0.23213253915309906,
        -0.05323605611920357
      ],
      [
        0.12782689929008484,
        0.12154481559991837,
        -0.0447264090180397
      ],
      [
        0.019300095736980438,
        0.023664984852075577,
        0.039098888635635376
      ]
    ]
  },
  "source_dimension": 3
}