{
  "leaspy_version": "1.5.0",
  "name": "linear",
  "features": [
    "ENCODING0",
    "ENCODING1",
    "ENCODING2",
    "ENCODING3"
  ],
  "dimension": 4,
  "fit_metrics": {
    "nll_regul_tau": 9450.26953125,
    "nll_regul_xi": 923.4122314453125,
    "nll_regul_sources": 3722.733154296875,
    "nll_regul_tot": 14096.41796875,
    "nll_attach": -49573.54296875,
    "nll_tot": -35477.1171875
  },
  "noise_model": {
    "name": "gaussian-diagonal",
    "scale": [
      0.24393700063228607,
      0.017164655029773712,
      0.10325267910957336,
      0.0066645448096096516
    ]
  },
  "parameters": {
    "g": [
      0.24436403810977936,
      0.3061918616294861,
      1.9454488408145003e-14,
      -0.008007148280739784
    ],
    "v0": [
      -16.747295379638672,
      -15.520191192626953,
      -14.011326789855957,
      -12.873044967651367
    ],
    "betas": [
      [
        -0.2644864320755005,
        0.005021624267101288,
        -0.013650236651301384
      ],
      [
        0.03831145912408829,
        0.3693632483482361,
        -0.13290439546108246
      ],
      [
        -0.025938615202903748,
        -0.13180911540985107,
        0.027783317491412163
      ]
    ],
    "tau_mean": 5953.05078125,
    "tau_std": 176565.890625,
    "xi_mean": 0.0,
    "xi_std": 0.9050379991531372,
    "sources_mean": 0.0,
    "sources_std": 1.0,
    "mixing_matrix": [
      [
        0.030783522874116898,
        0.012464441359043121,
        0.014973808079957962
      ],
      [
        -0.2624545097351074,
        0.005844356492161751,
        -0.012661868706345558
      ],
      [
        0.04749893397092819,
        0.37308332324028015,
        -0.1284354031085968
      ],
      [
        0.002739166608080268,
        -0.12019731104373932,
        0.041732851415872574
      ]
    ]
  },
  "source_dimension": 3
}