{
  "leaspy_version": "1.5.0",
  "name": "linear",
  "features": [
    "ENCODING0",
    "ENCODING1",
    "ENCODING2",
    "ENCODING3"
  ],
  "dimension": 4,
  "fit_metrics": {
    "nll_regul_tau": 11244.447265625,
    "nll_regul_xi": 854.9267578125,
    "nll_regul_sources": 3751.406982421875,
    "nll_regul_tot": 15850.78125,
    "nll_attach": -44788.953125,
    "nll_tot": -28938.166015625
  },
  "noise_model": {
    "name": "gaussian-diagonal",
    "scale": [
      0.24409934878349304,
      0.017613926902413368,
      0.20151963829994202,
      0.006585577968508005
    ]
  },
  "parameters": {
    "g": [
      0.25158435106277466,
      0.30385762453079224,
      1.0040189843798022e-14,
      -0.039573874324560165
    ],
    "v0": [
      -19.263057708740234,
      -18.437807083129883,
      -16.437376022338867,
      -15.527538299560547
    ],
    "betas": [
      [
        -0.25761210918426514,
        0.02058384381234646,
        -0.04940670728683472
      ],
      [
        0.09960398823022842,
        0.33661797642707825,
        -0.16776502132415771
      ],
      [
        -0.06214112043380737,
        -0.15453173220157623,
        0.05913987755775452
      ]
    ],
    "tau_mean": -29773.6796875,
    "tau_std": 2291134.5,
    "xi_mean": 0.0,
    "xi_std": 0.8206849098205566,
    "sources_mean": 0.0,
    "sources_std": 1.0,
    "mixing_matrix": [
      [
        0.03341073542833328,
        0.016572117805480957,
        0.010273192077875137
      ],
      [
        -0.25596317648887634,
        0.021401729434728622,
        -0.04889969155192375
      ],
      [
        0.11179324984550476,
        0.3426640033721924,
        -0.16401705145835876
      ],
      [
        -0.031863972544670105,
        -0.13951392471790314,
        0.06844954937696457
      ]
    ]
  },
  "source_dimension": 3
}