{
  "leaspy_version": "1.5.0",
  "name": "linear",
  "features": [
    "ENCODING0",
    "ENCODING1",
    "ENCODING2",
    "ENCODING3"
  ],
  "dimension": 4,
  "fit_metrics": {
    "nll_regul_tau": 1574.6632080078125,
    "nll_regul_xi": -623.393798828125,
    "nll_regul_sources": 4176.62451171875,
    "nll_regul_tot": 5127.89453125,
    "nll_attach": -57281.56640625,
    "nll_tot": -52153.67578125
  },
  "noise_model": {
    "name": "gaussian-diagonal",
    "scale": [
      0.014709805138409138,
      0.017854351550340652,
      0.11668410897254944,
      0.03124832548201084
    ]
  },
  "parameters": {
    "g": [
      -0.0662030577659607,
      -0.19853879511356354,
      3.7632958083122503e-07,
      -0.02013758383691311
    ],
    "v0": [
      -4.540882110595703,
      -4.845569610595703,
      -7.324976444244385,
      -2.11081862449646
    ],
    "betas": [
      [
        -0.30620530247688293,
        -0.03274913132190704,
        0.07914162427186966
      ],
      [
        -0.11844935268163681,
        0.16113464534282684,
        0.2459239959716797
      ],
      [
        0.06938359886407852,
        -0.34673428535461426,
        0.16392284631729126
      ]
    ],
    "tau_mean": -0.20651227235794067,
    "tau_std": 2.294647455215454,
    "xi_mean": 0.0,
    "xi_std": 0.09930992871522903,
    "sources_mean": 0.0,
    "sources_std": 1.0,
    "mixing_matrix": [
      [
        -0.048573125153779984,
        0.34591561555862427,
        -0.16938486695289612
      ],
      [
        -0.30908724665641785,
        -0.012225141748785973,
        0.06909162551164627
      ],
      [
        -0.1186908408999443,
        0.16285440325737,
        0.24508187174797058
      ],
      [
        0.02498442307114601,
        -0.03054363839328289,
        0.009093422442674637
      ]
    ]
  },
  "source_dimension": 3
}