{
  "leaspy_version": "1.5.0",
  "name": "linear",
  "features": [
    "ENCODING0",
    "ENCODING1",
    "ENCODING2",
    "ENCODING3"
  ],
  "dimension": 4,
  "fit_metrics": {
    "nll_regul_tau": 10592.9755859375,
    "nll_regul_xi": 781.7221069335938,
    "nll_regul_sources": 3746.295166015625,
    "nll_regul_tot": 15120.9921875,
    "nll_attach": -49815.18359375,
    "nll_tot": -34694.1875
  },
  "noise_model": {
    "name": "gaussian-diagonal",
    "scale": [
      0.012229923158884048,
      0.043427541851997375,
      0.021498270332813263,
      0.24357400834560394
    ]
  },
  "parameters": {
    "g": [
      0.028701793402433395,
      0.13207559287548065,
      -0.2481340914964676,
      -0.20175565779209137
    ],
    "v0": [
      -15.241372108459473,
      -15.407797813415527,
      -14.563936233520508,
      -16.94694709777832
    ],
    "betas": [
      [
        -0.32223397493362427,
        0.11756663769483566,
        0.028868133202195168
      ],
      [
        -0.08347328752279282,
        0.34349313378334045,
        -0.06390373408794403
      ],
      [
        0.0023158190306276083,
        0.03868819773197174,
        0.030462278053164482
      ]
    ],
    "tau_mean": -127021.625,
    "tau_std": 903366.875,
    "xi_mean": 0.0,
    "xi_std": 0.7391901612281799,
    "sources_mean": 0.0,
    "sources_std": 1.0,
    "mixing_matrix": [
      [
        0.18413308262825012,
        -0.3300439715385437,
        0.04040512070059776
      ],
      [
        -0.27599871158599854,
        0.0346936471760273,
        0.039013732224702835
      ],
      [
        0.024038836359977722,
        0.1507861465215683,
        -0.04031188786029816
      ],
      [
        0.012236212380230427,
        0.02090667560696602,
        0.03263915330171585
      ]
    ]
  },
  "source_dimension": 3
}