{
  "leaspy_version": "1.5.0",
  "name": "linear",
  "features": [
    "ENCODING0",
    "ENCODING1",
    "ENCODING2",
    "ENCODING3"
  ],
  "dimension": 4,
  "fit_metrics": {
    "nll_regul_tau": 29509.861328125,
    "nll_regul_xi": 858.2426147460938,
    "nll_regul_sources": 3987.130126953125,
    "nll_regul_tot": 34355.234375,
    "nll_attach": -41575.66015625,
    "nll_tot": -7220.4228515625
  },
  "noise_model": {
    "name": "gaussian-diagonal",
    "scale": [
      0.014827881939709187,
      0.17803716659545898,
      0.24835239350795746,
      0.01377116423100233
    ]
  },
  "parameters": {
    "g": [
      4.720579038774986e-09,
      0.018527016043663025,
      5.5367208091385004e-37,
      0.29347631335258484
    ],
    "v0": [
      -42.62397766113281,
      -42.04746627807617,
      -44.369468688964844,
      -42.609500885009766
    ],
    "betas": [
      [
        -0.0357901006937027,
        -0.40310418605804443,
        0.14124105870723724
      ],
      [
        -0.0019277126993983984,
        -0.063339002430439,
        0.03876323252916336
      ],
      [
        -0.2142190784215927,
        -0.09603847563266754,
        0.08646860718727112
      ]
    ],
    "tau_mean": -4.933608746568909e+16,
    "tau_std": 4.923707902058824e+17,
    "xi_mean": 0.0,
    "xi_std": 0.8245794177055359,
    "sources_mean": 0.0,
    "sources_std": 1.0,
    "mixing_matrix": [
      [
        0.12306676805019379,
        0.3612444996833801,
        -0.15127719938755035
      ],
      [
        0.03085937537252903,
        -0.20746441185474396,
        0.05931361764669418
      ],
      [
        0.004609068389981985,
        -0.04415123909711838,
        0.030728032812476158
      ],
      [
        -0.1762256771326065,
        0.015485607087612152,
        0.03976602107286453
      ]
    ]
  },
  "source_dimension": 3
}