{
  "leaspy_version": "1.5.0",
  "name": "linear",
  "features": [
    "ENCODING0",
    "ENCODING1",
    "ENCODING2",
    "ENCODING3"
  ],
  "dimension": 4,
  "fit_metrics": {
    "nll_regul_tau": 1541.1285400390625,
    "nll_regul_xi": -420.8294372558594,
    "nll_regul_sources": 4104.728515625,
    "nll_regul_tot": 5225.02734375,
    "nll_attach": -61697.09765625,
    "nll_tot": -56472.078125
  },
  "noise_model": {
    "name": "gaussian-diagonal",
    "scale": [
      0.011624622158706188,
      0.02798888273537159,
      0.030208077281713486,
      0.051832862198352814
    ]
  },
  "parameters": {
    "g": [
      0.2139824777841568,
      -0.2184719294309616,
      0.2621532082557678,
      -0.11778047680854797
    ],
    "v0": [
      -5.9601874351501465,
      -3.86034893989563,
      -2.1520330905914307,
      -6.352486610412598
    ],
    "betas": [
      [
        -0.07952043414115906,
        -0.27314072847366333,
        -0.003451345022767782
      ],
      [
        0.37035006284713745,
        0.19175833463668823,
        -0.106098473072052
      ],
      [
        0.12056854367256165,
        0.12729491293430328,
        0.25303101539611816
      ]
    ],
    "tau_mean": 1.1238592863082886,
    "tau_std": 2.187307834625244,
    "xi_mean": 0.0,
    "xi_std": 0.1326376348733902,
    "sources_mean": 0.0,
    "sources_std": 1.0,
    "mixing_matrix": [
      [
        -0.35189780592918396,
        -0.14182250201702118,
        0.10124721378087997
      ],
      [
        -0.14089152216911316,
        -0.2978746294975281,
        0.01420620083808899
      ],
      [
        0.03160266578197479,
        0.055235739797353745,
        -0.008634863421320915
      ],
      [
        0.11549113690853119,
        0.12524861097335815,
        0.2544918656349182
      ]
    ]
  },
  "source_dimension": 3
}