{
  "leaspy_version": "1.5.0",
  "name": "linear",
  "features": [
    "ENCODING0",
    "ENCODING1",
    "ENCODING2",
    "ENCODING3"
  ],
  "dimension": 4,
  "fit_metrics": {
    "nll_regul_tau": 5556.962890625,
    "nll_regul_xi": 859.3304443359375,
    "nll_regul_sources": 3838.555419921875,
    "nll_regul_tot": 10254.8486328125,
    "nll_attach": -42231.69921875,
    "nll_tot": -31976.8515625
  },
  "noise_model": {
    "name": "gaussian-diagonal",
    "scale": [
      0.2419644445180893,
      0.018548019230365753,
      0.0077159209176898,
      0.23747709393501282
    ]
  },
  "parameters": {
    "g": [
      0.24939070641994476,
      0.28331246972084045,
      -0.029636608436703682,
      9.918659462350107e-16
    ],
    "v0": [
      -12.197494506835938,
      -8.21341609954834,
      -8.85516357421875,
      -7.957225322723389
    ],
    "betas": [
      [
        -0.26973891258239746,
        -0.01852455362677574,
        -0.008130338974297047
      ],
      [
        0.06838753074407578,
        0.32924917340278625,
        -0.1790177971124649
      ],
      [
        0.12373119592666626,
        -0.13009300827980042,
        0.06069721281528473
      ]
    ],
    "tau_mean": -44.10120391845703,
    "tau_std": 678.2932739257812,
    "xi_mean": 0.0,
    "xi_std": 0.8258569836616516,
    "sources_mean": 0.0,
    "sources_std": 1.0,
    "mixing_matrix": [
      [
        0.04303944855928421,
        0.007746249437332153,
        0.013945985585451126
      ],
      [
        -0.24493512511253357,
        -0.0140603668987751,
        -9.32253897190094e-05
      ],
      [
        0.08144354820251465,
        0.33159899711608887,
        -0.17478728294372559
      ],
      [
        0.15577766299247742,
        -0.12432527542114258,
        0.07108115404844284
      ]
    ]
  },
  "source_dimension": 3
}