{
  "leaspy_version": "1.5.0",
  "name": "linear",
  "features": [
    "ENCODING0",
    "ENCODING1",
    "ENCODING2",
    "ENCODING3"
  ],
  "dimension": 4,
  "fit_metrics": {
    "nll_regul_tau": 1578.0780029296875,
    "nll_regul_xi": -618.9849243164062,
    "nll_regul_sources": 4124.98876953125,
    "nll_regul_tot": 5084.08154296875,
    "nll_attach": -58947.87890625,
    "nll_tot": -53863.79296875
  },
  "noise_model": {
    "name": "gaussian-diagonal",
    "scale": [
      0.014382519759237766,
      0.042637523263692856,
      0.03963090851902962,
      0.031045088544487953
    ]
  },
  "parameters": {
    "g": [
      -0.047428570687770844,
      -0.1452033966779709,
      0.07146594673395157,
      -0.019748011603951454
    ],
    "v0": [
      -4.567945957183838,
      -4.798902988433838,
      -8.586291313171387,
      -2.1168525218963623
    ],
    "betas": [
      [
        0.2823835015296936,
        -0.05108800530433655,
        0.1706993728876114
      ],
      [
        0.07012908905744553,
        0.16264981031417847,
        0.28573477268218994
      ],
      [
        -0.0760824978351593,
        -0.36663487553596497,
        0.1381988376379013
      ]
    ],
    "tau_mean": -0.13321298360824585,
    "tau_std": 2.3058693408966064,
    "xi_mean": 0.0,
    "xi_std": 0.09993769973516464,
    "sources_mean": 0.0,
    "sources_std": 1.0,
    "mixing_matrix": [
      [
        0.05631227791309357,
        0.36765801906585693,
        -0.14941911399364471
      ],
      [
        0.2859111428260803,
        -0.028056250885128975,
        0.16133907437324524
      ],
      [
        0.07020900398492813,
        0.16317158937454224,
        0.2855226993560791
      ],
      [
        -0.024525728076696396,
        -0.030025124549865723,
        0.0013979831710457802
      ]
    ]
  },
  "source_dimension": 3
}