{
  "leaspy_version": "1.5.0",
  "name": "linear",
  "features": [
    "ENCODING0",
    "ENCODING1",
    "ENCODING2",
    "ENCODING3"
  ],
  "dimension": 4,
  "fit_metrics": {
    "nll_regul_tau": 1615.1221923828125,
    "nll_regul_xi": -565.7069091796875,
    "nll_regul_sources": 3940.986328125,
    "nll_regul_tot": 4990.40087890625,
    "nll_attach": -59234.87890625,
    "nll_tot": -54244.48046875
  },
  "noise_model": {
    "name": "gaussian-diagonal",
    "scale": [
      0.013092806562781334,
      0.08663716912269592,
      0.02722390927374363,
      0.023454606533050537
    ]
  },
  "parameters": {
    "g": [
      -0.03938896581530571,
      -0.14614810049533844,
      -0.03156087547540665,
      -0.027537841349840164
    ],
    "v0": [
      -5.313751220703125,
      -8.863994598388672,
      -2.164759874343872,
      -4.162593364715576
    ],
    "betas": [
      [
        -0.2969605326652527,
        -0.05088885873556137,
        -0.05075090378522873
      ],
      [
        -0.042266473174095154,
        0.4034758508205414,
        -0.049445852637290955
      ],
      [
        0.0836322158575058,
        0.025764180347323418,
        0.33808234333992004
      ]
    ],
    "tau_mean": -0.225249245762825,
    "tau_std": 2.4311811923980713,
    "xi_mean": 0.0,
    "xi_std": 0.10784108191728592,
    "sources_mean": 0.0,
    "sources_std": 1.0,
    "mixing_matrix": [
      [
        0.030977478250861168,
        -0.40285176038742065,
        0.0036182403564453125
      ],
      [
        -0.29692429304122925,
        -0.051360148936510086,
        -0.050746671855449677
      ],
      [
        -0.012847136706113815,
        0.020887192338705063,
        -0.046009611338377
      ],
      [
        0.08762232214212418,
        -0.026125865057110786,
        0.3385483920574188
      ]
    ]
  },
  "source_dimension": 3
}