{
  "leaspy_version": "1.5.0",
  "name": "linear",
  "features": [
    "ENCODING0",
    "ENCODING1",
    "ENCODING2",
    "ENCODING3"
  ],
  "dimension": 4,
  "fit_metrics": {
    "nll_regul_tau": 1612.1207275390625,
    "nll_regul_xi": -551.2540283203125,
    "nll_regul_sources": 3894.410888671875,
    "nll_regul_tot": 4955.27734375,
    "nll_attach": -56051.28125,
    "nll_tot": -51096.0078125
  },
  "noise_model": {
    "name": "gaussian-diagonal",
    "scale": [
      0.013666931539773941,
      0.15324106812477112,
      0.028610944747924805,
      0.019051244482398033
    ]
  },
  "parameters": {
    "g": [
      -0.06180180236697197,
      -0.16429927945137024,
      -0.021163830533623695,
      -0.04675811901688576
    ],
    "v0": [
      -5.197300910949707,
      -8.807291030883789,
      -2.166114568710327,
      -4.078503608703613
    ],
    "betas": [
      [
        -0.2535914480686188,
        0.09393628686666489,
        0.07220868021249771
      ],
      [
        0.1614619493484497,
        0.3680037558078766,
        0.05214200168848038
      ],
      [
        0.20202307403087616,
        -0.13212577998638153,
        0.2941564917564392
      ]
    ],
    "tau_mean": -0.1572592407464981,
    "tau_std": 2.4207820892333984,
    "xi_mean": 0.0,
    "xi_std": 0.11009109765291214,
    "sources_mean": 0.0,
    "sources_std": 1.0,
    "mixing_matrix": [
      [
        -0.18870972096920013,
        -0.3444724977016449,
        -0.09455600380897522
      ],
      [
        -0.25382378697395325,
        0.0935121402144432,
        0.07209224998950958
      ],
      [
        -0.016521897166967392,
        0.043110378086566925,
        -0.037039630115032196
      ],
      [
        0.17573004961013794,
        -0.1801213026046753,
        0.28098195791244507
      ]
    ]
  },
  "source_dimension": 3
}