{
  "leaspy_version": "1.5.0",
  "name": "linear",
  "features": [
    "ENCODING0",
    "ENCODING1",
    "ENCODING2",
    "ENCODING3"
  ],
  "dimension": 4,
  "fit_metrics": {
    "nll_regul_tau": 10671.0048828125,
    "nll_regul_xi": 817.960693359375,
    "nll_regul_sources": 3994.687744140625,
    "nll_regul_tot": 15483.65234375,
    "nll_attach": -44441.375,
    "nll_tot": -28957.7265625
  },
  "noise_model": {
    "name": "gaussian-diagonal",
    "scale": [
      0.24417370557785034,
      0.017463790252804756,
      0.19439440965652466,
      0.007230558432638645
    ]
  },
  "parameters": {
    "g": [
      0.24692946672439575,
      0.2842317521572113,
      2.1441197070853207e-13,
      -0.16499334573745728
    ],
    "v0": [
      -17.826404571533203,
      -16.41311264038086,
      -15.763482093811035,
      -14.728861808776855
    ],
    "betas": [
      [
        -0.03057597205042839,
        0.25125011801719666,
        -0.03126327320933342
      ],
      [
        -0.31475892663002014,
        -0.015107184648513794,
        -0.002639790065586567
      ],
      [
        0.12427985668182373,
        -0.01624021865427494,
        -0.029075048863887787
      ]
    ],
    "tau_mean": -292158.5625,
    "tau_std": 1009891.5625,
    "xi_mean": 0.0,
    "xi_std": 0.7784701585769653,
    "sources_mean": 0.0,
    "sources_std": 1.0,
    "mixing_matrix": [
      [
        -0.0062619224190711975,
        -0.023202065378427505,
        0.033213939517736435
      ],
      [
        -0.031610362231731415,
        0.24741743505001068,
        -0.025776760652661324
      ],
      [
        -0.31673958897590637,
        -0.022446129471063614,
        0.007865965366363525
      ],
      [
        0.11870615184307098,
        -0.03689228370785713,
        0.0004885396920144558
      ]
    ]
  },
  "source_dimension": 3
}