{
  "leaspy_version": "1.5.0",
  "name": "linear",
  "features": [
    "ENCODING0",
    "ENCODING1",
    "ENCODING2",
    "ENCODING3"
  ],
  "dimension": 4,
  "fit_metrics": {
    "nll_regul_tau": 7757.95947265625,
    "nll_regul_xi": 793.1198120117188,
    "nll_regul_sources": 3689.13525390625,
    "nll_regul_tot": 12240.21484375,
    "nll_attach": -44141.1015625,
    "nll_tot": -31900.888671875
  },
  "noise_model": {
    "name": "gaussian-diagonal",
    "scale": [
      0.24682272970676422,
      0.01718750037252903,
      0.21944822371006012,
      0.00671926885843277
    ]
  },
  "parameters": {
    "g": [
      0.2370176464319229,
      0.29173794388771057,
      1.835422924756358e-09,
      -0.14791414141654968
    ],
    "v0": [
      -14.700902938842773,
      -12.923675537109375,
      -11.615964889526367,
      -10.623740196228027
    ],
    "betas": [
      [
        -0.2500171661376953,
        0.07353152334690094,
        -0.04310110956430435
      ],
      [
        0.18849511444568634,
        0.3359680771827698,
        -0.1495676040649414
      ],
      [
        -0.0833922028541565,
        -0.12163602560758591,
        0.05107014253735542
      ]
    ],
    "tau_mean": -3960.169921875,
    "tau_std": 15738.427734375,
    "xi_mean": 0.0,
    "xi_std": 0.7513295412063599,
    "sources_mean": 0.0,
    "sources_std": 1.0,
    "mixing_matrix": [
      [
        0.036006346344947815,
        -0.009611338376998901,
        0.008124064654111862
      ],
      [
        -0.24669991433620453,
        0.07264603674411774,
        -0.042352646589279175
      ],
      [
        0.20076130330562592,
        0.33269381523132324,
        -0.14680001139640808
      ],
      [
        -0.0503075085580349,
        -0.1304674744606018,
        0.05853499844670296
      ]
    ]
  },
  "source_dimension": 3
}