{
  "leaspy_version": "1.5.0",
  "name": "linear",
  "features": [
    "ENCODING0",
    "ENCODING1",
    "ENCODING2",
    "ENCODING3"
  ],
  "dimension": 4,
  "fit_metrics": {
    "nll_regul_tau": 14401.5341796875,
    "nll_regul_xi": 790.1734619140625,
    "nll_regul_sources": 3781.408203125,
    "nll_regul_tot": 18973.1171875,
    "nll_attach": -51527.28125,
    "nll_tot": -32554.162109375
  },
  "noise_model": {
    "name": "gaussian-diagonal",
    "scale": [
      0.013330397196114063,
      0.030230006203055382,
      0.02166714146733284,
      0.2494860142469406
    ]
  },
  "parameters": {
    "g": [
      3.0879044061293826e-05,
      0.1425315886735916,
      -0.2269318401813507,
      -0.20142093300819397
    ],
    "v0": [
      -20.587623596191406,
      -20.709259033203125,
      -19.99883270263672,
      -21.80768585205078
    ],
    "betas": [
      [
        -0.3129158020019531,
        0.13484925031661987,
        0.013324100524187088
      ],
      [
        -0.0787496268749237,
        0.34191280603408813,
        -0.07247735559940338
      ],
      [
        -0.0007955492474138737,
        0.055422767996788025,
        0.046371858566999435
      ]
    ],
    "tau_mean": -28236850.0,
    "tau_std": 208340576.0,
    "xi_mean": 0.0,
    "xi_std": 0.7481706142425537,
    "sources_mean": 0.0,
    "sources_std": 1.0,
    "mixing_matrix": [
      [
        0.18530519306659698,
        -0.3323380947113037,
        0.04645960032939911
      ],
      [
        -0.2626183032989502,
        0.04464254900813103,
        0.025934653356671333
      ],
      [
        0.02359864115715027,
        0.15835492312908173,
        -0.046816661953926086
      ],
      [
        0.01597338728606701,
        0.02534829080104828,
        0.05057615414261818
      ]
    ]
  },
  "source_dimension": 3
}