{
  "leaspy_version": "1.5.0",
  "name": "linear",
  "features": [
    "ENCODING0",
    "ENCODING1",
    "ENCODING2",
    "ENCODING3"
  ],
  "dimension": 4,
  "fit_metrics": {
    "nll_regul_tau": 1573.12939453125,
    "nll_regul_xi": -629.2333374023438,
    "nll_regul_sources": 4170.6064453125,
    "nll_regul_tot": 5114.50244140625,
    "nll_attach": -53547.0546875,
    "nll_tot": -48432.55078125
  },
  "noise_model": {
    "name": "gaussian-diagonal",
    "scale": [
      0.013216095976531506,
      0.11996660381555557,
      0.03233792632818222,
      0.0318327359855175
    ]
  },
  "parameters": {
    "g": [
      -0.05957113951444626,
      -0.1720418483018875,
      5.064312063041143e-05,
      -0.02499193325638771
    ],
    "v0": [
      -4.607116222381592,
      -4.749082088470459,
      -8.491506576538086,
      -2.1138269901275635
    ],
    "betas": [
      [
        0.2832867503166199,
        -0.059619735926389694,
        0.13796311616897583
      ],
      [
        0.13055303692817688,
        0.15994364023208618,
        0.27340763807296753
      ],
      [
        -0.09275136888027191,
        -0.3621886372566223,
        0.14632323384284973
      ]
    ],
    "tau_mean": -0.1754899024963379,
    "tau_std": 2.2896249294281006,
    "xi_mean": 0.0,
    "xi_std": 0.0984853059053421,
    "sources_mean": 0.0,
    "sources_std": 1.0,
    "mixing_matrix": [
      [
        0.0717892199754715,
        0.3640190064907074,
        -0.15575021505355835
      ],
      [
        0.28801512718200684,
        -0.03564375638961792,
        0.1277046948671341
      ],
      [
        0.13066507875919342,
        0.1605117917060852,
        0.2731645405292511
      ],
      [
        -0.02680537849664688,
        -0.027798712253570557,
        0.0032501965761184692
      ]
    ]
  },
  "source_dimension": 3
}