{
  "leaspy_version": "1.5.0",
  "name": "linear",
  "features": [
    "ENCODING0",
    "ENCODING1",
    "ENCODING2",
    "ENCODING3"
  ],
  "dimension": 4,
  "fit_metrics": {
    "nll_regul_tau": 8507.8544921875,
    "nll_regul_xi": 765.0274047851562,
    "nll_regul_sources": 3659.51953125,
    "nll_regul_tot": 12932.400390625,
    "nll_attach": -33394.765625,
    "nll_tot": -20462.369140625
  },
  "noise_model": {
    "name": "gaussian-diagonal",
    "scale": [
      0.22943206131458282,
      0.02375858835875988,
      0.021270751953125,
      0.2505563199520111
    ]
  },
  "parameters": {
    "g": [
      0.011143185198307037,
      0.1685466468334198,
      -0.21277031302452087,
      -0.19089028239250183
    ],
    "v0": [
      -12.078022956848145,
      -12.696157455444336,
      -11.849235534667969,
      -14.057990074157715
    ],
    "betas": [
      [
        -0.12403039634227753,
        0.30040818452835083,
        -0.07591578364372253
      ],
      [
        0.19356514513492584,
        0.2855851948261261,
        -0.08734108507633209
      ],
      [
        0.015789058059453964,
        0.03178044408559799,
        0.038459084928035736
      ]
    ],
    "tau_mean": -5998.005859375,
    "tau_std": 45942.16015625,
    "xi_mean": 0.0,
    "xi_std": 0.7217710614204407,
    "sources_mean": 0.0,
    "sources_std": 1.0,
    "mixing_matrix": [
      [
        -0.10509826242923737,
        -0.30900925397872925,
        0.08553214371204376
      ],
      [
        -0.14500966668128967,
        0.23872508108615875,
        -0.05884222313761711
      ],
      [
        0.14463192224502563,
        0.14171202480793,
        -0.047517742961645126
      ],
      [
        0.010414361953735352,
        0.01597779616713524,
        0.042833175510168076
      ]
    ]
  },
  "source_dimension": 3
}