{
  "leaspy_version": "1.5.0",
  "name": "linear",
  "features": [
    "ENCODING0",
    "ENCODING1",
    "ENCODING2",
    "ENCODING3"
  ],
  "dimension": 4,
  "fit_metrics": {
    "nll_regul_tau": 11504.34765625,
    "nll_regul_xi": 739.3890991210938,
    "nll_regul_sources": 3779.0205078125,
    "nll_regul_tot": 16022.7568359375,
    "nll_attach": -42976.02734375,
    "nll_tot": -26953.271484375
  },
  "noise_model": {
    "name": "gaussian-diagonal",
    "scale": [
      0.012513943016529083,
      0.11224891245365143,
      0.02122972160577774,
      0.24787873029708862
    ]
  },
  "parameters": {
    "g": [
      0.008642815984785557,
      0.1089644655585289,
      -0.2750943899154663,
      -0.1994311511516571
    ],
    "v0": [
      -16.524227142333984,
      -16.587032318115234,
      -15.941901206970215,
      -18.06068992614746
    ],
    "betas": [
      [
        -0.2350810319185257,
        0.20976589620113373,
        -0.07568982988595963
      ],
      [
        0.020534353330731392,
        0.3113759756088257,
        -0.16686536371707916
      ],
      [
        0.01622573658823967,
        0.05554375797510147,
        0.030164452269673347
      ]
    ],
    "tau_mean": -727222.875,
    "tau_std": 3321227.75,
    "xi_mean": 0.0,
    "xi_std": 0.6958152055740356,
    "sources_mean": 0.0,
    "sources_std": 1.0,
    "mixing_matrix": [
      [
        0.07967758178710938,
        -0.3382604122161865,
        0.16035965085029602
      ],
      [
        -0.2121673971414566,
        0.11248914897441864,
        -0.02957369014620781
      ],
      [
        0.06421317905187607,
        0.12594342231750488,
        -0.07895705848932266
      ],
      [
        0.0214749313890934,
        0.033259011805057526,
        0.040729016065597534
      ]
    ]
  },
  "source_dimension": 3
}