{
  "leaspy_version": "1.5.0",
  "name": "linear",
  "features": [
    "ENCODING0",
    "ENCODING1",
    "ENCODING2",
    "ENCODING3"
  ],
  "dimension": 4,
  "fit_metrics": {
    "nll_regul_tau": 1643.057373046875,
    "nll_regul_xi": -493.8995056152344,
    "nll_regul_sources": 3872.4541015625,
    "nll_regul_tot": 5021.6123046875,
    "nll_attach": -57486.05859375,
    "nll_tot": -52464.44921875
  },
  "noise_model": {
    "name": "gaussian-diagonal",
    "scale": [
      0.012495813891291618,
      0.10728861391544342,
      0.03004368208348751,
      0.02308552712202072
    ]
  },
  "parameters": {
    "g": [
      -0.03220619261264801,
      -0.17766214907169342,
      -0.0731004849076271,
      -0.0296307560056448
    ],
    "v0": [
      -5.165783405303955,
      -8.818208694458008,
      -2.1622133255004883,
      -4.122674942016602
    ],
    "betas": [
      [
        -0.3199625313282013,
        -0.027182847261428833,
        0.04705297201871872
      ],
      [
        -0.04015558958053589,
        0.39195168018341064,
        -0.09560997784137726
      ],
      [
        0.1402483880519867,
        0.06766506284475327,
        0.29478782415390015
      ]
    ],
    "tau_mean": -0.5423694849014282,
    "tau_std": 2.5301687717437744,
    "xi_mean": 0.0,
    "xi_std": 0.11949123442173004,
    "sources_mean": 0.0,
    "sources_std": 1.0,
    "mixing_matrix": [
      [
        0.020592903718352318,
        -0.39704373478889465,
        0.05345293506979942
      ],
      [
        -0.3199375569820404,
        -0.027664337307214737,
        0.04711779206991196
      ],
      [
        -0.02074097841978073,
        0.017626183107495308,
        -0.04521553963422775
      ],
      [
        0.14298184216022491,
        0.014962486922740936,
        0.3018830120563507
      ]
    ]
  },
  "source_dimension": 3
}