{
  "leaspy_version": "1.5.0",
  "name": "linear",
  "features": [
    "ENCODING0",
    "ENCODING1",
    "ENCODING2",
    "ENCODING3"
  ],
  "dimension": 4,
  "fit_metrics": {
    "nll_regul_tau": 1529.8709716796875,
    "nll_regul_xi": -471.2757568359375,
    "nll_regul_sources": 4241.00390625,
    "nll_regul_tot": 5299.599609375,
    "nll_attach": -57165.78125,
    "nll_tot": -51866.171875
  },
  "noise_model": {
    "name": "gaussian-diagonal",
    "scale": [
      0.01200106367468834,
      0.19044579565525055,
      0.029589829966425896,
      0.014394033700227737
    ]
  },
  "parameters": {
    "g": [
      0.19794334471225739,
      -0.2386988401412964,
      0.30513375997543335,
      -0.11211235076189041
    ],
    "v0": [
      -5.828982353210449,
      -3.884798049926758,
      -2.1523940563201904,
      -6.3307905197143555
    ],
    "betas": [
      [
        0.128963440656662,
        -0.11163031309843063,
        0.08588084578514099
      ],
      [
        0.11262642592191696,
        0.3160513639450073,
        -0.16918793320655823
      ],
      [
        -0.18208202719688416,
        0.18669511377811432,
        0.17417895793914795
      ]
    ],
    "tau_mean": 1.4692429304122925,
    "tau_std": 2.1524150371551514,
    "xi_mean": 0.0,
    "xi_std": 0.12341591715812683,
    "sources_mean": 0.0,
    "sources_std": 1.0,
    "mixing_matrix": [
      [
        -0.1305622160434723,
        -0.29447245597839355,
        0.148954376578331
      ],
      [
        0.10678733885288239,
        -0.16164669394493103,
        0.1111808642745018
      ],
      [
        -0.012762360274791718,
        0.03324713930487633,
        -0.0261357594281435
      ],
      [
        -0.18400336802005768,
        0.1823616921901703,
        0.17637094855308533
      ]
    ]
  },
  "source_dimension": 3
}