{
  "leaspy_version": "1.5.0",
  "name": "linear",
  "features": [
    "ENCODING0",
    "ENCODING1",
    "ENCODING2",
    "ENCODING3"
  ],
  "dimension": 4,
  "fit_metrics": {
    "nll_regul_tau": 1620.5389404296875,
    "nll_regul_xi": -555.3881225585938,
    "nll_regul_sources": 3926.681640625,
    "nll_regul_tot": 4991.83203125,
    "nll_attach": -57358.953125,
    "nll_tot": -52367.12890625
  },
  "noise_model": {
    "name": "gaussian-diagonal",
    "scale": [
      0.014670630916953087,
      0.1281968355178833,
      0.028606675565242767,
      0.01760055683553219
    ]
  },
  "parameters": {
    "g": [
      -0.06267265975475311,
      -0.14241252839565277,
      -0.03165692090988159,
      -0.03519682586193085
    ],
    "v0": [
      -5.280871391296387,
      -8.294036865234375,
      -2.168473720550537,
      -4.21254825592041
    ],
    "betas": [
      [
        -0.28081583976745605,
        0.048059310764074326,
        0.004940669052302837
      ],
      [
        0.09302213788032532,
        0.3953878581523895,
        0.016639824956655502
      ],
      [
        0.13707329332828522,
        -0.05573653802275658,
        0.33816954493522644
      ]
    ],
    "tau_mean": -0.2940422594547272,
    "tau_std": 2.4500679969787598,
    "xi_mean": 0.0,
    "xi_std": 0.10944264382123947,
    "sources_mean": 0.0,
    "sources_std": 1.0,
    "mixing_matrix": [
      [
        -0.10914049297571182,
        -0.3846845030784607,
        -0.05988462269306183
      ],
      [
        -0.28104227781295776,
        0.04726124554872513,
        0.004816433414816856
      ],
      [
        -0.010543621145188808,
        0.030352497473359108,
        -0.04018598049879074
      ],
      [
        0.12366153299808502,
        -0.10300861299037933,
        0.3308106064796448
      ]
    ]
  },
  "source_dimension": 3
}