{
  "leaspy_version": "1.5.0",
  "name": "linear",
  "features": [
    "ENCODING0",
    "ENCODING1",
    "ENCODING2",
    "ENCODING3"
  ],
  "dimension": 4,
  "fit_metrics": {
    "nll_regul_tau": 23629.01171875,
    "nll_regul_xi": 995.9879760742188,
    "nll_regul_sources": 3736.500244140625,
    "nll_regul_tot": 28361.5,
    "nll_attach": -37839.1171875,
    "nll_tot": -9477.6201171875
  },
  "noise_model": {
    "name": "gaussian-diagonal",
    "scale": [
      0.015389973297715187,
      0.3087656795978546,
      0.28266599774360657,
      0.01146222185343504
    ]
  },
  "parameters": {
    "g": [
      7.634171197423711e-05,
      0.012375599704682827,
      2.1105940387030152e-23,
      0.30171260237693787
    ],
    "v0": [
      -34.79034423828125,
      -34.2313117980957,
      -36.03837585449219,
      -34.00126266479492
    ],
    "betas": [
      [
        -0.36713337898254395,
        -0.023086141794919968,
        0.04918885976076126
      ],
      [
        -0.06871560961008072,
        -0.017452526837587357,
        0.03141443431377411
      ],
      [
        -0.10719262063503265,
        -0.2780737280845642,
        0.10269204527139664
      ]
    ],
    "tau_mean": -18173782917120.0,
    "tau_std": 110583487660032.0,
    "xi_mean": 0.0,
    "xi_std": 1.0039044618606567,
    "sources_mean": 0.0,
    "sources_std": 1.0,
    "mixing_matrix": [
      [
        0.2994786202907562,
        0.21933093667030334,
        -0.10711243003606796
      ],
      [
        -0.23611897230148315,
        0.07286564260721207,
        0.0023298561573028564
      ],
      [
        -0.04721152037382126,
        -0.0017034513875842094,
        0.023723218590021133
      ],
      [
        0.05771016329526901,
        -0.1573028862476349,
        0.04371241107583046
      ]
    ]
  },
  "source_dimension": 3
}