{
  "leaspy_version": "1.5.0",
  "name": "linear",
  "features": [
    "ENCODING0",
    "ENCODING1",
    "ENCODING2",
    "ENCODING3"
  ],
  "dimension": 4,
  "fit_metrics": {
    "nll_regul_tau": 1619.7999267578125,
    "nll_regul_xi": -562.123046875,
    "nll_regul_sources": 4066.149169921875,
    "nll_regul_tot": 5123.826171875,
    "nll_attach": -57788.2578125,
    "nll_tot": -52664.4375
  },
  "noise_model": {
    "name": "gaussian-diagonal",
    "scale": [
      0.013197609223425388,
      0.13282766938209534,
      0.027699535712599754,
      0.018341436982154846
    ]
  },
  "parameters": {
    "g": [
      2.1094358089612797e-05,
      -0.13771864771842957,
      -0.04005979001522064,
      -0.046477898955345154
    ],
    "v0": [
      -5.291045665740967,
      -8.299102783203125,
      -2.1733992099761963,
      -4.153824806213379
    ],
    "betas": [
      [
        -0.2663693428039551,
        -0.03880741074681282,
        -0.00974050723016262
      ],
      [
        -0.041124746203422546,
        0.40996578335762024,
        0.05658436566591263
      ],
      [
        0.13988466560840607,
        -0.045519426465034485,
        0.3193681240081787
      ]
    ],
    "tau_mean": -0.2977572977542877,
    "tau_std": 2.4474844932556152,
    "xi_mean": 0.0,
    "xi_std": 0.10839495062828064,
    "sources_mean": 0.0,
    "sources_std": 1.0,
    "mixing_matrix": [
      [
        0.022169776260852814,
        -0.3994244933128357,
        -0.09959834069013596
      ],
      [
        -0.26632341742515564,
        -0.03963524103164673,
        -0.009946930222213268
      ],
      [
        -0.02010500058531761,
        0.03126094490289688,
        -0.03784743696451187
      ],
      [
        0.14278560876846313,
        -0.09778466820716858,
        0.30633553862571716
      ]
    ]
  },
  "source_dimension": 3
}