{
  "leaspy_version": "1.5.0",
  "name": "linear",
  "features": [
    "ENCODING0",
    "ENCODING1",
    "ENCODING2",
    "ENCODING3"
  ],
  "dimension": 4,
  "fit_metrics": {
    "nll_regul_tau": 1626.6722412109375,
    "nll_regul_xi": -555.1090087890625,
    "nll_regul_sources": 4001.23291015625,
    "nll_regul_tot": 5072.79638671875,
    "nll_attach": -59045.8125,
    "nll_tot": -53973.0078125
  },
  "noise_model": {
    "name": "gaussian-diagonal",
    "scale": [
      0.016475724056363106,
      0.09463229030370712,
      0.028175797313451767,
      0.01694224402308464
    ]
  },
  "parameters": {
    "g": [
      -0.005620295647531748,
      -0.14127075672149658,
      -0.02169308438897133,
      -0.04741395264863968
    ],
    "v0": [
      -5.28373384475708,
      -9.614990234375,
      -2.1719133853912354,
      -4.178739070892334
    ],
    "betas": [
      [
        -0.29911571741104126,
        0.020598750561475754,
        -0.0034689244348555803
      ],
      [
        0.016903428360819817,
        0.3536965847015381,
        0.12391909956932068
      ],
      [
        0.16314494609832764,
        -0.13404417037963867,
        0.3206746578216553
      ]
    ],
    "tau_mean": -0.13826771080493927,
    "tau_std": 2.4716317653656006,
    "xi_mean": 0.0,
    "xi_std": 0.10948621481657028,
    "sources_mean": 0.0,
    "sources_std": 1.0,
    "mixing_matrix": [
      [
        -0.0382755771279335,
        -0.332375705242157,
        -0.1653708815574646
      ],
      [
        -0.2991369962692261,
        0.020414208993315697,
        -0.0035607425961643457
      ],
      [
        -0.01939411647617817,
        0.038497645407915115,
        -0.03290561959147453
      ],
      [
        0.15826602280139923,
        -0.17641153931617737,
        0.2995951175689697
      ]
    ]
  },
  "source_dimension": 3
}