{
  "leaspy_version": "1.5.0",
  "name": "linear",
  "features": [
    "ENCODING0",
    "ENCODING1",
    "ENCODING2",
    "ENCODING3"
  ],
  "dimension": 4,
  "fit_metrics": {
    "nll_regul_tau": 1542.4144287109375,
    "nll_regul_xi": -456.1105651855469,
    "nll_regul_sources": 4300.0341796875,
    "nll_regul_tot": 5386.337890625,
    "nll_attach": -66941.53125,
    "nll_tot": -61555.1875
  },
  "noise_model": {
    "name": "gaussian-diagonal",
    "scale": [
      0.01542505994439125,
      0.02870435081422329,
      0.029448343440890312,
      0.018475010991096497
    ]
  },
  "parameters": {
    "g": [
      0.20706942677497864,
      -0.22736892104148865,
      0.24050307273864746,
      -0.11622700840234756
    ],
    "v0": [
      -5.921271324157715,
      -3.8133597373962402,
      -2.157241106033325,
      -6.719620704650879
    ],
    "betas": [
      [
        -0.056794390082359314,
        -0.23940755426883698,
        -0.09126506000757217
      ],
      [
        0.04074249789118767,
        0.06735663115978241,
        0.3444589078426361
      ],
      [
        0.29291749000549316,
        0.12002860009670258,
        0.005001023877412081
      ]
    ],
    "tau_mean": 0.9373964071273804,
    "tau_std": 2.1913328170776367,
    "xi_mean": 0.0,
    "xi_std": 0.12611886858940125,
    "sources_mean": 0.0,
    "sources_std": 1.0,
    "mixing_matrix": [
      [
        -0.032364316284656525,
        -0.022498320788145065,
        -0.3211897015571594
      ],
      [
        -0.06272552907466888,
        -0.24353063106536865,
        -0.15012681484222412
      ],
      [
        0.009669632650911808,
        0.04575607553124428,
        0.036085814237594604
      ],
      [
        0.29259318113327026,
        0.11980315297842026,
        0.00178247457370162
      ]
    ]
  },
  "source_dimension": 3
}