{
  "leaspy_version": "1.5.0",
  "name": "linear",
  "features": [
    "ENCODING0",
    "ENCODING1",
    "ENCODING2",
    "ENCODING3"
  ],
  "dimension": 4,
  "fit_metrics": {
    "nll_regul_tau": 6009.94921875,
    "nll_regul_xi": 825.4427490234375,
    "nll_regul_sources": 3645.31396484375,
    "nll_regul_tot": 10480.705078125,
    "nll_attach": -40673.5,
    "nll_tot": -30192.79296875
  },
  "noise_model": {
    "name": "gaussian-diagonal",
    "scale": [
      0.2510935664176941,
      0.018727198243141174,
      0.011172538623213768,
      0.19537052512168884
    ]
  },
  "parameters": {
    "g": [
      0.2467581182718277,
      0.24708889424800873,
      3.5236792867224254e-13,
      -0.00951729342341423
    ],
    "v0": [
      -12.064704895019531,
      -8.604507446289062,
      -9.396352767944336,
      -8.9798002243042
    ],
    "betas": [
      [
        -0.18352605402469635,
        0.1125360056757927,
        -0.07406939566135406
      ],
      [
        0.2751814126968384,
        0.22560589015483856,
        -0.0736590325832367
      ],
      [
        0.05163983255624771,
        -0.2861269414424896,
        0.15145158767700195
      ]
    ],
    "tau_mean": -185.89596557617188,
    "tau_std": 1295.5654296875,
    "xi_mean": 0.0,
    "xi_std": 0.7868167161941528,
    "sources_mean": 0.0,
    "sources_std": 1.0,
    "mixing_matrix": [
      [
        0.0180515069514513,
        -0.014004647731781006,
        0.002606704831123352
      ],
      [
        -0.16992193460464478,
        0.10198168456554413,
        -0.07210490852594376
      ],
      [
        0.2813442051410675,
        0.2208247035741806,
        -0.07276910543441772
      ],
      [
        0.06098706275224686,
        -0.29337865114212036,
        0.15280136466026306
      ]
    ]
  },
  "source_dimension": 3
}