{
  "leaspy_version": "1.5.0",
  "name": "linear",
  "features": [
    "ENCODING0",
    "ENCODING1",
    "ENCODING2",
    "ENCODING3"
  ],
  "dimension": 4,
  "fit_metrics": {
    "nll_regul_tau": 19779.333984375,
    "nll_regul_xi": 909.3990478515625,
    "nll_regul_sources": 3611.955810546875,
    "nll_regul_tot": 24300.69140625,
    "nll_attach": -44796.33984375,
    "nll_tot": -20495.646484375
  },
  "noise_model": {
    "name": "gaussian-diagonal",
    "scale": [
      0.2072870284318924,
      0.017358122393488884,
      0.24202413856983185,
      0.006541740149259567
    ]
  },
  "parameters": {
    "g": [
      0.23162557184696198,
      0.2954317629337311,
      9.897340502696394e-28,
      -0.01022233348339796
    ],
    "v0": [
      -32.83882522583008,
      -29.771636962890625,
      -28.565446853637695,
      -27.917551040649414
    ],
    "betas": [
      [
        -0.27481505274772644,
        -0.0018281325465068221,
        -0.025147695094347
      ],
      [
        0.008563609793782234,
        0.3736693561077118,
        -0.13112810254096985
      ],
      [
        0.004858134780079126,
        -0.2061314731836319,
        0.05419737100601196
      ]
    ],
    "tau_mean": 1842375040.0,
    "tau_std": 452139319296.0,
    "xi_mean": 0.0,
    "xi_std": 0.8870978951454163,
    "sources_mean": 0.0,
    "sources_std": 1.0,
    "mixing_matrix": [
      [
        0.02957388013601303,
        0.009596496820449829,
        0.016095798462629318
      ],
      [
        -0.2707763910293579,
        -0.0005176160484552383,
        -0.022949617356061935
      ],
      [
        0.022055746987462044,
        0.3780474364757538,
        -0.12378491461277008
      ],
      [
        0.030648544430732727,
        -0.19776269793510437,
        0.06823398917913437
      ]
    ]
  },
  "source_dimension": 3
}