{
  "leaspy_version": "1.5.0",
  "name": "linear",
  "features": [
    "ENCODING0",
    "ENCODING1",
    "ENCODING2",
    "ENCODING3"
  ],
  "dimension": 4,
  "fit_metrics": {
    "nll_regul_tau": 14358.7607421875,
    "nll_regul_xi": 906.7765502929688,
    "nll_regul_sources": 3779.07958984375,
    "nll_regul_tot": 19044.619140625,
    "nll_attach": -38563.484375,
    "nll_tot": -19518.865234375
  },
  "noise_model": {
    "name": "gaussian-diagonal",
    "scale": [
      0.012127542868256569,
      0.028053605929017067,
      0.1659364104270935,
      0.24592363834381104
    ]
  },
  "parameters": {
    "g": [
      0.017656849697232246,
      0.153437077999115,
      -0.2205180525779724,
      -0.2092370092868805
    ],
    "v0": [
      -20.58212661743164,
      -20.793354034423828,
      -20.0113468170166,
      -21.619863510131836
    ],
    "betas": [
      [
        -0.2563236951828003,
        0.24289579689502716,
        -0.03895048797130585
      ],
      [
        -0.007396371103823185,
        0.33579060435295105,
        -0.12991493940353394
      ],
      [
        0.02305082604289055,
        0.07214329391717911,
        0.021612048149108887
      ]
    ],
    "tau_mean": -29393692.0,
    "tau_std": 195990560.0,
    "xi_mean": 0.0,
    "xi_std": 0.883777916431427,
    "sources_mean": 0.0,
    "sources_std": 1.0,
    "mixing_matrix": [
      [
        0.0958477184176445,
        -0.3683546483516693,
        0.11449979990720749
      ],
      [
        -0.23219841718673706,
        0.15017938613891602,
        -0.010130412876605988
      ],
      [
        0.0453379787504673,
        0.13312597572803497,
        -0.06691843271255493
      ],
      [
        0.03360741585493088,
        0.03157300874590874,
        0.034222960472106934
      ]
    ]
  },
  "source_dimension": 3
}