{
  "leaspy_version": "1.5.0",
  "name": "linear",
  "features": [
    "ENCODING0",
    "ENCODING1",
    "ENCODING2",
    "ENCODING3"
  ],
  "dimension": 4,
  "fit_metrics": {
    "nll_regul_tau": 15163.1416015625,
    "nll_regul_xi": 842.33984375,
    "nll_regul_sources": 3747.705322265625,
    "nll_regul_tot": 19753.1875,
    "nll_attach": -53102.828125,
    "nll_tot": -33349.63671875
  },
  "noise_model": {
    "name": "gaussian-diagonal",
    "scale": [
      0.013264169916510582,
      0.02577177807688713,
      0.02053619921207428,
      0.24782946705818176
    ]
  },
  "parameters": {
    "g": [
      0.032902512699365616,
      0.2065664529800415,
      -0.13153357803821564,
      -0.1883867383003235
    ],
    "v0": [
      -21.788135528564453,
      -21.6280460357666,
      -21.152549743652344,
      -23.335369110107422
    ],
    "betas": [
      [
        -0.04608594626188278,
        -0.20407593250274658,
        0.2998653054237366
      ],
      [
        0.2317129373550415,
        -0.08392946422100067,
        0.2506367266178131
      ],
      [
        0.01949991285800934,
        -0.0037734764628112316,
        0.029501911252737045
      ]
    ],
    "tau_mean": 26429252.0,
    "tau_std": 618430336.0,
    "xi_mean": 0.0,
    "xi_std": 0.8060556650161743,
    "sources_mean": 0.0,
    "sources_std": 1.0,
    "mixing_matrix": [
      [
        -0.15838590264320374,
        0.16296815872192383,
        -0.3397824168205261
      ],
      [
        -0.10001267492771149,
        -0.14858904480934143,
        0.1841772496700287
      ],
      [
        0.14495491981506348,
        0.005338531918823719,
        0.06451635807752609
      ],
      [
        0.009720267727971077,
        0.006289104465395212,
        0.00852181576192379
      ]
    ]
  },
  "source_dimension": 3
}