{
  "leaspy_version": "1.5.0",
  "name": "linear",
  "features": [
    "ENCODING0",
    "ENCODING1",
    "ENCODING2",
    "ENCODING3"
  ],
  "dimension": 4,
  "fit_metrics": {
    "nll_regul_tau": 1622.322021484375,
    "nll_regul_xi": -552.9959716796875,
    "nll_regul_sources": 4070.0810546875,
    "nll_regul_tot": 5139.40673828125,
    "nll_attach": -58153.39453125,
    "nll_tot": -53013.98828125
  },
  "noise_model": {
    "name": "gaussian-diagonal",
    "scale": [
      0.014715731143951416,
      0.12375912070274353,
      0.028021883219480515,
      0.016568079590797424
    ]
  },
  "parameters": {
    "g": [
      -0.02902325987815857,
      -0.16003598272800446,
      -0.03065136820077896,
      -0.01326761581003666
    ],
    "v0": [
      -5.237979412078857,
      -8.063045501708984,
      -2.1654655933380127,
      -4.183338642120361
    ],
    "betas": [
      [
        0.00711134122684598,
        0.08115846663713455,
        0.2637748420238495
      ],
      [
        0.38600611686706543,
        -0.023926742374897003,
        0.02492043375968933
      ],
      [
        -0.03203406557440758,
        -0.3451002538204193,
        -0.018226206302642822
      ]
    ],
    "tau_mean": -0.1978975534439087,
    "tau_std": 2.4563190937042236,
    "xi_mean": 0.0,
    "xi_std": 0.10981729626655579,
    "sources_mean": 0.0,
    "sources_std": 1.0,
    "mixing_matrix": [
      [
        -0.3780383765697479,
        0.0689011812210083,
        -0.02299501933157444
      ],
      [
        0.006128425244241953,
        0.08133760839700699,
        0.2637150287628174
      ],
      [
        0.02807219699025154,
        0.04131021350622177,
        0.003148312447592616
      ],
      [
        -0.07961705327033997,
        -0.33642780780792236,
        -0.021120546385645866
      ]
    ]
  },
  "source_dimension": 3
}