{
  "leaspy_version": "1.5.0",
  "name": "linear",
  "features": [
    "ENCODING0",
    "ENCODING1",
    "ENCODING2",
    "ENCODING3"
  ],
  "dimension": 4,
  "fit_metrics": {
    "nll_regul_tau": 12326.353515625,
    "nll_regul_xi": 782.8582763671875,
    "nll_regul_sources": 3734.76513671875,
    "nll_regul_tot": 16843.9765625,
    "nll_attach": -44680.09375,
    "nll_tot": -27836.11328125
  },
  "noise_model": {
    "name": "gaussian-diagonal",
    "scale": [
      0.012195653282105923,
      0.08906974643468857,
      0.0213223397731781,
      0.2501584589481354
    ]
  },
  "parameters": {
    "g": [
      0.036984775215387344,
      0.1313980370759964,
      -0.25392386317253113,
      -0.20692653954029083
    ],
    "v0": [
      -17.773672103881836,
      -17.79720687866211,
      -17.01599884033203,
      -19.115320205688477
    ],
    "betas": [
      [
        -0.29074856638908386,
        0.16432414948940277,
        -0.04935280233621597
      ],
      [
        -0.04481638967990875,
        0.3357961177825928,
        -0.14432573318481445
      ],
      [
        -0.0018969839438796043,
        0.053109001368284225,
        0.013761227950453758
      ]
    ],
    "tau_mean": -1414143.375,
    "tau_std": 10747037.0,
    "xi_mean": 0.0,
    "xi_std": 0.7403910756111145,
    "sources_mean": 0.0,
    "sources_std": 1.0,
    "mixing_matrix": [
      [
        0.14824888110160828,
        -0.34742265939712524,
        0.13748766481876373
      ],
      [
        -0.250118225812912,
        0.06910660862922668,
        -0.011671788059175014
      ],
      [
        0.04392467066645622,
        0.1278306245803833,
        -0.06202629208564758
      ],
      [
        0.008977307938039303,
        0.02762500010430813,
        0.02384616620838642
      ]
    ]
  },
  "source_dimension": 3
}