{
  "leaspy_version": "1.5.0",
  "name": "linear",
  "features": [
    "ENCODING0",
    "ENCODING1",
    "ENCODING2",
    "ENCODING3"
  ],
  "dimension": 4,
  "fit_metrics": {
    "nll_regul_tau": 1531.9794921875,
    "nll_regul_xi": -509.87786865234375,
    "nll_regul_sources": 4233.8623046875,
    "nll_regul_tot": 5255.96435546875,
    "nll_attach": -58143.78125,
    "nll_tot": -52887.80859375
  },
  "noise_model": {
    "name": "gaussian-diagonal",
    "scale": [
      0.011340625584125519,
      0.1712530255317688,
      0.028299927711486816,
      0.015402432531118393
    ]
  },
  "parameters": {
    "g": [
      0.1928488165140152,
      -0.24402926862239838,
      0.24421162903308868,
      -0.11929670721292496
    ],
    "v0": [
      -6.14044713973999,
      -3.999398946762085,
      -2.160224437713623,
      -6.608583450317383
    ],
    "betas": [
      [
        0.14771831035614014,
        -0.1215929239988327,
        0.05866192281246185
      ],
      [
        0.09962634742259979,
        0.318443238735199,
        -0.15669727325439453
      ],
      [
        -0.1548529863357544,
        0.17134562134742737,
        0.21417491137981415
      ]
    ],
    "tau_mean": 1.0214855670928955,
    "tau_std": 2.1589083671569824,
    "xi_mean": 0.0,
    "xi_std": 0.11679470539093018,
    "sources_mean": 0.0,
    "sources_std": 1.0,
    "mixing_matrix": [
      [
        -0.1197623535990715,
        -0.29731687903404236,
        0.14303773641586304
      ],
      [
        0.12926313281059265,
        -0.16740895807743073,
        0.08070380240678787
      ],
      [
        -0.01648152619600296,
        0.03019883669912815,
        -0.018024258315563202
      ],
      [
        -0.15621119737625122,
        0.1679738163948059,
        0.2157970666885376
      ]
    ]
  },
  "source_dimension": 3
}