{
  "leaspy_version": "1.5.0",
  "name": "linear",
  "features": [
    "ENCODING0",
    "ENCODING1",
    "ENCODING2",
    "ENCODING3"
  ],
  "dimension": 4,
  "fit_metrics": {
    "nll_regul_tau": 1533.109619140625,
    "nll_regul_xi": -398.5729064941406,
    "nll_regul_sources": 4153.69873046875,
    "nll_regul_tot": 5288.23583984375,
    "nll_attach": -58071.1015625,
    "nll_tot": -52782.86328125
  },
  "noise_model": {
    "name": "gaussian-diagonal",
    "scale": [
      0.013146638870239258,
      0.1561642587184906,
      0.03166686370968819,
      0.013159235008060932
    ]
  },
  "parameters": {
    "g": [
      0.2083151489496231,
      -0.25344574451446533,
      0.32193610072135925,
      -0.10534016042947769
    ],
    "v0": [
      -5.842371463775635,
      -3.864229202270508,
      -2.140683174133301,
      -6.8510966300964355
    ],
    "betas": [
      [
        0.17357732355594635,
        -0.11245487630367279,
        0.07948650419712067
      ],
      [
        0.03169969841837883,
        0.2082749307155609,
        -0.2968727648258209
      ],
      [
        -0.08918951451778412,
        0.2879905700683594,
        0.1418783962726593
      ]
    ],
    "tau_mean": 1.5136239528656006,
    "tau_std": 2.1623966693878174,
    "xi_mean": 0.0,
    "xi_std": 0.13692332804203033,
    "sources_mean": 0.0,
    "sources_std": 1.0,
    "mixing_matrix": [
      [
        -0.060886360704898834,
        -0.18777206540107727,
        0.2769445478916168
      ],
      [
        0.16313926875591278,
        -0.1446455866098404,
        0.1269644945859909
      ],
      [
        -0.026798993349075317,
        0.027866382151842117,
        -0.03078865259885788
      ],
      [
        -0.08971606194972992,
        0.28636670112609863,
        0.14427344501018524
      ]
    ]
  },
  "source_dimension": 3
}