{
  "leaspy_version": "1.5.0",
  "name": "linear",
  "features": [
    "ENCODING0",
    "ENCODING1",
    "ENCODING2",
    "ENCODING3"
  ],
  "dimension": 4,
  "fit_metrics": {
    "nll_regul_tau": 1561.9417724609375,
    "nll_regul_xi": -439.3825378417969,
    "nll_regul_sources": 4178.02197265625,
    "nll_regul_tot": 5300.5810546875,
    "nll_attach": -56615.765625,
    "nll_tot": -51315.19140625
  },
  "noise_model": {
    "name": "gaussian-diagonal",
    "scale": [
      0.011275083757936954,
      0.1919081062078476,
      0.03023577481508255,
      0.0160945076495409
    ]
  },
  "parameters": {
    "g": [
      0.16992074251174927,
      -0.2923036813735962,
      0.24242736399173737,
      -0.11016575247049332
    ],
    "v0": [
      -6.302969455718994,
      -4.001049995422363,
      -2.154198408126831,
      -6.754949569702148
    ],
    "betas": [
      [
        0.15206104516983032,
        -0.1202109232544899,
        0.02471456676721573
      ],
      [
        0.0506683811545372,
        0.35698992013931274,
        -0.12500275671482086
      ],
      [
        -0.1612951159477234,
        0.1274280697107315,
        0.25106045603752136
      ]
    ],
    "tau_mean": 0.8633989691734314,
    "tau_std": 2.253324031829834,
    "xi_mean": 0.0,
    "xi_std": 0.1291692852973938,
    "sources_mean": 0.0,
    "sources_std": 1.0,
    "mixing_matrix": [
      [
        -0.07212910056114197,
        -0.33510762453079224,
        0.11711455136537552
      ],
      [
        0.14099721610546112,
        -0.17161273956298828,
        0.042678650468587875
      ],
      [
        -0.019474269822239876,
        0.031111236661672592,
        -0.011113565415143967
      ],
      [
        -0.1619996428489685,
        0.12415484338998795,
        0.25220438838005066
      ]
    ]
  },
  "source_dimension": 3
}