{
  "leaspy_version": "1.5.0",
  "name": "linear",
  "features": [
    "ENCODING0",
    "ENCODING1",
    "ENCODING2",
    "ENCODING3"
  ],
  "dimension": 4,
  "fit_metrics": {
    "nll_regul_tau": 1558.30224609375,
    "nll_regul_xi": -665.9151000976562,
    "nll_regul_sources": 4161.8984375,
    "nll_regul_tot": 5054.28564453125,
    "nll_attach": -56597.1015625,
    "nll_tot": -51542.8203125
  },
  "noise_model": {
    "name": "gaussian-diagonal",
    "scale": [
      0.013287157751619816,
      0.019095130264759064,
      0.13286061584949493,
      0.03132134675979614
    ]
  },
  "parameters": {
    "g": [
      -0.03734927251935005,
      -0.16414712369441986,
      0.024738755077123642,
      -0.02109226956963539
    ],
    "v0": [
      -4.64423942565918,
      -4.818447113037109,
      -5.95911979675293,
      -2.111915111541748
    ],
    "betas": [
      [
        0.22057197988033295,
        -0.18075087666511536,
        0.15788055956363678
      ],
      [
        0.09578055143356323,
        0.05222339183092117,
        0.29677021503448486
      ],
      [
        -0.2431039810180664,
        -0.294068306684494,
        0.06027675420045853
      ]
    ],
    "tau_mean": -0.13735075294971466,
    "tau_std": 2.241637706756592,
    "xi_mean": 0.0,
    "xi_std": 0.09345719963312149,
    "sources_mean": 0.0,
    "sources_std": 1.0,
    "mixing_matrix": [
      [
        0.2250727266073227,
        0.303323894739151,
        -0.07672140747308731
      ],
      [
        0.23442141711711884,
        -0.1620863974094391,
        0.15315966308116913
      ],
      [
        0.1002068817615509,
        0.058188628405332565,
        0.2952613830566406
      ],
      [
        -0.03567766398191452,
        -0.01452595554292202,
        -0.010429455898702145
      ]
    ]
  },
  "source_dimension": 3
}