{
  "leaspy_version": "1.5.0",
  "name": "linear",
  "features": [
    "ENCODING0",
    "ENCODING1",
    "ENCODING2",
    "ENCODING3"
  ],
  "dimension": 4,
  "fit_metrics": {
    "nll_regul_tau": 1537.7041015625,
    "nll_regul_xi": -135.8039093017578,
    "nll_regul_sources": 4291.35205078125,
    "nll_regul_tot": 5693.2529296875,
    "nll_attach": -60701.21875,
    "nll_tot": -55007.96484375
  },
  "noise_model": {
    "name": "gaussian-diagonal",
    "scale": [
      0.030526217073202133,
      0.08360636979341507,
      0.01617233268916607,
      0.01423137728124857
    ]
  },
  "parameters": {
    "g": [
      0.19667130708694458,
      0.31773489713668823,
      -0.14671684801578522,
      -0.1703566014766693
    ],
    "v0": [
      -2.2018723487854004,
      -9.201651573181152,
      -5.002875328063965,
      -4.841440200805664
    ],
    "betas": [
      [
        -0.20789311826229095,
        -0.018712827935814857,
        0.08461520075798035
      ],
      [
        -0.09236979484558105,
        -0.27891531586647034,
        -0.15284407138824463
      ],
      [
        -0.015171674080193043,
        0.04332645982503891,
        0.3477504253387451
      ]
    ],
    "tau_mean": 0.5925468802452087,
    "tau_std": 2.176638126373291,
    "xi_mean": 0.0,
    "xi_std": 0.1992991715669632,
    "sources_mean": 0.0,
    "sources_std": 1.0,
    "mixing_matrix": [
      [
        0.006854084320366383,
        0.013807217590510845,
        -0.015550491400063038
      ],
      [
        -0.20788998901844025,
        -0.0187065452337265,
        0.08460812270641327
      ],
      [
        -0.09216205775737762,
        -0.2784968614578247,
        -0.15331538021564484
      ],
      [
        -0.014927545562386513,
        0.043818242847919464,
        0.3471965491771698
      ]
    ]
  },
  "source_dimension": 3
}