{
  "leaspy_version": "1.5.0",
  "name": "linear",
  "features": [
    "ENCODING0",
    "ENCODING1",
    "ENCODING2",
    "ENCODING3"
  ],
  "dimension": 4,
  "fit_metrics": {
    "nll_regul_tau": 1875.8623046875,
    "nll_regul_xi": -49.67582321166992,
    "nll_regul_sources": 3789.53955078125,
    "nll_regul_tot": 5615.72607421875,
    "nll_attach": -54259.9296875,
    "nll_tot": -48644.20703125
  },
  "noise_model": {
    "name": "gaussian-diagonal",
    "scale": [
      0.013867698609828949,
      0.010872735641896725,
      0.14296521246433258,
      0.06842684745788574
    ]
  },
  "parameters": {
    "g": [
      0.017906468361616135,
      -0.36905282735824585,
      -0.3331252336502075,
      -0.3020738959312439
    ],
    "v0": [
      -5.253108978271484,
      -3.1006507873535156,
      -7.9318742752075195,
      -8.705994606018066
    ],
    "betas": [
      [
        -0.3398676812648773,
        0.03899286687374115,
        -0.07164917886257172
      ],
      [
        0.023620057851076126,
        0.1043093204498291,
        0.11923635005950928
      ],
      [
        0.0027859865222126245,
        -0.2344733029603958,
        -0.0171863604336977
      ]
    ],
    "tau_mean": 0.8636233806610107,
    "tau_std": 3.5284717082977295,
    "xi_mean": 0.0,
    "xi_std": 0.2253938615322113,
    "sources_mean": 0.0,
    "sources_std": 1.0,
    "mixing_matrix": [
      [
        0.33738598227500916,
        -0.038700610399246216,
        0.07028566300868988
      ],
      [
        -0.039425481110811234,
        0.004529979079961777,
        -0.009059800766408443
      ],
      [
        0.026016611605882645,
        0.104034423828125,
        0.11973561346530914
      ],
      [
        0.003891059895977378,
        -0.23460005223751068,
        -0.0169561468064785
      ]
    ]
  },
  "source_dimension": 3
}