{
  "leaspy_version": "1.5.0",
  "name": "linear",
  "features": [
    "ENCODING0",
    "ENCODING1",
    "ENCODING2",
    "ENCODING3"
  ],
  "dimension": 4,
  "fit_metrics": {
    "nll_regul_tau": 1559.970458984375,
    "nll_regul_xi": -162.43836975097656,
    "nll_regul_sources": 4128.90869140625,
    "nll_regul_tot": 5526.44091796875,
    "nll_attach": -62960.60546875,
    "nll_tot": -57434.15234375
  },
  "noise_model": {
    "name": "gaussian-diagonal",
    "scale": [
      0.018416395410895348,
      0.033509548753499985,
      0.03718477860093117,
      0.0185357928276062
    ]
  },
  "parameters": {
    "g": [
      -0.06055348366498947,
      -0.17824813723564148,
      1.0780535535451219e-12,
      0.44219663739204407
    ],
    "v0": [
      -12.761730194091797,
      -10.068000793457031,
      -2.1356825828552246,
      -5.864297866821289
    ],
    "betas": [
      [
        -0.22354663908481598,
        0.1609141081571579,
        0.025768306106328964
      ],
      [
        0.22272874414920807,
        0.32477229833602905,
        0.009013229049742222
      ],
      [
        -0.04845389723777771,
        0.024760518223047256,
        0.19752080738544464
      ]
    ],
    "tau_mean": -0.33249717950820923,
    "tau_std": 2.2469863891601562,
    "xi_mean": 0.0,
    "xi_std": 0.19185884296894073,
    "sources_mean": 0.0,
    "sources_std": 1.0,
    "mixing_matrix": [
      [
        -0.22142043709754944,
        -0.32533109188079834,
        -0.013764156959950924
      ],
      [
        -0.22362609207630157,
        0.1607973724603653,
        0.025763366371393204
      ],
      [
        0.0013775769621133804,
        -0.0004569836310110986,
        -0.004746622405946255
      ],
      [
        -0.05377209931612015,
        0.01694653183221817,
        0.19719021022319794
      ]
    ]
  },
  "source_dimension": 3
}