{
  "leaspy_version": "1.5.0",
  "name": "linear",
  "features": [
    "ENCODING0",
    "ENCODING1",
    "ENCODING2",
    "ENCODING3",
    "ENCODING4",
    "ENCODING5"
  ],
  "dimension": 6,
  "fit_metrics": {
    "nll_regul_tau": 2918.0205078125,
    "nll_regul_xi": -33.85178756713867,
    "nll_regul_sources": 7103.85400390625,
    "nll_regul_tot": 9988.0224609375,
    "nll_attach": -53489.40625,
    "nll_tot": -43501.38671875
  },
  "noise_model": {
    "name": "gaussian-diagonal",
    "scale": [
      0.028136778622865677,
      0.2795344293117523,
      0.17979936301708221,
      0.15261022746562958,
      0.013792041689157486,
      0.03237646073102951
    ]
  },
  "parameters": {
    "g": [
      0.18099161982536316,
      -0.011336954310536385,
      0.2788712680339813,
      -0.3281758427619934,
      0.09032139182090759,
      -0.0038477585185319185
    ],
    "v0": [
      -4.6978936195373535,
      -6.390608310699463,
      -3.674787998199463,
      -5.475233554840088,
      -6.7431745529174805,
      -3.4953391551971436
    ],
    "betas": [
      [
        -0.0027195033617317677,
        0.015058150514960289,
        -0.03885500878095627,
        -0.0026662489399313927,
        0.006717483513057232
      ],
      [
        0.028622301295399666,
        -0.0994025245308876,
        -0.009726502001285553,
        0.03747621551156044,
        -0.2345050871372223
      ],
      [
        -0.026726223528385162,
        0.038992300629615784,
        -0.03013841062784195,
        -0.1343342512845993,
        0.052769117057323456
      ],
      [
        0.21158121526241302,
        0.3513999879360199,
        0.03820551559329033,
        0.046414609998464584,
        -0.011538762599229813
      ],
      [
        0.14860840141773224,
        0.05815749242901802,
        0.04787242040038109,
        0.07162738591432571,
        -0.19033728539943695
      ]
    ],
    "tau_mean": 5.24476432800293,
    "tau_std": 15.637345314025879,
    "xi_mean": 0.0,
    "xi_std": 0.23054596781730652,
    "sources_mean": 0.0,
    "sources_std": 1.0,
    "mixing_matrix": [
      [
        -0.13141129910945892,
        0.003747340524569154,
        -0.025938060134649277,
        -0.06392237544059753,
        0.28160929679870605
      ],
      [
        -0.007131451740860939,
        0.015183962881565094,
        -0.03972584381699562,
        -0.004812352824956179,
        0.016172118484973907
      ],
      [
        -0.038073159754276276,
        -0.09750062227249146,
        -0.022890903055667877,
        0.005033549387007952,
        -0.09157931804656982
      ],
      [
        -0.03774599730968475,
        0.03930654004216194,
        -0.032313503324985504,
        -0.13969458639621735,
        0.07638406753540039
      ],
      [
        0.2084801346063614,
        0.3514884114265442,
        0.03759342059493065,
        0.04490615054965019,
        -0.004893269389867783
      ],
      [
        0.06880343705415726,
        0.060433223843574524,
        0.03212045878171921,
        0.03280786797404289,
        -0.019318347796797752
      ]
    ]
  },
  "source_dimension": 5
}