{
  "leaspy_version": "1.5.0",
  "name": "linear",
  "features": [
    "ENCODING0",
    "ENCODING1",
    "ENCODING2",
    "ENCODING3"
  ],
  "dimension": 4,
  "fit_metrics": {
    "nll_regul_tau": 2529.86962890625,
    "nll_regul_xi": -458.5513610839844,
    "nll_regul_sources": 3691.23046875,
    "nll_regul_tot": 5762.548828125,
    "nll_attach": -39671.69921875,
    "nll_tot": -33909.1484375
  },
  "noise_model": {
    "name": "gaussian-diagonal",
    "scale": [
      0.23269768059253693,
      0.01590321585536003,
      0.011795138008892536,
      0.2715286612510681
    ]
  },
  "parameters": {
    "g": [
      -0.06093673035502434,
      -0.2813573479652405,
      -0.10649425536394119,
      -0.05941114202141762
    ],
    "v0": [
      -8.279633522033691,
      -5.074446201324463,
      -3.47589111328125,
      -3.7621541023254395
    ],
    "betas": [
      [
        -0.3677881956100464,
        -0.04248339682817459,
        0.008080174215137959
      ],
      [
        0.04409892484545708,
        -0.0103664081543684,
        0.0032073352485895157
      ],
      [
        -0.23790191113948822,
        -0.3138112425804138,
        0.13449400663375854
      ]
    ],
    "tau_mean": -1.1003550291061401,
    "tau_std": 8.981449127197266,
    "xi_mean": 0.0,
    "xi_std": 0.125680074095726,
    "sources_mean": 0.0,
    "sources_std": 1.0,
    "mixing_matrix": [
      [
        0.16492441296577454,
        0.20100077986717224,
        -0.08355391025543213
      ],
      [
        -0.3416367471218109,
        -0.010611433535814285,
        -0.005168665200471878
      ],
      [
        0.17344093322753906,
        0.14726850390434265,
        -0.06231984496116638
      ],
      [
        -0.14075763523578644,
        -0.1954171508550644,
        0.08527882397174835
      ]
    ]
  },
  "source_dimension": 3
}