{
  "leaspy_version": "1.5.0",
  "name": "linear",
  "features": [
    "ENCODING0",
    "ENCODING1",
    "ENCODING2",
    "ENCODING3"
  ],
  "dimension": 4,
  "fit_metrics": {
    "nll_regul_tau": 11331.982421875,
    "nll_regul_xi": 759.2960815429688,
    "nll_regul_sources": 3990.061279296875,
    "nll_regul_tot": 16081.3427734375,
    "nll_attach": -48943.33203125,
    "nll_tot": -32861.9921875
  },
  "noise_model": {
    "name": "gaussian-diagonal",
    "scale": [
      0.015518611297011375,
      0.014290072955191135,
      0.27318787574768066,
      0.052013885229825974
    ]
  },
  "parameters": {
    "g": [
      6.340121035464108e-05,
      0.14681896567344666,
      -0.12855298817157745,
      0.16044650971889496
    ],
    "v0": [
      -20.32602310180664,
      -16.520957946777344,
      -18.519878387451172,
      -16.180871963500977
    ],
    "betas": [
      [
        -0.17446641623973846,
        -0.4115719497203827,
        0.02812771499156952
      ],
      [
        -0.01199792604893446,
        -0.007805780507624149,
        0.0034060655161738396
      ],
      [
        -0.0379972867667675,
        0.04451160877943039,
        -0.27744895219802856
      ]
    ],
    "tau_mean": -802726.9375,
    "tau_std": 2596327.75,
    "xi_mean": 0.0,
    "xi_std": 0.7158829569816589,
    "sources_mean": 0.0,
    "sources_std": 1.0,
    "mixing_matrix": [
      [
        0.13264407217502594,
        0.20235709846019745,
        0.2088066041469574
      ],
      [
        -0.09876956045627594,
        -0.2960915267467499,
        0.1472887247800827
      ],
      [
        -0.0017424059333279729,
        0.007839677855372429,
        0.019550174474716187
      ],
      [
        0.06836196780204773,
        0.20676952600479126,
        -0.11001957207918167
      ]
    ]
  },
  "source_dimension": 3
}