{
  "leaspy_version": "1.5.0",
  "name": "linear",
  "features": [
    "ENCODING0",
    "ENCODING1",
    "ENCODING2",
    "ENCODING3"
  ],
  "dimension": 4,
  "fit_metrics": {
    "nll_regul_tau": 5598.88037109375,
    "nll_regul_xi": 850.4359741210938,
    "nll_regul_sources": 3720.87548828125,
    "nll_regul_tot": 10170.1923828125,
    "nll_attach": -39066.76171875,
    "nll_tot": -28896.57421875
  },
  "noise_model": {
    "name": "gaussian-diagonal",
    "scale": [
      0.2516322433948517,
      0.01749521680176258,
      0.008751594461500645,
      0.33530205488204956
    ]
  },
  "parameters": {
    "g": [
      0.24877426028251648,
      0.2516384720802307,
      1.051212719302419e-12,
      -0.03294834494590759
    ],
    "v0": [
      -11.564906120300293,
      -8.052550315856934,
      -9.033390998840332,
      -8.36054801940918
    ],
    "betas": [
      [
        -0.21984577178955078,
        0.03471880406141281,
        -0.03222231939435005
      ],
      [
        0.233230859041214,
        0.29097244143486023,
        -0.10658881068229675
      ],
      [
        0.11989352107048035,
        -0.19098511338233948,
        0.10326255857944489
      ]
    ],
    "tau_mean": -125.279296875,
    "tau_std": 720.1511840820312,
    "xi_mean": 0.0,
    "xi_std": 0.8154332637786865,
    "sources_mean": 0.0,
    "sources_std": 1.0,
    "mixing_matrix": [
      [
        0.03414127975702286,
        -0.0026789605617523193,
        -0.0028507374227046967
      ],
      [
        -0.19410978257656097,
        0.032699380069971085,
        -0.03437122702598572
      ],
      [
        0.24288174510002136,
        0.2902151942253113,
        -0.10739465057849884
      ],
      [
        0.13880732655525208,
        -0.19246922433376312,
        0.10168328881263733
      ]
    ]
  },
  "source_dimension": 3
}