{
  "leaspy_version": "1.5.0",
  "name": "linear",
  "features": [
    "ENCODING0",
    "ENCODING1",
    "ENCODING2",
    "ENCODING3"
  ],
  "dimension": 4,
  "fit_metrics": {
    "nll_regul_tau": 2128.564208984375,
    "nll_regul_xi": -539.5418701171875,
    "nll_regul_sources": 3739.13134765625,
    "nll_regul_tot": 5328.15380859375,
    "nll_attach": -56724.86328125,
    "nll_tot": -51396.71484375
  },
  "noise_model": {
    "name": "gaussian-diagonal",
    "scale": [
      0.013781922869384289,
      0.013975425623357296,
      0.02157600224018097,
      0.2494809925556183
    ]
  },
  "parameters": {
    "g": [
      0.12883219122886658,
      -0.09349870681762695,
      0.050277262926101685,
      0.22236332297325134
    ],
    "v0": [
      -2.8990583419799805,
      -14.944825172424316,
      -11.058399200439453,
      -8.206121444702148
    ],
    "betas": [
      [
        -0.397038072347641,
        0.0006022817105986178,
        -0.04427402839064598
      ],
      [
        -0.03454561531543732,
        0.4038234353065491,
        -0.10475938767194748
      ],
      [
        -0.03852305933833122,
        -0.04249760881066322,
        0.031237952411174774
      ]
    ],
    "tau_mean": -2.0941858291625977,
    "tau_std": 5.062532424926758,
    "xi_mean": 0.0,
    "xi_std": 0.1119479089975357,
    "sources_mean": 0.0,
    "sources_std": 1.0,
    "mixing_matrix": [
      [
        0.00020314776338636875,
        9.511903044767678e-05,
        -0.00012460183643270284
      ],
      [
        -0.397038072347641,
        0.0006022820016369224,
        -0.04427402839064598
      ],
      [
        -0.03454558551311493,
        0.4038234353065491,
        -0.10475940257310867
      ],
      [
        -0.03852255642414093,
        -0.04249737411737442,
        0.031237643212080002
      ]
    ]
  },
  "source_dimension": 3
}