{
  "leaspy_version": "1.5.0",
  "name": "linear",
  "features": [
    "ENCODING0",
    "ENCODING1",
    "ENCODING2",
    "ENCODING3"
  ],
  "dimension": 4,
  "fit_metrics": {
    "nll_regul_tau": 1488.4359130859375,
    "nll_regul_xi": -504.1473388671875,
    "nll_regul_sources": 4180.16943359375,
    "nll_regul_tot": 5164.458984375,
    "nll_attach": -61553.59765625,
    "nll_tot": -56389.140625
  },
  "noise_model": {
    "name": "gaussian-diagonal",
    "scale": [
      0.013202893547713757,
      0.10334164649248123,
      0.028350410982966423,
      0.013448267243802547
    ]
  },
  "parameters": {
    "g": [
      0.18543098866939545,
      -0.2681407332420349,
      0.3893165588378906,
      -0.06735202670097351
    ],
    "v0": [
      -5.819852828979492,
      -3.98129940032959,
      -2.162343978881836,
      -6.415449619293213
    ],
    "betas": [
      [
        -0.17072871327400208,
        0.09837871789932251,
        0.1099582314491272
      ],
      [
        0.04266258701682091,
        0.06338385492563248,
        -0.3315475881099701
      ],
      [
        0.3081260323524475,
        0.12450625002384186,
        0.019781790673732758
      ]
    ],
    "tau_mean": 2.1856043338775635,
    "tau_std": 2.0287067890167236,
    "xi_mean": 0.0,
    "xi_std": 0.11775454133749008,
    "sources_mean": 0.0,
    "sources_std": 1.0,
    "mixing_matrix": [
      [
        -0.01909507066011429,
        -0.08003074675798416,
        0.30925774574279785
      ],
      [
        -0.1737087517976761,
        0.08588889241218567,
        0.15822188556194305
      ],
      [
        0.024289457127451897,
        -0.013621131889522076,
        -0.03398212045431137
      ],
      [
        0.3078647553920746,
        0.12341123819351196,
        0.024013172835111618
      ]
    ]
  },
  "source_dimension": 3
}