{
  "leaspy_version": "1.5.0",
  "name": "linear",
  "features": [
    "ENCODING0",
    "ENCODING1",
    "ENCODING2",
    "ENCODING3"
  ],
  "dimension": 4,
  "fit_metrics": {
    "nll_regul_tau": 6051.078125,
    "nll_regul_xi": 827.861328125,
    "nll_regul_sources": 3676.452392578125,
    "nll_regul_tot": 10555.392578125,
    "nll_attach": -42565.90625,
    "nll_tot": -32010.521484375
  },
  "noise_model": {
    "name": "gaussian-diagonal",
    "scale": [
      0.24794289469718933,
      0.018123844638466835,
      0.24995671212673187,
      0.006982719525694847
    ]
  },
  "parameters": {
    "g": [
      0.23844942450523376,
      0.28148025274276733,
      5.710906192391008e-10,
      -0.11932427436113358
    ],
    "v0": [
      -12.084627151489258,
      -9.980673789978027,
      -9.025218963623047,
      -8.326553344726562
    ],
    "betas": [
      [
        -0.2688726782798767,
        0.07771249115467072,
        -0.0496915802359581
      ],
      [
        0.15392307937145233,
        0.31689319014549255,
        -0.13912498950958252
      ],
      [
        -0.06793376058340073,
        -0.1545480489730835,
        0.0803249254822731
      ]
    ],
    "tau_mean": -317.1153869628906,
    "tau_std": 1373.9696044921875,
    "xi_mean": 0.0,
    "xi_std": 0.7895581722259521,
    "sources_mean": 0.0,
    "sources_std": 1.0,
    "mixing_matrix": [
      [
        0.03778364881873131,
        -0.015785589814186096,
        -0.0014481693506240845
      ],
      [
        -0.2626248002052307,
        0.07510219514369965,
        -0.04993104562163353
      ],
      [
        0.17016665637493134,
        0.3101068139076233,
        -0.13974757492542267
      ],
      [
        -0.035266853868961334,
        -0.1681959182024002,
        0.07907286286354065
      ]
    ]
  },
  "source_dimension": 3
}