{
  "leaspy_version": "1.5.0",
  "name": "linear",
  "features": [
    "ENCODING0",
    "ENCODING1",
    "ENCODING2",
    "ENCODING3"
  ],
  "dimension": 4,
  "fit_metrics": {
    "nll_regul_tau": 1537.8687744140625,
    "nll_regul_xi": -483.4227294921875,
    "nll_regul_sources": 3856.836669921875,
    "nll_regul_tot": 4911.28271484375,
    "nll_attach": -60129.13671875,
    "nll_tot": -55217.8515625
  },
  "noise_model": {
    "name": "gaussian-diagonal",
    "scale": [
      0.0188242569565773,
      0.09879699349403381,
      0.02812499925494194,
      0.012189216911792755
    ]
  },
  "parameters": {
    "g": [
      0.19070911407470703,
      -0.2464824616909027,
      0.27301979064941406,
      -0.054792165756225586
    ],
    "v0": [
      -5.784574508666992,
      -3.910767078399658,
      -2.1657309532165527,
      -6.097722053527832
    ],
    "betas": [
      [
        0.01250204537063837,
        -0.2539321780204773,
        -0.007059677969664335
      ],
      [
        0.32806089520454407,
        0.23105628788471222,
        -0.046321071684360504
      ],
      [
        -0.1330515295267105,
        0.17991702258586884,
        -0.28822290897369385
      ]
    ],
    "tau_mean": 1.221680760383606,
    "tau_std": 2.1771464347839355,
    "xi_mean": 0.0,
    "xi_std": 0.12129314243793488,
    "sources_mean": 0.0,
    "sources_std": 1.0,
    "mixing_matrix": [
      [
        -0.32257843017578125,
        -0.18730060756206512,
        0.052383195608854294
      ],
      [
        -0.04153643548488617,
        -0.2853088676929474,
        0.0017155773239210248
      ],
      [
        0.01863071322441101,
        0.05139002203941345,
        0.0039269933477044106
      ],
      [
        -0.1391177773475647,
        0.1763947308063507,
        -0.2872377932071686
      ]
    ]
  },
  "source_dimension": 3
}