{
  "leaspy_version": "1.5.0",
  "name": "linear",
  "features": [
    "ENCODING0",
    "ENCODING1",
    "ENCODING2",
    "ENCODING3"
  ],
  "dimension": 4,
  "fit_metrics": {
    "nll_regul_tau": 1636.71337890625,
    "nll_regul_xi": -520.5845336914062,
    "nll_regul_sources": 3950.540771484375,
    "nll_regul_tot": 5066.669921875,
    "nll_attach": -57633.8203125,
    "nll_tot": -52567.14453125
  },
  "noise_model": {
    "name": "gaussian-diagonal",
    "scale": [
      0.015857642516493797,
      0.11283973604440689,
      0.029569195583462715,
      0.01720980741083622
    ]
  },
  "parameters": {
    "g": [
      -0.006808807607740164,
      -0.11980569362640381,
      -0.023541688919067383,
      -0.047701455652713776
    ],
    "v0": [
      -5.187079429626465,
      -9.243610382080078,
      -2.16485333442688,
      -4.128167152404785
    ],
    "betas": [
      [
        -0.31181463599205017,
        0.028805190697312355,
        -0.013838758692145348
      ],
      [
        0.02046705223619938,
        0.35000503063201904,
        0.16014762222766876
      ],
      [
        0.15610593557357788,
        -0.18239474296569824,
        0.29395949840545654
      ]
    ],
    "tau_mean": -0.13798430562019348,
    "tau_std": 2.507340669631958,
    "xi_mean": 0.0,
    "xi_std": 0.11502121388912201,
    "sources_mean": 0.0,
    "sources_std": 1.0,
    "mixing_matrix": [
      [
        -0.041662849485874176,
        -0.32089877128601074,
        -0.19921809434890747
      ],
      [
        -0.3118477761745453,
        0.028549959883093834,
        -0.013997208327054977
      ],
      [
        -0.01884964294731617,
        0.04717697948217392,
        -0.027851924300193787
      ],
      [
        0.15058617293834686,
        -0.22490949928760529,
        0.2675657868385315
      ]
    ]
  },
  "source_dimension": 3
}