{
  "leaspy_version": "1.5.0",
  "name": "linear",
  "features": [
    "ENCODING0",
    "ENCODING1",
    "ENCODING2",
    "ENCODING3"
  ],
  "dimension": 4,
  "fit_metrics": {
    "nll_regul_tau": 2103.176025390625,
    "nll_regul_xi": -554.3053588867188,
    "nll_regul_sources": 3750.432861328125,
    "nll_regul_tot": 5299.302734375,
    "nll_attach": -56506.234375,
    "nll_tot": -51206.9375
  },
  "noise_model": {
    "name": "gaussian-diagonal",
    "scale": [
      0.013500682078301907,
      0.014224023558199406,
      0.022183334454894066,
      0.25112828612327576
    ]
  },
  "parameters": {
    "g": [
      0.12258173525333405,
      -0.10366359353065491,
      0.015692854300141335,
      0.2255106419324875
    ],
    "v0": [
      -2.868330717086792,
      -14.03384017944336,
      -10.678980827331543,
      -8.66069221496582
    ],
    "betas": [
      [
        -0.3960525393486023,
        -0.004359161481261253,
        -0.039693433791399
      ],
      [
        -0.0442330539226532,
        0.3991229236125946,
        -0.10605627298355103
      ],
      [
        -0.035937074571847916,
        -0.034894946962594986,
        0.03432615101337433
      ]
    ],
    "tau_mean": -2.1503214836120605,
    "tau_std": 4.8822126388549805,
    "xi_mean": 0.0,
    "xi_std": 0.10961183905601501,
    "sources_mean": 0.0,
    "sources_std": 1.0,
    "mixing_matrix": [
      [
        0.00013317266711965203,
        -5.528381007025018e-05,
        -6.116443546488881e-05
      ],
      [
        -0.3960525393486023,
        -0.004359161481261253,
        -0.039693433791399
      ],
      [
        -0.04423302784562111,
        0.3991229236125946,
        -0.10605628788471222
      ],
      [
        -0.0359368696808815,
        -0.03489502891898155,
        0.03432605788111687
      ]
    ]
  },
  "source_dimension": 3
}