{
  "leaspy_version": "1.5.0",
  "name": "linear",
  "features": [
    "ENCODING0",
    "ENCODING1",
    "ENCODING2",
    "ENCODING3"
  ],
  "dimension": 4,
  "fit_metrics": {
    "nll_regul_tau": 2112.081298828125,
    "nll_regul_xi": -574.5989990234375,
    "nll_regul_sources": 3718.610595703125,
    "nll_regul_tot": 5256.09375,
    "nll_attach": -56271.31640625,
    "nll_tot": -51015.21875
  },
  "noise_model": {
    "name": "gaussian-diagonal",
    "scale": [
      0.013888431712985039,
      0.013755325227975845,
      0.023193296045064926,
      0.24970151484012604
    ]
  },
  "parameters": {
    "g": [
      0.10312218219041824,
      -0.04522595554590225,
      0.03938782587647438,
      0.2236272096633911
    ],
    "v0": [
      -2.881348133087158,
      -14.431821823120117,
      -10.054391860961914,
      -7.320948600769043
    ],
    "betas": [
      [
        -0.40937140583992004,
        -0.01190904714167118,
        0.009697522968053818
      ],
      [
        -0.04668184369802475,
        0.3778885304927826,
        -0.08228936046361923
      ],
      [
        -0.022794779390096664,
        -0.03110165148973465,
        0.04313768818974495
      ]
    ],
    "tau_mean": -2.5247669219970703,
    "tau_std": 4.94472074508667,
    "xi_mean": 0.0,
    "xi_std": 0.10647977888584137,
    "sources_mean": 0.0,
    "sources_std": 1.0,
    "mixing_matrix": [
      [
        0.0003087187942583114,
        7.729436038061976e-05,
        -0.000446000398369506
      ],
      [
        -0.40937140583992004,
        -0.011909046210348606,
        0.009697520174086094
      ],
      [
        -0.0466817244887352,
        0.377888560295105,
        -0.08228953182697296
      ],
      [
        -0.022792957723140717,
        -0.031101197004318237,
        0.043135058134794235
      ]
    ]
  },
  "source_dimension": 3
}