{
  "leaspy_version": "1.5.0",
  "name": "linear",
  "features": [
    "ENCODING0",
    "ENCODING1",
    "ENCODING2",
    "ENCODING3"
  ],
  "dimension": 4,
  "fit_metrics": {
    "nll_regul_tau": 10189.0888671875,
    "nll_regul_xi": 784.3175048828125,
    "nll_regul_sources": 3554.27685546875,
    "nll_regul_tot": 14527.68359375,
    "nll_attach": -34721.54296875,
    "nll_tot": -20193.859375
  },
  "noise_model": {
    "name": "gaussian-diagonal",
    "scale": [
      0.259113609790802,
      0.26750048995018005,
      0.026110252365469933,
      0.013281906954944134
    ]
  },
  "parameters": {
    "g": [
      -0.09378989040851593,
      0.07791761308908463,
      9.964900016257161e-08,
      4.464659111164115e-12
    ],
    "v0": [
      -14.74669075012207,
      -18.524980545043945,
      -14.820528030395508,
      -13.963274955749512
    ],
    "betas": [
      [
        0.027841590344905853,
        0.010033387690782547,
        0.0031488598324358463
      ],
      [
        -0.041297513991594315,
        0.4378114640712738,
        -0.06202373281121254
      ],
      [
        -0.045491959899663925,
        -0.21489888429641724,
        0.3480781614780426
      ]
    ],
    "tau_mean": -101379.0390625,
    "tau_std": 507323.5,
    "xi_mean": 0.0,
    "xi_std": 0.7419385313987732,
    "sources_mean": 0.0,
    "sources_std": 1.0,
    "mixing_matrix": [
      [
        0.053224168717861176,
        0.024623870849609375,
        -0.2730523645877838
      ],
      [
        0.02818151004612446,
        0.010190649889409542,
        0.0014049942838028073
      ],
      [
        -0.027487339451909065,
        0.44420066475868225,
        -0.13287314772605896
      ],
      [
        -0.012945818714797497,
        -0.19984158873558044,
        0.18110889196395874
      ]
    ]
  },
  "source_dimension": 3
}