{
  "leaspy_version": "1.5.0",
  "name": "linear",
  "features": [
    "ENCODING0",
    "ENCODING1",
    "ENCODING2",
    "ENCODING3"
  ],
  "dimension": 4,
  "fit_metrics": {
    "nll_regul_tau": 2129.039794921875,
    "nll_regul_xi": -581.1783447265625,
    "nll_regul_sources": 3880.979736328125,
    "nll_regul_tot": 5428.84130859375,
    "nll_attach": -57026.75390625,
    "nll_tot": -51597.921875
  },
  "noise_model": {
    "name": "gaussian-diagonal",
    "scale": [
      0.013615156523883343,
      0.013342819176614285,
      0.021919596940279007,
      0.24936790764331818
    ]
  },
  "parameters": {
    "g": [
      0.09415732324123383,
      -0.10049737989902496,
      0.09062729775905609,
      0.20749634504318237
    ],
    "v0": [
      -2.8907980918884277,
      -13.578023910522461,
      -9.630496978759766,
      -7.3335442543029785
    ],
    "betas": [
      [
        -0.40083447098731995,
        0.029149942100048065,
        -0.015543404035270214
      ],
      [
        -0.013924147002398968,
        0.3636694550514221,
        -0.0867796465754509
      ],
      [
        -0.035266049206256866,
        -0.031470444053411484,
        0.031121496111154556
      ]
    ],
    "tau_mean": -2.7031795978546143,
    "tau_std": 5.065975189208984,
    "xi_mean": 0.0,
    "xi_std": 0.10548294335603714,
    "sources_mean": 0.0,
    "sources_std": 1.0,
    "mixing_matrix": [
      [
        0.00044044977403245866,
        -6.067819776944816e-05,
        -0.0002630665258038789
      ],
      [
        -0.40083447098731995,
        0.029149940237402916,
        -0.015543406829237938
      ],
      [
        -0.013923886232078075,
        0.36366939544677734,
        -0.08677980303764343
      ],
      [
        -0.035263460129499435,
        -0.03147079795598984,
        0.031119948253035545
      ]
    ]
  },
  "source_dimension": 3
}