{
  "leaspy_version": "1.5.0",
  "name": "linear",
  "features": [
    "ENCODING0",
    "ENCODING1",
    "ENCODING2",
    "ENCODING3"
  ],
  "dimension": 4,
  "fit_metrics": {
    "nll_regul_tau": 4971.61181640625,
    "nll_regul_xi": 762.5299682617188,
    "nll_regul_sources": 3682.177734375,
    "nll_regul_tot": 9416.3193359375,
    "nll_attach": -40836.46875,
    "nll_tot": -31420.146484375
  },
  "noise_model": {
    "name": "gaussian-diagonal",
    "scale": [
      0.2387537956237793,
      0.01792599819600582,
      0.00715174525976181,
      0.3279338479042053
    ]
  },
  "parameters": {
    "g": [
      0.2631832957267761,
      0.2558000385761261,
      1.926363921711527e-07,
      -0.051686882972717285
    ],
    "v0": [
      -10.299459457397461,
      -7.158921241760254,
      -7.727550983428955,
      -7.3787055015563965
    ],
    "betas": [
      [
        -0.24973882734775543,
        -0.04972558841109276,
        -0.04814543202519417
      ],
      [
        0.17207837104797363,
        0.34460869431495667,
        -0.09617560356855392
      ],
      [
        0.1165669858455658,
        -0.17959856986999512,
        0.08961239457130432
      ]
    ],
    "tau_mean": -60.12436294555664,
    "tau_std": 293.9366760253906,
    "xi_mean": 0.0,
    "xi_std": 0.7192010283470154,
    "sources_mean": 0.0,
    "sources_std": 1.0,
    "mixing_matrix": [
      [
        0.041871778666973114,
        -0.0009014829993247986,
        0.02187492325901985
      ],
      [
        -0.22077615559101105,
        -0.050349146127700806,
        -0.03301456570625305
      ],
      [
        0.1884799599647522,
        0.34425559639930725,
        -0.08760698139667511
      ],
      [
        0.1398150771856308,
        -0.18009908497333527,
        0.10175780951976776
      ]
    ]
  },
  "source_dimension": 3
}