{
  "leaspy_version": "1.5.0",
  "name": "linear",
  "features": [
    "ENCODING0",
    "ENCODING1",
    "ENCODING2",
    "ENCODING3"
  ],
  "dimension": 4,
  "fit_metrics": {
    "nll_regul_tau": 12705.33203125,
    "nll_regul_xi": 833.55419921875,
    "nll_regul_sources": 3564.15185546875,
    "nll_regul_tot": 17103.0390625,
    "nll_attach": -39406.19140625,
    "nll_tot": -22303.150390625
  },
  "noise_model": {
    "name": "gaussian-diagonal",
    "scale": [
      0.011920875869691372,
      0.32871049642562866,
      0.2555571496486664,
      0.012289664708077908
    ]
  },
  "parameters": {
    "g": [
      0.0006290905876085162,
      0.050247468054294586,
      5.72412261904201e-14,
      0.33507582545280457
    ],
    "v0": [
      -21.033723831176758,
      -18.477113723754883,
      -20.669586181640625,
      -18.246978759765625
    ],
    "betas": [
      [
        -0.04209060221910477,
        -0.1538698822259903,
        0.34993237257003784
      ],
      [
        -0.020072396844625473,
        -0.03872817009687424,
        0.06275776028633118
      ],
      [
        -0.10680350661277771,
        -0.30576291680336,
        0.08393199741840363
      ]
    ],
    "tau_mean": 893152.5625,
    "tau_std": 18467748.0,
    "xi_mean": 0.0,
    "xi_std": 0.7960028052330017,
    "sources_mean": 0.0,
    "sources_std": 1.0,
    "mixing_matrix": [
      [
        0.11080650240182877,
        0.3366101384162903,
        -0.2867216169834137
      ],
      [
        0.023438800126314163,
        0.045196615159511566,
        0.18036924302577972
      ],
      [
        -0.012756669893860817,
        -0.01650431379675865,
        0.04382766783237457
      ],
      [
        -0.024317065253853798,
        -0.0551840141415596,
        -0.12950897216796875
      ]
    ]
  },
  "source_dimension": 3
}