{
  "leaspy_version": "1.5.0",
  "name": "linear",
  "features": [
    "ENCODING0",
    "ENCODING1",
    "ENCODING2",
    "ENCODING3"
  ],
  "dimension": 4,
  "fit_metrics": {
    "nll_regul_tau": 9217.6591796875,
    "nll_regul_xi": 782.0096435546875,
    "nll_regul_sources": 3592.17822265625,
    "nll_regul_tot": 13591.8486328125,
    "nll_attach": -35993.2734375,
    "nll_tot": -22401.42578125
  },
  "noise_model": {
    "name": "gaussian-diagonal",
    "scale": [
      0.2085096687078476,
      0.26877132058143616,
      0.026292284950613976,
      0.013602342456579208
    ]
  },
  "parameters": {
    "g": [
      -0.08816296607255936,
      0.09031128138303757,
      5.68983575532922e-11,
      9.102990063125649e-12
    ],
    "v0": [
      -13.492447853088379,
      -16.141441345214844,
      -13.533339500427246,
      -12.48906421661377
    ],
    "betas": [
      [
        0.02470059134066105,
        0.012170551344752312,
        -0.003610259620472789
      ],
      [
        -0.032715074717998505,
        0.420023113489151,
        -0.07545231282711029
      ],
      [
        -0.04563071206212044,
        -0.14054006338119507,
        0.3385593295097351
      ]
    ],
    "tau_mean": -19345.927734375,
    "tau_std": 126645.4609375,
    "xi_mean": 0.0,
    "xi_std": 0.7394943237304688,
    "sources_mean": 0.0,
    "sources_std": 1.0,
    "mixing_matrix": [
      [
        0.05035870522260666,
        -0.006774574518203735,
        -0.2779865562915802
      ],
      [
        0.0255777295678854,
        0.01205255277454853,
        -0.008452181704342365
      ],
      [
        -0.020809434354305267,
        0.41842150688171387,
        -0.14117299020290375
      ],
      [
        -0.01180275995284319,
        -0.14509081840515137,
        0.15182466804981232
      ]
    ]
  },
  "source_dimension": 3
}