{
  "leaspy_version": "1.5.0",
  "name": "linear",
  "features": [
    "ENCODING0",
    "ENCODING1",
    "ENCODING2",
    "ENCODING3"
  ],
  "dimension": 4,
  "fit_metrics": {
    "nll_regul_tau": 8947.380859375,
    "nll_regul_xi": 823.4829711914062,
    "nll_regul_sources": 3710.6689453125,
    "nll_regul_tot": 13481.5302734375,
    "nll_attach": -36587.8671875,
    "nll_tot": -23106.337890625
  },
  "noise_model": {
    "name": "gaussian-diagonal",
    "scale": [
      0.13863591849803925,
      0.025386933237314224,
      0.02093733288347721,
      0.24979940056800842
    ]
  },
  "parameters": {
    "g": [
      0.0017165292520076036,
      0.1530529111623764,
      -0.2426796555519104,
      -0.1957135945558548
    ],
    "v0": [
      -12.779812812805176,
      -13.32820987701416,
      -12.339111328125,
      -14.63591194152832
    ],
    "betas": [
      [
        -0.11664280295372009,
        0.2908669412136078,
        -0.0980721116065979
      ],
      [
        0.21922525763511658,
        0.27306127548217773,
        -0.09573060274124146
      ],
      [
        0.028477810323238373,
        0.0392557792365551,
        0.030131911858916283
      ]
    ],
    "tau_mean": -10375.2626953125,
    "tau_std": 86080.1484375,
    "xi_mean": 0.0,
    "xi_std": 0.7846323847770691,
    "sources_mean": 0.0,
    "sources_std": 1.0,
    "mixing_matrix": [
      [
        -0.14296075701713562,
        -0.3081357777118683,
        0.10333479940891266
      ],
      [
        -0.14472037553787231,
        0.23034891486167908,
        -0.07777709513902664
      ],
      [
        0.14372999966144562,
        0.11033978313207626,
        -0.041161179542541504
      ],
      [
        0.02088448964059353,
        0.022889232262969017,
        0.03562051057815552
      ]
    ]
  },
  "source_dimension": 3
}