{
  "leaspy_version": "1.5.0",
  "name": "linear",
  "features": [
    "ENCODING0",
    "ENCODING1",
    "ENCODING2",
    "ENCODING3"
  ],
  "dimension": 4,
  "fit_metrics": {
    "nll_regul_tau": 10674.25,
    "nll_regul_xi": 765.1126708984375,
    "nll_regul_sources": 3741.9140625,
    "nll_regul_tot": 15181.2783203125,
    "nll_attach": -49280.6015625,
    "nll_tot": -34099.32421875
  },
  "noise_model": {
    "name": "gaussian-diagonal",
    "scale": [
      0.012291792780160904,
      0.04642210528254509,
      0.021542837843298912,
      0.24424992501735687
    ]
  },
  "parameters": {
    "g": [
      0.014536363072693348,
      0.14149925112724304,
      -0.24927660822868347,
      -0.2074476182460785
    ],
    "v0": [
      -15.290141105651855,
      -15.5196533203125,
      -14.690054893493652,
      -17.059249877929688
    ],
    "betas": [
      [
        -0.3163854479789734,
        0.1252095252275467,
        0.029225965961813927
      ],
      [
        -0.07847584784030914,
        0.34612396359443665,
        -0.057474829256534576
      ],
      [
        0.0038956517819315195,
        0.04275140538811684,
        0.03872944042086601
      ]
    ],
    "tau_mean": -141874.53125,
    "tau_std": 1014585.125,
    "xi_mean": 0.0,
    "xi_std": 0.7218594551086426,
    "sources_mean": 0.0,
    "sources_std": 1.0,
    "mixing_matrix": [
      [
        0.1764555126428604,
        -0.33045077323913574,
        0.033557865768671036
      ],
      [
        -0.2729851305484772,
        0.043933089822530746,
        0.03747973218560219
      ],
      [
        0.021015016362071037,
        0.1598059982061386,
        -0.038553908467292786
      ],
      [
        0.013203619047999382,
        0.02532024122774601,
        0.04049960523843765
      ]
    ]
  },
  "source_dimension": 3
}