{
  "leaspy_version": "1.5.0",
  "name": "linear",
  "features": [
    "ENCODING0",
    "ENCODING1",
    "ENCODING2",
    "ENCODING3"
  ],
  "dimension": 4,
  "fit_metrics": {
    "nll_regul_tau": 9211.3203125,
    "nll_regul_xi": 883.3914184570312,
    "nll_regul_sources": 3698.306884765625,
    "nll_regul_tot": 13793.017578125,
    "nll_attach": -41627.19921875,
    "nll_tot": -27834.181640625
  },
  "noise_model": {
    "name": "gaussian-diagonal",
    "scale": [
      0.24339818954467773,
      0.01765694096684456,
      0.3162001967430115,
      0.006598804611712694
    ]
  },
  "parameters": {
    "g": [
      0.23541970551013947,
      0.3012865483760834,
      2.276129571686337e-15,
      -0.004393677227199078
    ],
    "v0": [
      -16.653282165527344,
      -13.433954238891602,
      -13.579666137695312,
      -13.23011302947998
    ],
    "betas": [
      [
        -0.19284255802631378,
        0.12240828573703766,
        -0.11102303862571716
      ],
      [
        0.1826639026403427,
        0.20289061963558197,
        -0.1429143249988556
      ],
      [
        -0.016027789562940598,
        -0.2508732080459595,
        0.18133416771888733
      ]
    ],
    "tau_mean": -2524.7509765625,
    "tau_std": 125503.8203125,
    "xi_mean": 0.0,
    "xi_std": 0.8547441363334656,
    "sources_mean": 0.0,
    "sources_std": 1.0,
    "mixing_matrix": [
      [
        0.030275840312242508,
        0.0054388344287872314,
        0.006778828799724579
      ],
      [
        -0.17641817033290863,
        0.12535880506038666,
        -0.1073455810546875
      ],
      [
        0.19686125218868256,
        0.20544105768203735,
        -0.13973551988601685
      ],
      [
        0.004110199399292469,
        -0.24725556373596191,
        0.1858431100845337
      ]
    ]
  },
  "source_dimension": 3
}