{
  "leaspy_version": "1.5.0",
  "name": "linear",
  "features": [
    "ENCODING0",
    "ENCODING1",
    "ENCODING2",
    "ENCODING3"
  ],
  "dimension": 4,
  "fit_metrics": {
    "nll_regul_tau": 1614.11376953125,
    "nll_regul_xi": -567.8710327148438,
    "nll_regul_sources": 3893.8798828125,
    "nll_regul_tot": 4940.12255859375,
    "nll_attach": -56298.5234375,
    "nll_tot": -51358.3984375
  },
  "noise_model": {
    "name": "gaussian-diagonal",
    "scale": [
      0.011427176184952259,
      0.07525695115327835,
      0.02710225060582161,
      0.047269176691770554
    ]
  },
  "parameters": {
    "g": [
      -0.04018449783325195,
      -0.14069867134094238,
      -0.02498817816376686,
      -0.031656913459300995
    ],
    "v0": [
      -5.30605936050415,
      -8.753963470458984,
      -2.164943218231201,
      -4.190037727355957
    ],
    "betas": [
      [
        -0.31080296635627747,
        -0.05066775530576706,
        -0.04966733977198601
      ],
      [
        -0.036538224667310715,
        0.42019009590148926,
        -0.08552788943052292
      ],
      [
        0.0806853324174881,
        0.0643557757139206,
        0.31509989500045776
      ]
    ],
    "tau_mean": -0.1743645966053009,
    "tau_std": 2.427682638168335,
    "xi_mean": 0.0,
    "xi_std": 0.10750824958086014,
    "sources_mean": 0.0,
    "sources_std": 1.0,
    "mixing_matrix": [
      [
        0.02606651932001114,
        -0.4245389699935913,
        0.04359044134616852
      ],
      [
        -0.31076890230178833,
        -0.05122235789895058,
        -0.04961039498448372
      ],
      [
        -0.011779777705669403,
        0.01695542223751545,
        -0.044124897569417953
      ],
      [
        0.08395298570394516,
        0.011136315762996674,
        0.32056429982185364
      ]
    ]
  },
  "source_dimension": 3
}