{
  "leaspy_version": "1.5.0",
  "name": "linear",
  "features": [
    "ENCODING0",
    "ENCODING1",
    "ENCODING2",
    "ENCODING3"
  ],
  "dimension": 4,
  "fit_metrics": {
    "nll_regul_tau": 17324.080078125,
    "nll_regul_xi": 860.8495483398438,
    "nll_regul_sources": 3462.563232421875,
    "nll_regul_tot": 21647.494140625,
    "nll_attach": -40313.39453125,
    "nll_tot": -18665.904296875
  },
  "noise_model": {
    "name": "gaussian-diagonal",
    "scale": [
      0.013047442771494389,
      0.34673213958740234,
      0.22116096317768097,
      0.01080758310854435
    ]
  },
  "parameters": {
    "g": [
      6.832553935964825e-07,
      0.013573110103607178,
      2.537160278566464e-24,
      0.27637040615081787
    ],
    "v0": [
      -25.75627899169922,
      -25.104633331298828,
      -27.072580337524414,
      -25.00253677368164
    ],
    "betas": [
      [
        -0.20174379646778107,
        -0.3637511134147644,
        0.11432725191116333
      ],
      [
        -0.031936824321746826,
        -0.05226932466030121,
        0.023989779874682426
      ],
      [
        -0.03320351243019104,
        -0.13433325290679932,
        0.3299891948699951
      ]
    ],
    "tau_mean": -3253253888.0,
    "tau_std": 13551290368.0,
    "xi_mean": 0.0,
    "xi_std": 0.8276523351669312,
    "sources_mean": 0.0,
    "sources_std": 1.0,
    "mixing_matrix": [
      [
        0.15313252806663513,
        0.327610582113266,
        -0.3044883608818054
      ],
      [
        -0.12909731268882751,
        -0.20833173394203186,
        -0.030122868716716766
      ],
      [
        -0.02178495191037655,
        -0.030550479888916016,
        0.0038038212805986404
      ],
      [
        0.04725179076194763,
        0.03779223561286926,
        0.17001205682754517
      ]
    ]
  },
  "source_dimension": 3
}