{
  "leaspy_version": "1.5.0",
  "name": "linear",
  "features": [
    "ENCODING0",
    "ENCODING1",
    "ENCODING2",
    "ENCODING3"
  ],
  "dimension": 4,
  "fit_metrics": {
    "nll_regul_tau": 10526.4697265625,
    "nll_regul_xi": 782.8495483398438,
    "nll_regul_sources": 3704.282958984375,
    "nll_regul_tot": 15013.6015625,
    "nll_attach": -34644.7578125,
    "nll_tot": -19631.158203125
  },
  "noise_model": {
    "name": "gaussian-diagonal",
    "scale": [
      0.26136937737464905,
      0.2673231065273285,
      0.025946104899048805,
      0.013404756784439087
    ]
  },
  "parameters": {
    "g": [
      -0.0955444723367691,
      -3.8605227348220694e-10,
      0.12133283913135529,
      4.1748004250656556e-13
    ],
    "v0": [
      -14.872135162353516,
      -18.181354522705078,
      -15.600814819335938,
      -14.545112609863281
    ],
    "betas": [
      [
        0.015526896342635155,
        -0.004737271927297115,
        -0.0073778037913143635
      ],
      [
        0.32387977838516235,
        0.045678578317165375,
        0.1649618148803711
      ],
      [
        -0.18862329423427582,
        -0.2842790186405182,
        0.09867697954177856
      ]
    ],
    "tau_mean": -87575.625,
    "tau_std": 821490.3125,
    "xi_mean": 0.0,
    "xi_std": 0.7403846383094788,
    "sources_mean": 0.0,
    "sources_std": 1.0,
    "mixing_matrix": [
      [
        0.058941297233104706,
        0.2095625251531601,
        -0.12165931612253189
      ],
      [
        0.016302568838000298,
        -0.0019794097170233727,
        -0.00897885113954544
      ],
      [
        0.334121972322464,
        0.08209411799907684,
        0.14382116496562958
      ],
      [
        -0.15918731689453125,
        -0.17962104082107544,
        0.03791889548301697
      ]
    ]
  },
  "source_dimension": 3
}