{
  "leaspy_version": "1.5.0",
  "name": "linear",
  "features": [
    "ENCODING0",
    "ENCODING1",
    "ENCODING2",
    "ENCODING3"
  ],
  "dimension": 4,
  "fit_metrics": {
    "nll_regul_tau": 10165.6552734375,
    "nll_regul_xi": 821.7601928710938,
    "nll_regul_sources": 3928.18115234375,
    "nll_regul_tot": 14915.595703125,
    "nll_attach": -46250.49609375,
    "nll_tot": -31334.91015625
  },
  "noise_model": {
    "name": "gaussian-diagonal",
    "scale": [
      0.2437380850315094,
      0.017417795956134796,
      0.1495707929134369,
      0.007290603592991829
    ]
  },
  "parameters": {
    "g": [
      0.24573470652103424,
      0.2789982259273529,
      1.133939947148277e-13,
      -0.18908561766147614
    ],
    "v0": [
      -17.28158950805664,
      -15.641316413879395,
      -15.203238487243652,
      -13.963667869567871
    ],
    "betas": [
      [
        -0.03875739872455597,
        0.26074329018592834,
        -0.037359610199928284
      ],
      [
        -0.3340306580066681,
        -0.01633545570075512,
        0.0037295608781278133
      ],
      [
        0.10355951637029648,
        -0.018116489052772522,
        -0.02531120553612709
      ]
    ],
    "tau_mean": -156880.546875,
    "tau_std": 490619.96875,
    "xi_mean": 0.0,
    "xi_std": 0.7827054262161255,
    "sources_mean": 0.0,
    "sources_std": 1.0,
    "mixing_matrix": [
      [
        0.00036431849002838135,
        -0.02443929947912693,
        0.029491007328033447
      ],
      [
        -0.03869521617889404,
        0.25657206773757935,
        -0.03232617676258087
      ],
      [
        -0.33393430709838867,
        -0.02279970422387123,
        0.011529995128512383
      ],
      [
        0.10389237105846405,
        -0.040444836020469666,
        0.00163250882178545
      ]
    ]
  },
  "source_dimension": 3
}