{
  "leaspy_version": "1.5.0",
  "name": "linear",
  "features": [
    "ENCODING0",
    "ENCODING1",
    "ENCODING2",
    "ENCODING3"
  ],
  "dimension": 4,
  "fit_metrics": {
    "nll_regul_tau": 8975.14453125,
    "nll_regul_xi": 902.6235961914062,
    "nll_regul_sources": 3723.9404296875,
    "nll_regul_tot": 13601.7060546875,
    "nll_attach": -49099.421875,
    "nll_tot": -35497.70703125
  },
  "noise_model": {
    "name": "gaussian-diagonal",
    "scale": [
      0.24383071064949036,
      0.017182933166623116,
      0.11102847754955292,
      0.006625179201364517
    ]
  },
  "parameters": {
    "g": [
      0.2395942062139511,
      0.30215996503829956,
      1.4053794477990322e-14,
      -0.00844242237508297
    ],
    "v0": [
      -16.25229263305664,
      -14.553553581237793,
      -13.327637672424316,
      -12.213221549987793
    ],
    "betas": [
      [
        -0.25956961512565613,
        0.016838932409882545,
        -0.018504325300455093
      ],
      [
        0.06650152057409286,
        0.37706053256988525,
        -0.13525572419166565
      ],
      [
        -0.027937408536672592,
        -0.12917834520339966,
        0.027081632986664772
      ]
    ],
    "tau_mean": 4338.30859375,
    "tau_std": 89562.875,
    "xi_mean": 0.0,
    "xi_std": 0.8785543441772461,
    "sources_mean": 0.0,
    "sources_std": 1.0,
    "mixing_matrix": [
      [
        0.029435571283102036,
        0.0036336109042167664,
        0.01804983615875244
      ],
      [
        -0.2569319009780884,
        0.01716453954577446,
        -0.01688688062131405
      ],
      [
        0.07548899203538895,
        0.378169983625412,
        -0.12974461913108826
      ],
      [
        -0.0005454996135085821,
        -0.12579700350761414,
        0.04387829825282097
      ]
    ]
  },
  "source_dimension": 3
}