{
  "leaspy_version": "1.5.0",
  "name": "linear",
  "features": [
    "ENCODING0",
    "ENCODING1",
    "ENCODING2",
    "ENCODING3"
  ],
  "dimension": 4,
  "fit_metrics": {
    "nll_regul_tau": 12014.009765625,
    "nll_regul_xi": 771.9308471679688,
    "nll_regul_sources": 3559.64501953125,
    "nll_regul_tot": 16345.583984375,
    "nll_attach": -39892.74609375,
    "nll_tot": -23547.166015625
  },
  "noise_model": {
    "name": "gaussian-diagonal",
    "scale": [
      0.45595091581344604,
      0.008205516263842583,
      0.2590097486972809,
      0.011848979629576206
    ]
  },
  "parameters": {
    "g": [
      0.03019886463880539,
      0.04169395565986633,
      -0.012343445792794228,
      0.32416269183158875
    ],
    "v0": [
      -18.055694580078125,
      -17.8575439453125,
      -19.82990837097168,
      -17.225618362426758
    ],
    "betas": [
      [
        -0.41648152470588684,
        -0.30621278285980225,
        0.07139195501804352
      ],
      [
        -0.01960163749754429,
        -0.004511110484600067,
        0.027127131819725037
      ],
      [
        -0.010473237372934818,
        -0.03036688268184662,
        0.25739267468452454
      ]
    ],
    "tau_mean": -188901.953125,
    "tau_std": 6878649.5,
    "xi_mean": 0.0,
    "xi_std": 0.7289213538169861,
    "sources_mean": 0.0,
    "sources_std": 1.0,
    "mixing_matrix": [
      [
        0.19190074503421783,
        0.15913383662700653,
        -0.2445724457502365
      ],
      [
        -0.35472598671913147,
        -0.255001962184906,
        -0.007313866168260574
      ],
      [
        -0.011009741574525833,
        0.0026137265376746655,
        0.0161769837141037
      ],
      [
        0.10570313781499863,
        0.0659724697470665,
        0.10932893306016922
      ]
    ]
  },
  "source_dimension": 3
}