{
  "leaspy_version": "1.5.0",
  "name": "linear",
  "features": [
    "ENCODING0",
    "ENCODING1",
    "ENCODING2",
    "ENCODING3"
  ],
  "dimension": 4,
  "fit_metrics": {
    "nll_regul_tau": 12248.6904296875,
    "nll_regul_xi": 802.5155639648438,
    "nll_regul_sources": 3622.591064453125,
    "nll_regul_tot": 16673.796875,
    "nll_attach": -37847.18359375,
    "nll_tot": -21173.380859375
  },
  "noise_model": {
    "name": "gaussian-diagonal",
    "scale": [
      0.006866878364235163,
      0.2673583924770355,
      0.03164813295006752,
      0.2647083103656769
    ]
  },
  "parameters": {
    "g": [
      -0.1753448098897934,
      0.07596462965011597,
      1.4192911734767222e-08,
      7.278802804629517e-14
    ],
    "v0": [
      -17.27907943725586,
      -19.18202781677246,
      -17.82752799987793,
      -17.14501953125
    ],
    "betas": [
      [
        0.00998865906149149,
        0.01509127113968134,
        0.026025276631116867
      ],
      [
        0.10904727876186371,
        0.37225744128227234,
        -0.11213085055351257
      ],
      [
        0.03785170614719391,
        -0.060368601232767105,
        0.3720344603061676
      ]
    ],
    "tau_mean": -2665302.25,
    "tau_std": 9618441.0,
    "xi_mean": 0.0,
    "xi_std": 0.7614814639091492,
    "sources_mean": 0.0,
    "sources_std": 1.0,
    "mixing_matrix": [
      [
        -0.06604135781526566,
        -0.09088385105133057,
        -0.22333237528800964
      ],
      [
        0.006246875040233135,
        0.009941956028342247,
        0.013371666893362999
      ],
      [
        0.09454852342605591,
        0.35230475664138794,
        -0.16116133332252502
      ],
      [
        0.009161066263914108,
        -0.09985166788101196,
        0.27501118183135986
      ]
    ]
  },
  "source_dimension": 3
}