{
  "leaspy_version": "1.5.0",
  "name": "linear",
  "features": [
    "ENCODING0",
    "ENCODING1",
    "ENCODING2",
    "ENCODING3"
  ],
  "dimension": 4,
  "fit_metrics": {
    "nll_regul_tau": 11812.10546875,
    "nll_regul_xi": 810.6516723632812,
    "nll_regul_sources": 3657.99853515625,
    "nll_regul_tot": 16280.75390625,
    "nll_attach": -35369.68359375,
    "nll_tot": -19088.92578125
  },
  "noise_model": {
    "name": "gaussian-diagonal",
    "scale": [
      0.22204281389713287,
      0.27133849263191223,
      0.026836169883608818,
      0.013551607728004456
    ]
  },
  "parameters": {
    "g": [
      -0.08905985951423645,
      0.0729096531867981,
      0.13949188590049744,
      5.676525330518267e-13
    ],
    "v0": [
      -16.747974395751953,
      -19.221757888793945,
      -17.407878875732422,
      -16.33116340637207
    ],
    "betas": [
      [
        0.029566919431090355,
        -0.019696759060025215,
        -0.007083885371685028
      ],
      [
        0.2986345589160919,
        0.04916178435087204,
        0.19940589368343353
      ],
      [
        -0.21564757823944092,
        -0.28993505239486694,
        0.1090136170387268
      ]
    ],
    "tau_mean": -526642.3125,
    "tau_std": 5155100.5,
    "xi_mean": 0.0,
    "xi_std": 0.7703834772109985,
    "sources_mean": 0.0,
    "sources_std": 1.0,
    "mixing_matrix": [
      [
        0.09006098657846451,
        0.2200477421283722,
        -0.1416502594947815
      ],
      [
        0.032191962003707886,
        -0.01328294351696968,
        -0.01121261902153492
      ],
      [
        0.31473708152770996,
        0.08850539475679398,
        0.17407943308353424
      ],
      [
        -0.1683862954378128,
        -0.17446063458919525,
        0.0346798375248909
      ]
    ]
  },
  "source_dimension": 3
}