{
  "leaspy_version": "1.5.0",
  "name": "linear",
  "features": [
    "ENCODING0",
    "ENCODING1",
    "ENCODING2",
    "ENCODING3"
  ],
  "dimension": 4,
  "fit_metrics": {
    "nll_regul_tau": 10730.4765625,
    "nll_regul_xi": 860.095947265625,
    "nll_regul_sources": 3698.94970703125,
    "nll_regul_tot": 15289.5224609375,
    "nll_attach": -44369.94140625,
    "nll_tot": -29080.421875
  },
  "noise_model": {
    "name": "gaussian-diagonal",
    "scale": [
      0.24399204552173615,
      0.01800026372075081,
      0.20929951965808868,
      0.006589548662304878
    ]
  },
  "parameters": {
    "g": [
      0.25051870942115784,
      0.308754026889801,
      9.95535441193282e-15,
      -0.039257366210222244
    ],
    "v0": [
      -18.34696388244629,
      -17.497802734375,
      -15.68229866027832,
      -14.832782745361328
    ],
    "betas": [
      [
        -0.2572891116142273,
        0.02045699954032898,
        -0.05172039568424225
      ],
      [
        0.11350380629301071,
        0.3396911919116974,
        -0.17133374512195587
      ],
      [
        -0.07222168147563934,
        -0.1651594638824463,
        0.07028980553150177
      ]
    ],
    "tau_mean": 564.8214111328125,
    "tau_std": 1099442.875,
    "xi_mean": 0.0,
    "xi_std": 0.826768159866333,
    "sources_mean": 0.0,
    "sources_std": 1.0,
    "mixing_matrix": [
      [
        0.03814970701932907,
        0.016947239637374878,
        0.0060316771268844604
      ],
      [
        -0.2549184262752533,
        0.02151012234389782,
        -0.0513455793261528
      ],
      [
        0.12806960940361023,
        0.34616175293922424,
        -0.1690308153629303
      ],
      [
        -0.03815935552120209,
        -0.15002796053886414,
        0.07567524164915085
      ]
    ]
  },
  "source_dimension": 3
}