{
  "leaspy_version": "1.5.0",
  "name": "linear",
  "features": [
    "ENCODING0",
    "ENCODING1",
    "ENCODING2",
    "ENCODING3"
  ],
  "dimension": 4,
  "fit_metrics": {
    "nll_regul_tau": 8256.919921875,
    "nll_regul_xi": 742.102783203125,
    "nll_regul_sources": 3680.1591796875,
    "nll_regul_tot": 12679.1826171875,
    "nll_attach": -33575.59765625,
    "nll_tot": -20896.416015625
  },
  "noise_model": {
    "name": "gaussian-diagonal",
    "scale": [
      0.22755548357963562,
      0.02344680018723011,
      0.02130311168730259,
      0.24908368289470673
    ]
  },
  "parameters": {
    "g": [
      0.009235373698174953,
      0.16665875911712646,
      -0.2175399363040924,
      -0.19334611296653748
    ],
    "v0": [
      -11.707052230834961,
      -12.296257019042969,
      -11.471820831298828,
      -13.746232032775879
    ],
    "betas": [
      [
        -0.12860970199108124,
        0.293016254901886,
        -0.06881780177354813
      ],
      [
        0.1946515142917633,
        0.2844218909740448,
        -0.08512714505195618
      ],
      [
        0.015210514888167381,
        0.030446792021393776,
        0.03294229507446289
      ]
    ],
    "tau_mean": -4562.27734375,
    "tau_std": 32101.68359375,
    "xi_mean": 0.0,
    "xi_std": 0.6985166668891907,
    "sources_mean": 0.0,
    "sources_std": 1.0,
    "mixing_matrix": [
      [
        -0.10342908650636673,
        -0.30774787068367004,
        0.08278454095125198
      ],
      [
        -0.1497797816991806,
        0.23002579808235168,
        -0.05187329649925232
      ],
      [
        0.14637115597724915,
        0.1407662034034729,
        -0.0464835949242115
      ],
      [
        0.010244520381093025,
        0.015670733526349068,
        0.0369170717895031
      ]
    ]
  },
  "source_dimension": 3
}