{
  "leaspy_version": "1.5.0",
  "name": "linear",
  "features": [
    "ENCODING0",
    "ENCODING1",
    "ENCODING2",
    "ENCODING3"
  ],
  "dimension": 4,
  "fit_metrics": {
    "nll_regul_tau": 5339.40625,
    "nll_regul_xi": 854.6873168945312,
    "nll_regul_sources": 3760.01708984375,
    "nll_regul_tot": 9954.111328125,
    "nll_attach": -41433.49609375,
    "nll_tot": -31479.390625
  },
  "noise_model": {
    "name": "gaussian-diagonal",
    "scale": [
      0.24196676909923553,
      0.017391745001077652,
      0.008145792409777641,
      0.2688599228858948
    ]
  },
  "parameters": {
    "g": [
      0.2506265640258789,
      0.2914298176765442,
      -0.025285283103585243,
      9.918659462350107e-16
    ],
    "v0": [
      -12.014595031738281,
      -7.814180850982666,
      -8.648945808410645,
      -7.733641147613525
    ],
    "betas": [
      [
        -0.25717154145240784,
        -0.030660390853881836,
        -0.002814535517245531
      ],
      [
        0.06132130324840546,
        0.33281615376472473,
        -0.19001203775405884
      ],
      [
        0.14494827389717102,
        -0.1249055489897728,
        0.05978009104728699
      ]
    ],
    "tau_mean": -33.279518127441406,
    "tau_std": 497.0963134765625,
    "xi_mean": 0.0,
    "xi_std": 0.8203761577606201,
    "sources_mean": 0.0,
    "sources_std": 1.0,
    "mixing_matrix": [
      [
        0.04778081178665161,
        0.014055430889129639,
        0.01332278922200203
      ],
      [
        -0.2263909876346588,
        -0.021605834364891052,
        0.005768051370978355
      ],
      [
        0.07467933744192123,
        0.33674561977386475,
        -0.18628740310668945
      ],
      [
        0.17831045389175415,
        -0.11509157717227936,
        0.06908251345157623
      ]
    ]
  },
  "source_dimension": 3
}