{
  "leaspy_version": "1.5.0",
  "name": "linear",
  "features": [
    "ENCODING0",
    "ENCODING1",
    "ENCODING2",
    "ENCODING3"
  ],
  "dimension": 4,
  "fit_metrics": {
    "nll_regul_tau": 12972.673828125,
    "nll_regul_xi": 850.5527954101562,
    "nll_regul_sources": 3524.187255859375,
    "nll_regul_tot": 17347.412109375,
    "nll_attach": -39847.1875,
    "nll_tot": -22499.775390625
  },
  "noise_model": {
    "name": "gaussian-diagonal",
    "scale": [
      0.012325795367360115,
      0.3031179904937744,
      0.2525290250778198,
      0.012249869294464588
    ]
  },
  "parameters": {
    "g": [
      0.014162595383822918,
      0.027950864285230637,
      3.810672851266029e-16,
      0.33198273181915283
    ],
    "v0": [
      -20.857519149780273,
      -18.98322868347168,
      -21.135398864746094,
      -18.56018829345703
    ],
    "betas": [
      [
        -0.025935636833310127,
        -0.1066785603761673,
        0.37528130412101746
      ],
      [
        0.010310636833310127,
        -0.04939451441168785,
        0.06500867009162903
      ],
      [
        -0.0972582995891571,
        -0.3418175280094147,
        0.11980462074279785
      ]
    ],
    "tau_mean": 11532.5947265625,
    "tau_std": 27056874.0,
    "xi_mean": 0.0,
    "xi_std": 0.8155678510665894,
    "sources_mean": 0.0,
    "sources_std": 1.0,
    "mixing_matrix": [
      [
        0.0943884551525116,
        0.3456162214279175,
        -0.3082849085330963
      ],
      [
        0.021530240774154663,
        0.06712423264980316,
        0.22025160491466522
      ],
      [
        0.01582767255604267,
        -0.029193127527832985,
        0.046989310532808304
      ],
      [
        -0.02479708008468151,
        -0.0764908567070961,
        -0.11686307191848755
      ]
    ]
  },
  "source_dimension": 3
}