{
  "leaspy_version": "1.5.0",
  "name": "linear",
  "features": [
    "ENCODING0",
    "ENCODING1",
    "ENCODING2",
    "ENCODING3"
  ],
  "dimension": 4,
  "fit_metrics": {
    "nll_regul_tau": 2110.08740234375,
    "nll_regul_xi": -587.51318359375,
    "nll_regul_sources": 3953.512939453125,
    "nll_regul_tot": 5476.08740234375,
    "nll_attach": -57015.23828125,
    "nll_tot": -51539.15234375
  },
  "noise_model": {
    "name": "gaussian-diagonal",
    "scale": [
      0.01364841777831316,
      0.013389787636697292,
      0.02177271991968155,
      0.25002095103263855
    ]
  },
  "parameters": {
    "g": [
      0.10570786893367767,
      -0.10168924182653427,
      0.08346285670995712,
      0.21751809120178223
    ],
    "v0": [
      -2.8833839893341064,
      -14.124253273010254,
      -10.481316566467285,
      -8.730216026306152
    ],
    "betas": [
      [
        -0.37934184074401855,
        0.007224544417113066,
        -0.08231927454471588
      ],
      [
        -0.035186879336833954,
        0.3774237632751465,
        -0.1503455638885498
      ],
      [
        -0.033394332975149155,
        -0.03995124623179436,
        0.021231506019830704
      ]
    ],
    "tau_mean": -2.4054746627807617,
    "tau_std": 4.930657386779785,
    "xi_mean": 0.0,
    "xi_std": 0.10453305393457413,
    "sources_mean": 0.0,
    "sources_std": 1.0,
    "mixing_matrix": [
      [
        0.0001191022020066157,
        -7.39470633561723e-05,
        1.5138270100578666e-05
      ],
      [
        -0.37934184074401855,
        0.007224543951451778,
        -0.08231927454471588
      ],
      [
        -0.035186853259801865,
        0.3774237334728241,
        -0.1503455638885498
      ],
      [
        -0.033394161611795425,
        -0.039951350539922714,
        0.021231526508927345
      ]
    ]
  },
  "source_dimension": 3
}