{
  "leaspy_version": "1.5.0",
  "name": "linear",
  "features": [
    "ENCODING0",
    "ENCODING1",
    "ENCODING2",
    "ENCODING3"
  ],
  "dimension": 4,
  "fit_metrics": {
    "nll_regul_tau": 8250.259765625,
    "nll_regul_xi": 723.4757690429688,
    "nll_regul_sources": 3790.736572265625,
    "nll_regul_tot": 12764.4697265625,
    "nll_attach": -57056.3828125,
    "nll_tot": -44291.90625
  },
  "noise_model": {
    "name": "gaussian-diagonal",
    "scale": [
      0.008967132307589054,
      0.26923784613609314,
      0.030393967404961586,
      0.013477412052452564
    ]
  },
  "parameters": {
    "g": [
      -0.054176658391952515,
      -2.788288697153085e-11,
      0.07678874582052231,
      2.3968349006919798e-12
    ],
    "v0": [
      -16.444522857666016,
      -14.321216583251953,
      -12.54000473022461,
      -10.99085807800293
    ],
    "betas": [
      [
        0.019668959081172943,
        0.017235668376088142,
        0.005210121627897024
      ],
      [
        -0.017762988805770874,
        0.3852209150791168,
        -0.08029533177614212
      ],
      [
        -0.04552198201417923,
        -0.012338461354374886,
        0.3866276443004608
      ]
    ],
    "tau_mean": -2794.646728515625,
    "tau_std": 31797.578125,
    "xi_mean": 0.0,
    "xi_std": 0.6801720857620239,
    "sources_mean": 0.0,
    "sources_std": 1.0,
    "mixing_matrix": [
      [
        0.04750148952007294,
        -0.06853753328323364,
        -0.3614618182182312
      ],
      [
        0.021323522552847862,
        0.014848381280899048,
        -0.007380250841379166
      ],
      [
        -0.007939768023788929,
        0.3710474967956543,
        -0.15504495799541473
      ],
      [
        0.0007203465793281794,
        -0.07905920594930649,
        0.034747377038002014
      ]
    ]
  },
  "source_dimension": 3
}