{
  "leaspy_version": "1.5.0",
  "name": "linear",
  "features": [
    "ENCODING0",
    "ENCODING1",
    "ENCODING2",
    "ENCODING3"
  ],
  "dimension": 4,
  "fit_metrics": {
    "nll_regul_tau": 7028.2880859375,
    "nll_regul_xi": 908.5517578125,
    "nll_regul_sources": 3467.623291015625,
    "nll_regul_tot": 11404.462890625,
    "nll_attach": -34708.19140625,
    "nll_tot": -23303.72265625
  },
  "noise_model": {
    "name": "gaussian-diagonal",
    "scale": [
      0.02052260749042034,
      0.2939382493495941,
      0.3254272937774658,
      0.012256273068487644
    ]
  },
  "parameters": {
    "g": [
      0.01939575746655464,
      0.0196845680475235,
      6.540791730458295e-08,
      0.34890803694725037
    ],
    "v0": [
      -11.236809730529785,
      -10.775491714477539,
      -12.799835205078125,
      -10.114480018615723
    ],
    "betas": [
      [
        -0.48888272047042847,
        -0.043071847409009933,
        0.014823918230831623
      ],
      [
        -0.03641648218035698,
        0.007963059470057487,
        0.09350858628749847
      ],
      [
        -0.059437550604343414,
        -0.28373026847839355,
        0.14425966143608093
      ]
    ],
    "tau_mean": 188.8585205078125,
    "tau_std": 5549.55126953125,
    "xi_mean": 0.0,
    "xi_std": 0.8860210180282593,
    "sources_mean": 0.0,
    "sources_std": 1.0,
    "mixing_matrix": [
      [
        0.2678593695163727,
        0.2602594792842865,
        -0.134882390499115
      ],
      [
        -0.3966229557991028,
        0.046570245176553726,
        -0.031634099781513214
      ],
      [
        -0.024230768904089928,
        0.019803032279014587,
        0.08737238496541977
      ],
      [
        0.11924655735492706,
        -0.1101159006357193,
        0.05428206920623779
      ]
    ]
  },
  "source_dimension": 3
}