{
  "leaspy_version": "1.5.0",
  "name": "linear",
  "features": [
    "ENCODING0",
    "ENCODING1",
    "ENCODING2",
    "ENCODING3"
  ],
  "dimension": 4,
  "fit_metrics": {
    "nll_regul_tau": 13991.2607421875,
    "nll_regul_xi": 808.47900390625,
    "nll_regul_sources": 3769.11865234375,
    "nll_regul_tot": 18568.859375,
    "nll_attach": -38396.171875,
    "nll_tot": -19827.314453125
  },
  "noise_model": {
    "name": "gaussian-diagonal",
    "scale": [
      0.012081440538167953,
      0.028574654832482338,
      0.16932298243045807,
      0.2432468682527542
    ]
  },
  "parameters": {
    "g": [
      0.0006660951767116785,
      0.14434924721717834,
      -0.23427033424377441,
      -0.19639025628566742
    ],
    "v0": [
      -19.994869232177734,
      -20.238922119140625,
      -19.615432739257812,
      -21.540771484375
    ],
    "betas": [
      [
        -0.27660220861434937,
        0.2211368978023529,
        -0.027972113341093063
      ],
      [
        -0.029801461845636368,
        0.33691084384918213,
        -0.10293018817901611
      ],
      [
        0.006729449145495892,
        0.05196402966976166,
        0.03439608961343765
      ]
    ],
    "tau_mean": -21922446.0,
    "tau_std": 115939448.0,
    "xi_mean": 0.0,
    "xi_std": 0.7679906487464905,
    "sources_mean": 0.0,
    "sources_std": 1.0,
    "mixing_matrix": [
      [
        0.1328592449426651,
        -0.34736770391464233,
        0.08470459282398224
      ],
      [
        -0.24129530787467957,
        0.1288251131772995,
        -0.005462160799652338
      ],
      [
        0.036060914397239685,
        0.16471004486083984,
        -0.06093953549861908
      ],
      [
        0.016333919018507004,
        0.026852618902921677,
        0.040519434958696365
      ]
    ]
  },
  "source_dimension": 3
}