{
  "leaspy_version": "1.5.0",
  "name": "linear",
  "features": [
    "ENCODING0",
    "ENCODING1",
    "ENCODING2",
    "ENCODING3"
  ],
  "dimension": 4,
  "fit_metrics": {
    "nll_regul_tau": 1626.3563232421875,
    "nll_regul_xi": -544.744873046875,
    "nll_regul_sources": 4040.766357421875,
    "nll_regul_tot": 5122.3779296875,
    "nll_attach": -55781.64453125,
    "nll_tot": -50659.2734375
  },
  "noise_model": {
    "name": "gaussian-diagonal",
    "scale": [
      0.013074146583676338,
      0.1845734715461731,
      0.028028108179569244,
      0.01753951609134674
    ]
  },
  "parameters": {
    "g": [
      -0.002128227613866329,
      -0.14341090619564056,
      -0.02650272473692894,
      -0.02086786925792694
    ],
    "v0": [
      -5.2346343994140625,
      -8.914631843566895,
      -2.1700282096862793,
      -4.208909511566162
    ],
    "betas": [
      [
        0.05151296406984329,
        0.08048849552869797,
        0.22942569851875305
      ],
      [
        0.4114173352718353,
        -0.01732923462986946,
        -0.030721653252840042
      ],
      [
        -0.011892516165971756,
        -0.340607613325119,
        0.019720889627933502
      ]
    ],
    "tau_mean": -0.2131374627351761,
    "tau_std": 2.4705135822296143,
    "xi_mean": 0.0,
    "xi_std": 0.11111901700496674,
    "sources_mean": 0.0,
    "sources_std": 1.0,
    "mixing_matrix": [
      [
        -0.40606528520584106,
        0.060992345213890076,
        0.027621537446975708
      ],
      [
        0.05106037110090256,
        0.0805564746260643,
        0.22945648431777954
      ],
      [
        0.026954803615808487,
        0.04041830822825432,
        -0.004569585435092449
      ],
      [
        -0.06193963810801506,
        -0.3330903947353363,
        0.023125214502215385
      ]
    ]
  },
  "source_dimension": 3
}