{
  "leaspy_version": "1.5.0",
  "name": "linear",
  "features": [
    "ENCODING0",
    "ENCODING1",
    "ENCODING2",
    "ENCODING3"
  ],
  "dimension": 4,
  "fit_metrics": {
    "nll_regul_tau": 21361.07421875,
    "nll_regul_xi": 716.5196533203125,
    "nll_regul_sources": 3702.412109375,
    "nll_regul_tot": 25780.005859375,
    "nll_attach": -39848.578125,
    "nll_tot": -14068.572265625
  },
  "noise_model": {
    "name": "gaussian-diagonal",
    "scale": [
      0.045961715281009674,
      0.22848805785179138,
      0.07646221667528152,
      0.014369782991707325
    ]
  },
  "parameters": {
    "g": [
      -0.18041056394577026,
      -2.9640821974852608e-18,
      4.84454350346565e-22,
      1.9894067464614925e-25
    ],
    "v0": [
      -30.04725456237793,
      -32.5125617980957,
      -30.442893981933594,
      -30.501209259033203
    ],
    "betas": [
      [
        0.020962964743375778,
        -0.00041224437882192433,
        0.014317695051431656
      ],
      [
        -0.07518629729747772,
        0.23812168836593628,
        0.2225322276353836
      ],
      [
        0.012695178389549255,
        -0.4280160665512085,
        0.1836382895708084
      ]
    ],
    "tau_mean": -1369269993472.0,
    "tau_std": 4331270832128.0,
    "xi_mean": 0.0,
    "xi_std": 0.6734410524368286,
    "sources_mean": 0.0,
    "sources_std": 1.0,
    "mixing_matrix": [
      [
        0.029866600409150124,
        0.08171346783638,
        -0.1960601508617401
      ],
      [
        0.022036071866750717,
        0.0025237207300961018,
        0.0072732530534267426
      ],
      [
        -0.06668493896722794,
        0.26138097047805786,
        0.1667248010635376
      ],
      [
        0.020714957267045975,
        -0.4060743749141693,
        0.13099221885204315
      ]
    ]
  },
  "source_dimension": 3
}