{
  "leaspy_version": "1.5.0",
  "name": "linear",
  "features": [
    "ENCODING0",
    "ENCODING1",
    "ENCODING2",
    "ENCODING3"
  ],
  "dimension": 4,
  "fit_metrics": {
    "nll_regul_tau": 11260.3671875,
    "nll_regul_xi": 852.1600952148438,
    "nll_regul_sources": 3707.25732421875,
    "nll_regul_tot": 15819.7861328125,
    "nll_attach": -38993.4453125,
    "nll_tot": -23173.654296875
  },
  "noise_model": {
    "name": "gaussian-diagonal",
    "scale": [
      0.011763308197259903,
      0.3543599545955658,
      0.2546340823173523,
      0.0122988848015666
    ]
  },
  "parameters": {
    "g": [
      0.00012249975407030433,
      0.020945582538843155,
      4.724920541626654e-14,
      0.2752877175807953
    ],
    "v0": [
      -17.60645294189453,
      -16.547529220581055,
      -18.816770553588867,
      -16.200881958007812
    ],
    "betas": [
      [
        -0.004413084592670202,
        -0.39027848839759827,
        0.12127160280942917
      ],
      [
        0.006442131940275431,
        -0.053597431629896164,
        0.04940570145845413
      ],
      [
        -0.16960859298706055,
        -0.19545909762382507,
        0.21946077048778534
      ]
    ],
    "tau_mean": -435849.28125,
    "tau_std": 2343842.75,
    "xi_mean": 0.0,
    "xi_std": 0.8174435496330261,
    "sources_mean": 0.0,
    "sources_std": 1.0,
    "mixing_matrix": [
      [
        0.1376783400774002,
        0.37990713119506836,
        -0.24682500958442688
      ],
      [
        0.060640931129455566,
        -0.2107696235179901,
        0.004645012319087982
      ],
      [
        0.01316810492426157,
        -0.03503790497779846,
        0.03734761103987694
      ],
      [
        -0.07760155200958252,
        0.0584234818816185,
        0.054513707756996155
      ]
    ]
  },
  "source_dimension": 3
}