{
  "leaspy_version": "1.5.0",
  "name": "linear",
  "features": [
    "ENCODING0",
    "ENCODING1",
    "ENCODING2",
    "ENCODING3"
  ],
  "dimension": 4,
  "fit_metrics": {
    "nll_regul_tau": 12995.7392578125,
    "nll_regul_xi": 830.5905151367188,
    "nll_regul_sources": 3866.606201171875,
    "nll_regul_tot": 17692.93359375,
    "nll_attach": -51950.62890625,
    "nll_tot": -34257.6953125
  },
  "noise_model": {
    "name": "gaussian-diagonal",
    "scale": [
      0.01327271293848753,
      0.027958648279309273,
      0.021791934967041016,
      0.25361549854278564
    ]
  },
  "parameters": {
    "g": [
      0.000876487058121711,
      0.1465134620666504,
      -0.22931163012981415,
      -0.20116761326789856
    ],
    "v0": [
      -18.573719024658203,
      -18.81920623779297,
      -17.954042434692383,
      -19.875425338745117
    ],
    "betas": [
      [
        -0.2983742952346802,
        0.13058531284332275,
        -0.011629722081124783
      ],
      [
        -0.06156088784337044,
        0.3446548879146576,
        -0.0929790809750557
      ],
      [
        -0.0034531974233686924,
        0.04992056265473366,
        0.036361463367938995
      ]
    ],
    "tau_mean": -3279906.5,
    "tau_std": 27963318.0,
    "xi_mean": 0.0,
    "xi_std": 0.792639970779419,
    "sources_mean": 0.0,
    "sources_std": 1.0,
    "mixing_matrix": [
      [
        0.15384213626384735,
        -0.33357420563697815,
        0.07586617022752762
      ],
      [
        -0.26153525710105896,
        0.0507076233625412,
        0.00653719250112772
      ],
      [
        0.02594638802111149,
        0.15491384267807007,
        -0.04982548579573631
      ],
      [
        0.009358249604701996,
        0.02214164473116398,
        0.04267933964729309
      ]
    ]
  },
  "source_dimension": 3
}