{
  "leaspy_version": "1.5.0",
  "name": "linear",
  "features": [
    "ENCODING0",
    "ENCODING1",
    "ENCODING2",
    "ENCODING3"
  ],
  "dimension": 4,
  "fit_metrics": {
    "nll_regul_tau": 12592.4296875,
    "nll_regul_xi": 907.6233520507812,
    "nll_regul_sources": 3750.626953125,
    "nll_regul_tot": 17250.6796875,
    "nll_attach": -39885.45703125,
    "nll_tot": -22634.7734375
  },
  "noise_model": {
    "name": "gaussian-diagonal",
    "scale": [
      0.01233710814267397,
      0.32299721240997314,
      0.25981754064559937,
      0.011104433797299862
    ]
  },
  "parameters": {
    "g": [
      0.10188910365104675,
      0.021199584007263184,
      -0.015527060255408287,
      0.2919633388519287
    ],
    "v0": [
      -19.980575561523438,
      -18.579360961914062,
      -20.14273452758789,
      -18.108505249023438
    ],
    "betas": [
      [
        -0.36463606357574463,
        -0.14691919088363647,
        -0.00271362136118114
      ],
      [
        -0.09564340859651566,
        -0.001800683094188571,
        0.03630509227514267
      ],
      [
        -0.22985394299030304,
        0.19955332577228546,
        0.04012197628617287
      ]
    ],
    "tau_mean": -1951267.5,
    "tau_std": 15716936.0,
    "xi_mean": 0.0,
    "xi_std": 0.8848373889923096,
    "sources_mean": 0.0,
    "sources_std": 1.0,
    "mixing_matrix": [
      [
        0.3929899036884308,
        -0.08993321657180786,
        -0.03609602898359299
      ],
      [
        -0.18284204602241516,
        -0.1885215938091278,
        -0.0194113589823246
      ],
      [
        -0.05757059156894684,
        -0.01051340438425541,
        0.03280811011791229
      ],
      [
        0.06126440316438675,
        0.13293275237083435,
        0.013382823206484318
      ]
    ]
  },
  "source_dimension": 3
}