{
  "leaspy_version": "1.5.0",
  "name": "linear",
  "features": [
    "ENCODING0",
    "ENCODING1",
    "ENCODING2",
    "ENCODING3"
  ],
  "dimension": 4,
  "fit_metrics": {
    "nll_regul_tau": 13993.55078125,
    "nll_regul_xi": 796.9371337890625,
    "nll_regul_sources": 3824.33056640625,
    "nll_regul_tot": 18614.818359375,
    "nll_attach": -53236.15625,
    "nll_tot": -34621.33984375
  },
  "noise_model": {
    "name": "gaussian-diagonal",
    "scale": [
      0.013083480298519135,
      0.026005517691373825,
      0.020237671211361885,
      0.24785006046295166
    ]
  },
  "parameters": {
    "g": [
      0.0003812802897300571,
      0.22545380890369415,
      -0.12034444510936737,
      -0.1744028478860855
    ],
    "v0": [
      -20.12912940979004,
      -19.90009307861328,
      -19.454469680786133,
      -21.643918991088867
    ],
    "betas": [
      [
        0.0261137243360281,
        -0.039189744740724564,
        0.36448395252227783
      ],
      [
        0.18962088227272034,
        0.18003332614898682,
        0.24025195837020874
      ],
      [
        0.018482549116015434,
        0.010600628331303596,
        0.026925433427095413
      ]
    ],
    "tau_mean": 5442778.5,
    "tau_std": 116319264.0,
    "xi_mean": 0.0,
    "xi_std": 0.7554351687431335,
    "sources_mean": 0.0,
    "sources_std": 1.0,
    "mixing_matrix": [
      [
        -0.16069477796554565,
        -0.12037573754787445,
        -0.3675459325313568
      ],
      [
        -0.03086111880838871,
        -0.08186933398246765,
        0.2341693937778473
      ],
      [
        0.10065677016973495,
        0.1133907213807106,
        0.036770571023225784
      ],
      [
        0.008520489558577538,
        0.0031380951404571533,
        0.004139913246035576
      ]
    ]
  },
  "source_dimension": 3
}