{
  "leaspy_version": "1.5.0",
  "name": "linear",
  "features": [
    "ENCODING0",
    "ENCODING1",
    "ENCODING2",
    "ENCODING3"
  ],
  "dimension": 4,
  "fit_metrics": {
    "nll_regul_tau": 21130.11328125,
    "nll_regul_xi": 828.7867431640625,
    "nll_regul_sources": 3634.16748046875,
    "nll_regul_tot": 25593.072265625,
    "nll_attach": -40377.2265625,
    "nll_tot": -14784.1650390625
  },
  "noise_model": {
    "name": "gaussian-diagonal",
    "scale": [
      0.013016666285693645,
      0.3210667669773102,
      0.2199982851743698,
      0.011654586531221867
    ]
  },
  "parameters": {
    "g": [
      0.04293374344706535,
      0.042738236486911774,
      1.8677185176843933e-24,
      0.3316049575805664
    ],
    "v0": [
      -31.90329360961914,
      -30.115461349487305,
      -32.55406951904297,
      -30.456409454345703
    ],
    "betas": [
      [
        -0.0884573757648468,
        -0.3851325511932373,
        0.16468682885169983
      ],
      [
        -0.005330414045602083,
        -0.07763784378767014,
        0.04043620452284813
      ],
      [
        -0.09333236515522003,
        -0.07963128387928009,
        0.27337920665740967
      ]
    ],
    "tau_mean": 146953404416.0,
    "tau_std": 3114031644672.0,
    "xi_mean": 0.0,
    "xi_std": 0.7905787229537964,
    "sources_mean": 0.0,
    "sources_std": 1.0,
    "mixing_matrix": [
      [
        0.12508529424667358,
        0.3612900972366333,
        -0.29208284616470337
      ],
      [
        0.00033101439476013184,
        -0.12868058681488037,
        -0.04264022409915924
      ],
      [
        0.002419236348941922,
        -0.055254146456718445,
        0.022340234369039536
      ],
      [
        -0.030195310711860657,
        0.10273062437772751,
        0.12594980001449585
      ]
    ]
  },
  "source_dimension": 3
}