{
  "leaspy_version": "1.5.0",
  "name": "linear",
  "features": [
    "ENCODING0",
    "ENCODING1",
    "ENCODING2",
    "ENCODING3"
  ],
  "dimension": 4,
  "fit_metrics": {
    "nll_regul_tau": 1614.3216552734375,
    "nll_regul_xi": -559.98974609375,
    "nll_regul_sources": 3982.517578125,
    "nll_regul_tot": 5036.85009765625,
    "nll_attach": -54641.9140625,
    "nll_tot": -49605.0546875
  },
  "noise_model": {
    "name": "gaussian-diagonal",
    "scale": [
      0.011758117936551571,
      0.19278118014335632,
      0.027306417003273964,
      0.022553259506821632
    ]
  },
  "parameters": {
    "g": [
      -0.039254795759916306,
      -0.11118926852941513,
      -0.047553278505802155,
      -0.047173529863357544
    ],
    "v0": [
      -5.311643123626709,
      -7.355779647827148,
      -2.1651926040649414,
      -4.227456569671631
    ],
    "betas": [
      [
        -0.24365311861038208,
        0.03598853945732117,
        0.08834180980920792
      ],
      [
        -0.009432286955416203,
        0.3944956660270691,
        -0.13763543963432312
      ],
      [
        0.2319137156009674,
        0.07265231013298035,
        0.2296106517314911
      ]
    ],
    "tau_mean": -0.3857889175415039,
    "tau_std": 2.42840313911438,
    "xi_mean": 0.0,
    "xi_std": 0.10872570425271988,
    "sources_mean": 0.0,
    "sources_std": 1.0,
    "mixing_matrix": [
      [
        -0.018535802140831947,
        -0.400337815284729,
        0.10698360949754715
      ],
      [
        -0.24375122785568237,
        0.033869341015815735,
        0.0889081358909607
      ],
      [
        -0.02705204114317894,
        0.01394276600331068,
        -0.03593902662396431
      ],
      [
        0.2296730875968933,
        0.024259012192487717,
        0.24254295229911804
      ]
    ]
  },
  "source_dimension": 3
}