{
  "leaspy_version": "1.5.0",
  "name": "linear",
  "features": [
    "ENCODING0",
    "ENCODING1",
    "ENCODING2",
    "ENCODING3"
  ],
  "dimension": 4,
  "fit_metrics": {
    "nll_regul_tau": 10646.52734375,
    "nll_regul_xi": 793.4056396484375,
    "nll_regul_sources": 3788.591552734375,
    "nll_regul_tot": 15228.52734375,
    "nll_attach": -45231.19921875,
    "nll_tot": -30002.669921875
  },
  "noise_model": {
    "name": "gaussian-diagonal",
    "scale": [
      0.012923895381391048,
      0.07434821873903275,
      0.02182392030954361,
      0.25533396005630493
    ]
  },
  "parameters": {
    "g": [
      0.012030085548758507,
      0.10964241623878479,
      -0.27230072021484375,
      -0.2036839872598648
    ],
    "v0": [
      -15.403631210327148,
      -15.378362655639648,
      -14.581951141357422,
      -16.638729095458984
    ],
    "betas": [
      [
        -0.243367537856102,
        0.21949104964733124,
        -0.049052752554416656
      ],
      [
        0.017047086730599403,
        0.31748420000076294,
        -0.1628815084695816
      ],
      [
        0.019693508744239807,
        0.0591253787279129,
        0.022240035235881805
      ]
    ],
    "tau_mean": -188410.640625,
    "tau_std": 975192.0625,
    "xi_mean": 0.0,
    "xi_std": 0.7516350746154785,
    "sources_mean": 0.0,
    "sources_std": 1.0,
    "mixing_matrix": [
      [
        0.0758637860417366,
        -0.3567083477973938,
        0.15324003994464874
      ],
      [
        -0.22235900163650513,
        0.12070978432893753,
        -0.00661684013903141
      ],
      [
        0.0636349767446518,
        0.09842988848686218,
        -0.0687769278883934
      ],
      [
        0.02565048262476921,
        0.031115936115384102,
        0.03427274525165558
      ]
    ]
  },
  "source_dimension": 3
}