{
  "leaspy_version": "1.5.0",
  "name": "linear",
  "features": [
    "ENCODING0",
    "ENCODING1",
    "ENCODING2",
    "ENCODING3"
  ],
  "dimension": 4,
  "fit_metrics": {
    "nll_regul_tau": 2088.12353515625,
    "nll_regul_xi": -517.915771484375,
    "nll_regul_sources": 3980.001953125,
    "nll_regul_tot": 5550.208984375,
    "nll_attach": -57011.8828125,
    "nll_tot": -51461.66796875
  },
  "noise_model": {
    "name": "gaussian-diagonal",
    "scale": [
      0.012703422456979752,
      0.012649772688746452,
      0.02464876137673855,
      0.25130781531333923
    ]
  },
  "parameters": {
    "g": [
      0.22502732276916504,
      -0.010165667161345482,
      0.07190781086683273,
      0.23724259436130524
    ],
    "v0": [
      -2.87509822845459,
      -14.695869445800781,
      -9.278101921081543,
      -7.783500671386719
    ],
    "betas": [
      [
        -0.04996877908706665,
        -0.4229729175567627,
        0.1385185271501541
      ],
      [
        0.3080277144908905,
        -0.06715092062950134,
        0.05854810029268265
      ],
      [
        -0.03966846689581871,
        -0.01976771093904972,
        0.03070235252380371
      ]
    ],
    "tau_mean": -0.41486483812332153,
    "tau_std": 4.778347492218018,
    "xi_mean": 0.0,
    "xi_std": 0.11546064168214798,
    "sources_mean": 0.0,
    "sources_std": 1.0,
    "mixing_matrix": [
      [
        -0.00021697423653677106,
        0.00026031219749711454,
        -0.0003247127460781485
      ],
      [
        -0.04996878281235695,
        -0.4229729175567627,
        0.1385185271501541
      ],
      [
        0.3080275356769562,
        -0.06715071201324463,
        0.05854783207178116
      ],
      [
        -0.03966926783323288,
        -0.019766749814152718,
        0.030701154842972755
      ]
    ]
  },
  "source_dimension": 3
}