{
  "leaspy_version": "1.5.0",
  "name": "linear",
  "features": [
    "ENCODING0",
    "ENCODING1",
    "ENCODING2",
    "ENCODING3"
  ],
  "dimension": 4,
  "fit_metrics": {
    "nll_regul_tau": 1564.4764404296875,
    "nll_regul_xi": -478.865234375,
    "nll_regul_sources": 4119.5234375,
    "nll_regul_tot": 5205.13427734375,
    "nll_attach": -56095.3046875,
    "nll_tot": -50890.1640625
  },
  "noise_model": {
    "name": "gaussian-diagonal",
    "scale": [
      0.010997126810252666,
      0.21596336364746094,
      0.028881806880235672,
      0.016536999493837357
    ]
  },
  "parameters": {
    "g": [
      0.16156943142414093,
      -0.28285327553749084,
      0.2114907205104828,
      -0.11493735760450363
    ],
    "v0": [
      -5.835260391235352,
      -3.9908204078674316,
      -2.1659903526306152,
      -6.472527503967285
    ],
    "betas": [
      [
        0.1395442634820938,
        -0.11655279248952866,
        0.01925581693649292
      ],
      [
        0.025275731459259987,
        0.3351643681526184,
        -0.17179693281650543
      ],
      [
        -0.15913674235343933,
        0.15333780646324158,
        0.24954915046691895
      ]
    ],
    "tau_mean": 0.6484459638595581,
    "tau_std": 2.2614920139312744,
    "xi_mean": 0.0,
    "xi_std": 0.12208487093448639,
    "sources_mean": 0.0,
    "sources_std": 1.0,
    "mixing_matrix": [
      [
        -0.04503123089671135,
        -0.31424978375434875,
        0.1631537228822708
      ],
      [
        0.1325545608997345,
        -0.16533036530017853,
        0.04458039253950119
      ],
      [
        -0.018072621896862984,
        0.032658498734235764,
        -0.014740493148565292
      ],
      [
        -0.15972109138965607,
        0.14925998449325562,
        0.2516663074493408
      ]
    ]
  },
  "source_dimension": 3
}