{
  "leaspy_version": "1.5.0",
  "name": "linear",
  "features": [
    "ENCODING0",
    "ENCODING1",
    "ENCODING2",
    "ENCODING3"
  ],
  "dimension": 4,
  "fit_metrics": {
    "nll_regul_tau": 11629.7001953125,
    "nll_regul_xi": 766.70849609375,
    "nll_regul_sources": 3799.858154296875,
    "nll_regul_tot": 16196.2666015625,
    "nll_attach": -49136.4609375,
    "nll_tot": -32940.19140625
  },
  "noise_model": {
    "name": "gaussian-diagonal",
    "scale": [
      0.012172753922641277,
      0.047669973224401474,
      0.02146051824092865,
      0.24615280330181122
    ]
  },
  "parameters": {
    "g": [
      0.02572542056441307,
      0.1333816796541214,
      -0.2389412820339203,
      -0.20211294293403625
    ],
    "v0": [
      -16.693599700927734,
      -16.802453994750977,
      -16.009868621826172,
      -18.148197174072266
    ],
    "betas": [
      [
        -0.3113827705383301,
        0.12571166455745697,
        0.017964914441108704
      ],
      [
        -0.07354073226451874,
        0.3440746068954468,
        -0.05384952574968338
      ],
      [
        -0.0022914973087608814,
        0.05142775550484657,
        0.037665680050849915
      ]
    ],
    "tau_mean": -465084.375,
    "tau_std": 3972550.75,
    "xi_mean": 0.0,
    "xi_std": 0.7235077619552612,
    "sources_mean": 0.0,
    "sources_std": 1.0,
    "mixing_matrix": [
      [
        0.17692169547080994,
        -0.3353171646595001,
        0.034004706889390945
      ],
      [
        -0.2647830843925476,
        0.037391938269138336,
        0.0269214678555727
      ],
      [
        0.029402654618024826,
        0.1489674597978592,
        -0.03406360000371933
      ],
      [
        0.009840553626418114,
        0.02843405306339264,
        0.03999748453497887
      ]
    ]
  },
  "source_dimension": 3
}