{
  "leaspy_version": "1.5.0",
  "name": "linear",
  "features": [
    "ENCODING0",
    "ENCODING1",
    "ENCODING2",
    "ENCODING3"
  ],
  "dimension": 4,
  "fit_metrics": {
    "nll_regul_tau": 1642.41455078125,
    "nll_regul_xi": -499.8385925292969,
    "nll_regul_sources": 3958.802978515625,
    "nll_regul_tot": 5101.37890625,
    "nll_attach": -57447.26953125,
    "nll_tot": -52345.890625
  },
  "noise_model": {
    "name": "gaussian-diagonal",
    "scale": [
      0.012540392577648163,
      0.10602005571126938,
      0.030091820284724236,
      0.023375289514660835
    ]
  },
  "parameters": {
    "g": [
      -0.03816629946231842,
      -0.17009411752223969,
      -0.07259475439786911,
      -0.018127920106053352
    ],
    "v0": [
      -5.1573052406311035,
      -8.773324012756348,
      -2.1607298851013184,
      -4.186459064483643
    ],
    "betas": [
      [
        -0.3042674958705902,
        0.004907710012048483,
        0.04826704040169716
      ],
      [
        -0.024765344336628914,
        0.3960028290748596,
        -0.09502150863409042
      ],
      [
        0.14727818965911865,
        0.06928523629903793,
        0.28297293186187744
      ]
    ],
    "tau_mean": -0.5276473760604858,
    "tau_std": 2.527843952178955,
    "xi_mean": 0.0,
    "xi_std": 0.11848120391368866,
    "sources_mean": 0.0,
    "sources_std": 1.0,
    "mixing_matrix": [
      [
        0.005692090839147568,
        -0.40117698907852173,
        0.057068321853876114
      ],
      [
        -0.3042602837085724,
        0.004399227909743786,
        0.048339374363422394
      ],
      [
        -0.01939471997320652,
        0.017482653260231018,
        -0.041176170110702515
      ],
      [
        0.14798656105995178,
        0.019359316676855087,
        0.29007500410079956
      ]
    ]
  },
  "source_dimension": 3
}