{
  "leaspy_version": "1.5.0",
  "name": "linear",
  "features": [
    "ENCODING0",
    "ENCODING1",
    "ENCODING2",
    "ENCODING3"
  ],
  "dimension": 4,
  "fit_metrics": {
    "nll_regul_tau": 1540.2242431640625,
    "nll_regul_xi": -495.0982666015625,
    "nll_regul_sources": 4200.8291015625,
    "nll_regul_tot": 5245.955078125,
    "nll_attach": -55857.87890625,
    "nll_tot": -50611.921875
  },
  "noise_model": {
    "name": "gaussian-diagonal",
    "scale": [
      0.011257283389568329,
      0.22737976908683777,
      0.030033811926841736,
      0.015264822170138359
    ]
  },
  "parameters": {
    "g": [
      0.19335971772670746,
      -0.25797417759895325,
      0.238784521818161,
      -0.10180074721574783
    ],
    "v0": [
      -6.006275177001953,
      -3.8646609783172607,
      -2.1461071968078613,
      -6.415402889251709
    ],
    "betas": [
      [
        0.1556408852338791,
        -0.10949564725160599,
        0.018440818414092064
      ],
      [
        0.005449248477816582,
        0.34011176228523254,
        -0.1705489158630371
      ],
      [
        -0.15558919310569763,
        0.15646576881408691,
        0.22531454265117645
      ]
    ],
    "tau_mean": 0.9513342380523682,
    "tau_std": 2.1844871044158936,
    "xi_mean": 0.0,
    "xi_std": 0.1192864254117012,
    "sources_mean": 0.0,
    "sources_std": 1.0,
    "mixing_matrix": [
      [
        -0.030683545395731926,
        -0.31750109791755676,
        0.16146308183670044
      ],
      [
        0.15033656358718872,
        -0.16438265144824982,
        0.04635324701666832
      ],
      [
        -0.02413007989525795,
        0.03403664380311966,
        -0.014896420761942863
      ],
      [
        -0.15600305795669556,
        0.15218327939510345,
        0.22749237716197968
      ]
    ]
  },
  "source_dimension": 3
}