{
  "leaspy_version": "1.5.0",
  "name": "linear",
  "features": [
    "ENCODING0",
    "ENCODING1",
    "ENCODING2",
    "ENCODING3"
  ],
  "dimension": 4,
  "fit_metrics": {
    "nll_regul_tau": 1606.69482421875,
    "nll_regul_xi": -560.6468505859375,
    "nll_regul_sources": 4229.3330078125,
    "nll_regul_tot": 5275.38037109375,
    "nll_attach": -58098.34375,
    "nll_tot": -52822.96875
  },
  "noise_model": {
    "name": "gaussian-diagonal",
    "scale": [
      0.012172036804258823,
      0.10475419461727142,
      0.028605151921510696,
      0.02336111105978489
    ]
  },
  "parameters": {
    "g": [
      -0.04949182644486427,
      -0.08527031540870667,
      -0.034797295928001404,
      -0.10305090248584747
    ],
    "v0": [
      -5.177255153656006,
      -9.3410062789917,
      -2.166813850402832,
      -4.037531852722168
    ],
    "betas": [
      [
        0.2633644938468933,
        0.01690523885190487,
        0.10635199397802353
      ],
      [
        0.010570787824690342,
        0.3768150806427002,
        0.09454838931560516
      ],
      [
        -0.20982716977596283,
        -0.08835628628730774,
        0.22670313715934753
      ]
    ],
    "tau_mean": -0.34208059310913086,
    "tau_std": 2.402090311050415,
    "xi_mean": 0.0,
    "xi_std": 0.10862362384796143,
    "sources_mean": 0.0,
    "sources_std": 1.0,
    "mixing_matrix": [
      [
        0.02126731351017952,
        -0.3585624098777771,
        -0.1278839409351349
      ],
      [
        0.2633798122406006,
        0.016646642237901688,
        0.10625976324081421
      ],
      [
        0.030591612681746483,
        0.03926820307970047,
        -0.02584020420908928
      ],
      [
        -0.20674368739128113,
        -0.14034290611743927,
        0.20816171169281006
      ]
    ]
  },
  "source_dimension": 3
}