{
  "leaspy_version": "1.5.0",
  "name": "linear",
  "features": [
    "ENCODING0",
    "ENCODING1",
    "ENCODING2",
    "ENCODING3"
  ],
  "dimension": 4,
  "fit_metrics": {
    "nll_regul_tau": 9641.8310546875,
    "nll_regul_xi": 727.1514892578125,
    "nll_regul_sources": 3624.019775390625,
    "nll_regul_tot": 13993.001953125,
    "nll_attach": -36243.84765625,
    "nll_tot": -22250.841796875
  },
  "noise_model": {
    "name": "gaussian-diagonal",
    "scale": [
      0.23982305824756622,
      0.26463836431503296,
      0.02326386608183384,
      0.013096802867949009
    ]
  },
  "parameters": {
    "g": [
      -0.08712931722402573,
      0.08530481159687042,
      0.0002138959098374471,
      1.0097105714469007e-13
    ],
    "v0": [
      -14.082734107971191,
      -16.289499282836914,
      -13.856450080871582,
      -13.194695472717285
    ],
    "betas": [
      [
        -0.006412427872419357,
        0.00366584537550807,
        -0.005349129904061556
      ],
      [
        0.040226854383945465,
        0.405045747756958,
        -0.10759316384792328
      ],
      [
        0.06308674067258835,
        -0.12244999408721924,
        0.3344045877456665
      ]
    ],
    "tau_mean": -43747.4921875,
    "tau_std": 232142.515625,
    "xi_mean": 0.0,
    "xi_std": 0.6837573051452637,
    "sources_mean": 0.0,
    "sources_std": 1.0,
    "mixing_matrix": [
      [
        -0.06968528777360916,
        -0.07230935990810394,
        -0.23240618407726288
      ],
      [
        -0.008371904492378235,
        0.0016325830947607756,
        -0.011884145438671112
      ],
      [
        0.017901422455906868,
        0.38187962770462036,
        -0.18205031752586365
      ],
      [
        0.019815806299448013,
        -0.16735033690929413,
        0.19009245932102203
      ]
    ]
  },
  "source_dimension": 3
}