{
  "leaspy_version": "1.5.0",
  "name": "linear",
  "features": [
    "ENCODING0",
    "ENCODING1",
    "ENCODING2",
    "ENCODING3"
  ],
  "dimension": 4,
  "fit_metrics": {
    "nll_regul_tau": 1621.2410888671875,
    "nll_regul_xi": -556.9028930664062,
    "nll_regul_sources": 3946.58447265625,
    "nll_regul_tot": 5010.92333984375,
    "nll_attach": -58447.1015625,
    "nll_tot": -53436.1875
  },
  "noise_model": {
    "name": "gaussian-diagonal",
    "scale": [
      0.013439187780022621,
      0.11703896522521973,
      0.027671189978718758,
      0.018625890836119652
    ]
  },
  "parameters": {
    "g": [
      1.0256802852381952e-05,
      -0.1624525785446167,
      -0.024838130921125412,
      -0.038883086293935776
    ],
    "v0": [
      -5.27557373046875,
      -7.677909851074219,
      -2.172665596008301,
      -4.161920547485352
    ],
    "betas": [
      [
        -0.2893568277359009,
        -0.020849451422691345,
        0.010985721834003925
      ],
      [
        -0.007369661703705788,
        0.4026797413825989,
        0.05495992302894592
      ],
      [
        0.15885719656944275,
        -0.04642553627490997,
        0.31267547607421875
      ]
    ],
    "tau_mean": -0.15773722529411316,
    "tau_std": 2.4525277614593506,
    "xi_mean": 0.0,
    "xi_std": 0.10920622944831848,
    "sources_mean": 0.0,
    "sources_std": 1.0,
    "mixing_matrix": [
      [
        -0.013050534762442112,
        -0.3921963572502136,
        -0.09677892923355103
      ],
      [
        -0.2894071340560913,
        -0.02236041985452175,
        0.01061287336051464
      ],
      [
        -0.019737035036087036,
        0.03101380355656147,
        -0.03675288334488869
      ],
      [
        0.15716537833213806,
        -0.09726843237876892,
        0.30012941360473633
      ]
    ]
  },
  "source_dimension": 3
}