{
  "leaspy_version": "1.5.0",
  "name": "linear",
  "features": [
    "ENCODING0",
    "ENCODING1",
    "ENCODING2",
    "ENCODING3"
  ],
  "dimension": 4,
  "fit_metrics": {
    "nll_regul_tau": 1618.649169921875,
    "nll_regul_xi": -562.858642578125,
    "nll_regul_sources": 3894.26513671875,
    "nll_regul_tot": 4950.05615234375,
    "nll_attach": -58216.359375,
    "nll_tot": -53266.3046875
  },
  "noise_model": {
    "name": "gaussian-diagonal",
    "scale": [
      0.013572180643677711,
      0.11541486531496048,
      0.028127480298280716,
      0.019012760370969772
    ]
  },
  "parameters": {
    "g": [
      -0.039572522044181824,
      -0.1582321673631668,
      -0.04178158566355705,
      -0.021799450740218163
    ],
    "v0": [
      -5.218148708343506,
      -8.093595504760742,
      -2.1652169227600098,
      -4.178858757019043
    ],
    "betas": [
      [
        -0.010676112957298756,
        0.0603913776576519,
        0.2728482782840729
      ],
      [
        0.440584272146225,
        0.007683809846639633,
        0.04550828039646149
      ],
      [
        8.492817869409919e-05,
        -0.33804526925086975,
        -0.011902221478521824
      ]
    ],
    "tau_mean": -0.30443912744522095,
    "tau_std": 2.4434635639190674,
    "xi_mean": 0.0,
    "xi_std": 0.1082807332277298,
    "sources_mean": 0.0,
    "sources_std": 1.0,
    "mixing_matrix": [
      [
        -0.4362138509750366,
        0.036916542798280716,
        -0.044204697012901306
      ],
      [
        -0.011774815618991852,
        0.06048436090350151,
        0.27273693680763245
      ],
      [
        0.027971960604190826,
        0.042602963745594025,
        0.0036952951923012733
      ],
      [
        -0.05499947443604469,
        -0.3333835005760193,
        -0.01748432219028473
      ]
    ]
  },
  "source_dimension": 3
}