{
  "leaspy_version": "1.5.0",
  "name": "linear",
  "features": [
    "ENCODING0",
    "ENCODING1",
    "ENCODING2",
    "ENCODING3"
  ],
  "dimension": 4,
  "fit_metrics": {
    "nll_regul_tau": 2116.021240234375,
    "nll_regul_xi": -569.8458251953125,
    "nll_regul_sources": 3764.0888671875,
    "nll_regul_tot": 5310.26416015625,
    "nll_attach": -57029.34375,
    "nll_tot": -51719.078125
  },
  "noise_model": {
    "name": "gaussian-diagonal",
    "scale": [
      0.013197609223425388,
      0.013405406847596169,
      0.022603463381528854,
      0.2482134997844696
    ]
  },
  "parameters": {
    "g": [
      0.1160602867603302,
      -0.10191285610198975,
      0.08051647245883942,
      0.22317004203796387
    ],
    "v0": [
      -2.8765604496002197,
      -14.110137939453125,
      -10.444103240966797,
      -9.204318046569824
    ],
    "betas": [
      [
        -0.4016363024711609,
        0.006860255729407072,
        -0.033980321139097214
      ],
      [
        -0.021755557507276535,
        0.4039769172668457,
        -0.11169978231191635
      ],
      [
        -0.03550669178366661,
        -0.03494981303811073,
        0.04016459360718727
      ]
    ],
    "tau_mean": -2.2855052947998047,
    "tau_std": 4.972630977630615,
    "xi_mean": 0.0,
    "xi_std": 0.10720527172088623,
    "sources_mean": 0.0,
    "sources_std": 1.0,
    "mixing_matrix": [
      [
        7.997350621735677e-05,
        -0.00014650929369963706,
        -1.3541550288209692e-05
      ],
      [
        -0.4016363024711609,
        0.0068602547980844975,
        -0.033980321139097214
      ],
      [
        -0.021755537018179893,
        0.4039768874645233,
        -0.11169978231191635
      ],
      [
        -0.03550662100315094,
        -0.03494994342327118,
        0.040164582431316376
      ]
    ]
  },
  "source_dimension": 3
}