{
  "leaspy_version": "1.5.0",
  "name": "linear",
  "features": [
    "ENCODING0",
    "ENCODING1",
    "ENCODING2",
    "ENCODING3"
  ],
  "dimension": 4,
  "fit_metrics": {
    "nll_regul_tau": 2117.074462890625,
    "nll_regul_xi": -557.654296875,
    "nll_regul_sources": 3940.745849609375,
    "nll_regul_tot": 5500.166015625,
    "nll_attach": -56758.1796875,
    "nll_tot": -51258.01171875
  },
  "noise_model": {
    "name": "gaussian-diagonal",
    "scale": [
      0.013541952706873417,
      0.013813520781695843,
      0.02183430641889572,
      0.2526737451553345
    ]
  },
  "parameters": {
    "g": [
      0.12813875079154968,
      -0.10044242441654205,
      0.06717609614133835,
      0.21458332240581512
    ],
    "v0": [
      -2.884737730026245,
      -11.569933891296387,
      -9.594881057739258,
      -7.326369762420654
    ],
    "betas": [
      [
        -0.41024017333984375,
        0.021034134551882744,
        -0.011024332605302334
      ],
      [
        -0.014558966271579266,
        0.3308981657028198,
        -0.11546686291694641
      ],
      [
        -0.031509578227996826,
        -0.030959727242588997,
        0.028200216591358185
      ]
    ],
    "tau_mean": -2.2544825077056885,
    "tau_std": 4.980116367340088,
    "xi_mean": 0.0,
    "xi_std": 0.10908826440572739,
    "sources_mean": 0.0,
    "sources_std": 1.0,
    "mixing_matrix": [
      [
        0.0004581462126225233,
        -4.214575164951384e-05,
        -0.0001895332388812676
      ],
      [
        -0.41024014353752136,
        0.021034132689237595,
        -0.011024348437786102
      ],
      [
        -0.014558687806129456,
        0.33089813590049744,
        -0.11546698212623596
      ],
      [
        -0.03150688111782074,
        -0.030959976837038994,
        0.028199102729558945
      ]
    ]
  },
  "source_dimension": 3
}