{
  "leaspy_version": "1.5.0",
  "name": "linear",
  "features": [
    "ENCODING0",
    "ENCODING1",
    "ENCODING2",
    "ENCODING3"
  ],
  "dimension": 4,
  "fit_metrics": {
    "nll_regul_tau": 1535.173583984375,
    "nll_regul_xi": -471.4626159667969,
    "nll_regul_sources": 4091.689208984375,
    "nll_regul_tot": 5155.400390625,
    "nll_attach": -57269.16015625,
    "nll_tot": -52113.76171875
  },
  "noise_model": {
    "name": "gaussian-diagonal",
    "scale": [
      0.015954669564962387,
      0.1820918321609497,
      0.028316868469119072,
      0.011660569347441196
    ]
  },
  "parameters": {
    "g": [
      0.21345488727092743,
      -0.2385522574186325,
      0.28842517733573914,
      -0.13062815368175507
    ],
    "v0": [
      -5.7725090980529785,
      -4.060908317565918,
      -2.166066884994507,
      -6.602810382843018
    ],
    "betas": [
      [
        0.07719184458255768,
        -0.04590783268213272,
        0.19390316307544708
      ],
      [
        0.1467973291873932,
        0.2333962768316269,
        -0.2036512792110443
      ],
      [
        -0.28892624378204346,
        0.18218065798282623,
        -0.0467228963971138
      ]
    ],
    "tau_mean": 1.389112949371338,
    "tau_std": 2.1687796115875244,
    "xi_mean": 0.0,
    "xi_std": 0.12338296324014664,
    "sources_mean": 0.0,
    "sources_std": 1.0,
    "mixing_matrix": [
      [
        -0.15319518744945526,
        -0.2260124236345291,
        0.17303279042243958
      ],
      [
        0.055020831525325775,
        -0.07861724495887756,
        0.21894514560699463
      ],
      [
        -0.0006730444729328156,
        0.015829797834157944,
        -0.03708461672067642
      ],
      [
        -0.2906714677810669,
        0.1796058863401413,
        -0.04475167393684387
      ]
    ]
  },
  "source_dimension": 3
}