{
  "leaspy_version": "1.5.0",
  "name": "linear",
  "features": [
    "ENCODING0",
    "ENCODING1",
    "ENCODING2",
    "ENCODING3"
  ],
  "dimension": 4,
  "fit_metrics": {
    "nll_regul_tau": 1656.6107177734375,
    "nll_regul_xi": -56.609344482421875,
    "nll_regul_sources": 4087.83544921875,
    "nll_regul_tot": 5687.8369140625,
    "nll_attach": -54079.73828125,
    "nll_tot": -48391.890625
  },
  "noise_model": {
    "name": "gaussian-diagonal",
    "scale": [
      0.05122913792729378,
      0.04216475784778595,
      0.03399444371461868,
      0.020604867488145828
    ]
  },
  "parameters": {
    "g": [
      -0.029764434322714806,
      0.17334552109241486,
      -0.32567155361175537,
      0.1835172176361084
    ],
    "v0": [
      -13.203984260559082,
      -15.881852149963379,
      -3.349841594696045,
      -2.4819045066833496
    ],
    "betas": [
      [
        0.19273176789283752,
        -0.23652809858322144,
        0.12631277740001678
      ],
      [
        0.2575047016143799,
        0.07637543231248856,
        0.134194478392601
      ],
      [
        0.0032556899823248386,
        0.10322817414999008,
        0.23908478021621704
      ]
    ],
    "tau_mean": 0.39942941069602966,
    "tau_std": 2.579634666442871,
    "xi_mean": 0.0,
    "xi_std": 0.22317221760749817,
    "sources_mean": 0.0,
    "sources_std": 1.0,
    "mixing_matrix": [
      [
        -0.10267932713031769,
        -0.1247444748878479,
        -0.2723916172981262
      ],
      [
        0.19273163378238678,
        -0.23652827739715576,
        0.12631238996982574
      ],
      [
        0.21775949001312256,
        0.02808922901749611,
        0.02875688672065735
      ],
      [
        -0.09141708165407181,
        -0.01178918220102787,
        -0.012066733092069626
      ]
    ]
  },
  "source_dimension": 3
}