{
  "leaspy_version": "1.5.0",
  "name": "linear",
  "features": [
    "ENCODING0",
    "ENCODING1",
    "ENCODING2",
    "ENCODING3"
  ],
  "dimension": 4,
  "fit_metrics": {
    "nll_regul_tau": 1778.70947265625,
    "nll_regul_xi": -195.66000366210938,
    "nll_regul_sources": 4729.80078125,
    "nll_regul_tot": 6312.849609375,
    "nll_attach": -68956.6328125,
    "nll_tot": -62643.78515625
  },
  "noise_model": {
    "name": "gaussian-diagonal",
    "scale": [
      0.021952291950583458,
      0.011493937112390995,
      0.06074187532067299,
      0.04036840423941612
    ]
  },
  "parameters": {
    "g": [
      0.0001522291568107903,
      -0.04605943337082863,
      0.21460749208927155,
      1.3177657902184838e-15
    ],
    "v0": [
      -6.033890724182129,
      -6.593216419219971,
      -238.0908966064453,
      -2.128669023513794
    ],
    "betas": [
      [
        -0.005043490324169397,
        -0.095309779047966,
        0.36219948530197144
      ],
      [
        -0.09608731418848038,
        0.2770078182220459,
        0.02407495304942131
      ],
      [
        0.32761937379837036,
        0.1413041055202484,
        0.014038603752851486
      ]
    ],
    "tau_mean": -0.11333980411291122,
    "tau_std": 2.235461950302124,
    "xi_mean": 0.0,
    "xi_std": 0.1894717812538147,
    "sources_mean": 0.0,
    "sources_std": 1.0,
    "mixing_matrix": [
      [
        -0.3274732828140259,
        -0.1401694118976593,
        -0.018202591687440872
      ],
      [
        -0.008737302385270596,
        -0.09689085185527802,
        0.3619941473007202
      ],
      [
        -0.09608731418848038,
        0.2770078182220459,
        0.02407495304942131
      ],
      [
        0.0066946689039468765,
        0.003937699366360903,
        -0.0037999849300831556
      ]
    ]
  },
  "source_dimension": 3
}