{
  "leaspy_version": "1.5.0",
  "name": "linear",
  "features": [
    "ENCODING0",
    "ENCODING1",
    "ENCODING2",
    "ENCODING3"
  ],
  "dimension": 4,
  "fit_metrics": {
    "nll_regul_tau": 3992.63427734375,
    "nll_regul_xi": 171.50717163085938,
    "nll_regul_sources": 4496.173828125,
    "nll_regul_tot": 8660.3154296875,
    "nll_attach": -59243.359375,
    "nll_tot": -50583.03125
  },
  "noise_model": {
    "name": "gaussian-diagonal",
    "scale": [
      0.009658790193498135,
      0.02736494690179825,
      0.24314185976982117,
      0.03243599086999893
    ]
  },
  "parameters": {
    "g": [
      0.00018024771998170763,
      6.58610278232664e-44,
      -1.0859218809790022e-17,
      -0.07048585265874863
    ],
    "v0": [
      -5.521488189697266,
      -5.625999927520752,
      -8.050922393798828,
      -4.172843933105469
    ],
    "betas": [
      [
        0.053998708724975586,
        0.09170065075159073,
        -0.36525797843933105
      ],
      [
        0.0037151933647692204,
        -0.018952390179038048,
        0.01638091541826725
      ],
      [
        0.3367512822151184,
        0.12009578198194504,
        -0.03940046578645706
      ]
    ],
    "tau_mean": -6.693329334259033,
    "tau_std": 35.58251953125,
    "xi_mean": 0.0,
    "xi_std": 0.2998253405094147,
    "sources_mean": 0.0,
    "sources_std": 1.0,
    "mixing_matrix": [
      [
        -0.32983681559562683,
        -0.13322237133979797,
        0.11748263984918594
      ],
      [
        -0.004471383057534695,
        0.06808435171842575,
        -0.3444318473339081
      ],
      [
        -0.0014585311291739345,
        -0.021042078733444214,
        0.01822371408343315
      ],
      [
        0.08669867366552353,
        0.019098568707704544,
        0.04966430366039276
      ]
    ]
  },
  "source_dimension": 3
}