{
  "leaspy_version": "1.5.0",
  "name": "linear",
  "features": [
    "ENCODING0",
    "ENCODING1",
    "ENCODING2",
    "ENCODING3"
  ],
  "dimension": 4,
  "fit_metrics": {
    "nll_regul_tau": 12489.2587890625,
    "nll_regul_xi": 747.1962890625,
    "nll_regul_sources": 3549.3447265625,
    "nll_regul_tot": 16785.796875,
    "nll_attach": -34843.78125,
    "nll_tot": -18057.978515625
  },
  "noise_model": {
    "name": "gaussian-diagonal",
    "scale": [
      0.20678061246871948,
      0.021905669942498207,
      0.2551284432411194,
      0.020438311621546745
    ]
  },
  "parameters": {
    "g": [
      -0.04836030304431915,
      -0.06904543936252594,
      4.544847569955579e-25,
      0.45153364539146423
    ],
    "v0": [
      -19.32071304321289,
      -19.099849700927734,
      -18.25482940673828,
      -17.835433959960938
    ],
    "betas": [
      [
        -0.3433187007904053,
        -0.05084297060966492,
        0.05198408290743828
      ],
      [
        -0.0888471007347107,
        0.1772640198469162,
        -0.04752684012055397
      ],
      [
        0.10390693694353104,
        -0.1565643548965454,
        0.03114474005997181
      ]
    ],
    "tau_mean": -2777567.0,
    "tau_std": 13563064.0,
    "xi_mean": 0.0,
    "xi_std": 0.7036154866218567,
    "sources_mean": 0.0,
    "sources_std": 1.0,
    "mixing_matrix": [
      [
        0.04115778207778931,
        0.04349455237388611,
        -0.011660381220281124
      ],
      [
        -0.33544790744781494,
        -0.042525310069322586,
        0.04975421726703644
      ],
      [
        -0.0705237090587616,
        0.19662775099277496,
        -0.05271802842617035
      ],
      [
        0.1317775845527649,
        -0.12711133062839508,
        0.02324872836470604
      ]
    ]
  },
  "source_dimension": 3
}