{
  "leaspy_version": "1.5.0",
  "name": "linear",
  "features": [
    "ENCODING0",
    "ENCODING1",
    "ENCODING2",
    "ENCODING3"
  ],
  "dimension": 4,
  "fit_metrics": {
    "nll_regul_tau": 21484.466796875,
    "nll_regul_xi": 863.4548950195312,
    "nll_regul_sources": 4191.3984375,
    "nll_regul_tot": 26539.3203125,
    "nll_attach": -43644.69140625,
    "nll_tot": -17105.3671875
  },
  "noise_model": {
    "name": "gaussian-diagonal",
    "scale": [
      0.019542183727025986,
      0.26002398133277893,
      0.25366485118865967,
      0.011362421326339245
    ]
  },
  "parameters": {
    "g": [
      -0.30239924788475037,
      3.5380193219580747e-10,
      -3.566114587059011e-15,
      -0.02006920613348484
    ],
    "v0": [
      -26.57488250732422,
      -26.948951721191406,
      -47.91873550415039,
      -27.118223190307617
    ],
    "betas": [
      [
        0.34770575165748596,
        0.03550618514418602,
        0.14968320727348328
      ],
      [
        0.006671253126114607,
        0.007322216406464577,
        -0.019101006910204887
      ],
      [
        -0.01298177894204855,
        0.09345415979623795,
        0.4084654748439789
      ]
    ],
    "tau_mean": -9509464064.0,
    "tau_std": 111428018176.0,
    "xi_mean": 0.0,
    "xi_std": 0.712037205696106,
    "sources_mean": 0.0,
    "sources_std": 1.0,
    "mixing_matrix": [
      [
        -0.17216172814369202,
        -0.05849110335111618,
        -0.25283563137054443
      ],
      [
        0.2972128391265869,
        0.018351465463638306,
        0.07552963495254517
      ],
      [
        0.006671253126114607,
        0.007322216406464577,
        -0.019101006910204887
      ],
      [
        -0.05561191961169243,
        0.0789707750082016,
        0.3458591103553772
      ]
    ]
  },
  "source_dimension": 3
}