{
  "leaspy_version": "1.5.0",
  "name": "linear",
  "features": [
    "ENCODING0",
    "ENCODING1",
    "ENCODING2",
    "ENCODING3"
  ],
  "dimension": 4,
  "fit_metrics": {
    "nll_regul_tau": 2694.05810546875,
    "nll_regul_xi": -141.40403747558594,
    "nll_regul_sources": 3913.5263671875,
    "nll_regul_tot": 6466.18017578125,
    "nll_attach": -49692.046875,
    "nll_tot": -43225.87109375
  },
  "noise_model": {
    "name": "gaussian-diagonal",
    "scale": [
      0.009271188639104366,
      0.05159732326865196,
      0.021890539675951004,
      0.27041560411453247
    ]
  },
  "parameters": {
    "g": [
      0.006707960739731789,
      0.36847788095474243,
      -0.09233482927083969,
      -0.15663723647594452
    ],
    "v0": [
      -6.9895453453063965,
      -9.40556526184082,
      -3.2919349670410156,
      -4.620391368865967
    ],
    "betas": [
      [
        -0.18095403909683228,
        -0.1059778481721878,
        0.01614185981452465
      ],
      [
        -0.048252008855342865,
        -0.3449515402317047,
        0.18944618105888367
      ],
      [
        0.005075723864138126,
        -0.08014193922281265,
        0.07050765305757523
      ]
    ],
    "tau_mean": -1.0869699716567993,
    "tau_std": 11.3556489944458,
    "xi_mean": 0.0,
    "xi_std": 0.19771109521389008,
    "sources_mean": 0.0,
    "sources_std": 1.0,
    "mixing_matrix": [
      [
        0.045717522501945496,
        0.3540966212749481,
        -0.20116065442562103
      ],
      [
        -0.1808585822582245,
        -0.10523844510316849,
        0.015721812844276428
      ],
      [
        -0.0051047466695308685,
        -0.010762380436062813,
        -0.00040513649582862854
      ],
      [
        0.016504822298884392,
        0.008380033075809479,
        0.020218733698129654
      ]
    ]
  },
  "source_dimension": 3
}