{
  "leaspy_version": "1.5.0",
  "name": "linear",
  "features": [
    "ENCODING0",
    "ENCODING1",
    "ENCODING2",
    "ENCODING3"
  ],
  "dimension": 4,
  "fit_metrics": {
    "nll_regul_tau": 1574.3914794921875,
    "nll_regul_xi": -634.674072265625,
    "nll_regul_sources": 4175.92431640625,
    "nll_regul_tot": 5115.6416015625,
    "nll_attach": -59022.984375,
    "nll_tot": -53907.3359375
  },
  "noise_model": {
    "name": "gaussian-diagonal",
    "scale": [
      0.014745326712727547,
      0.05592680349946022,
      0.028376847505569458,
      0.03190113976597786
    ]
  },
  "parameters": {
    "g": [
      -0.03496510535478592,
      -0.17700889706611633,
      0.05717511475086212,
      -0.02247319184243679
    ],
    "v0": [
      -4.520781517028809,
      -4.958913326263428,
      -9.003292083740234,
      -2.113015651702881
    ],
    "betas": [
      [
        -0.2982712984085083,
        -0.06801783293485641,
        0.013765336945652962
      ],
      [
        -0.2342892438173294,
        0.24705944955348969,
        0.034008949995040894
      ],
      [
        0.03289509937167168,
        -0.139000803232193,
        0.3650750517845154
      ]
    ],
    "tau_mean": -0.18367032706737518,
    "tau_std": 2.293757200241089,
    "xi_mean": 0.0,
    "xi_std": 0.09772238880395889,
    "sources_mean": 0.0,
    "sources_std": 1.0,
    "mixing_matrix": [
      [
        -0.015245214104652405,
        0.1418880671262741,
        -0.3638271987438202
      ],
      [
        -0.29907938838005066,
        -0.060496736317873,
        -0.005520147271454334
      ],
      [
        -0.23430339992046356,
        0.24719122052192688,
        0.0336710549890995
      ],
      [
        0.018981914967298508,
        -0.009510017931461334,
        0.03303675726056099
      ]
    ]
  },
  "source_dimension": 3
}