{
  "leaspy_version": "1.5.0",
  "name": "linear",
  "features": [
    "ENCODING0",
    "ENCODING1",
    "ENCODING2",
    "ENCODING3"
  ],
  "dimension": 4,
  "fit_metrics": {
    "nll_regul_tau": 1615.2857666015625,
    "nll_regul_xi": -567.05322265625,
    "nll_regul_sources": 3908.06005859375,
    "nll_regul_tot": 4956.29150390625,
    "nll_attach": -58708.625,
    "nll_tot": -53752.328125
  },
  "noise_model": {
    "name": "gaussian-diagonal",
    "scale": [
      0.013463819399476051,
      0.11212416738271713,
      0.027857733890414238,
      0.018567752093076706
    ]
  },
  "parameters": {
    "g": [
      3.5602683055913076e-05,
      -0.15553054213523865,
      -0.02550167217850685,
      -0.012894554995000362
    ],
    "v0": [
      -5.260335445404053,
      -8.368929862976074,
      -2.1736934185028076,
      -4.1338276863098145
    ],
    "betas": [
      [
        -0.30113929510116577,
        -0.03931516408920288,
        0.06739138066768646
      ],
      [
        -0.02322063036262989,
        0.3977698087692261,
        0.05051952973008156
      ],
      [
        0.21779562532901764,
        -0.02181452140212059,
        0.27686965465545654
      ]
    ],
    "tau_mean": -0.13075457513332367,
    "tau_std": 2.431748390197754,
    "xi_mean": 0.0,
    "xi_std": 0.1076330617070198,
    "sources_mean": 0.0,
    "sources_std": 1.0,
    "mixing_matrix": [
      [
        -0.00676577165722847,
        -0.3903612792491913,
        -0.08868423104286194
      ],
      [
        -0.3011523485183716,
        -0.040068548172712326,
        0.06722022593021393
      ],
      [
        -0.029624231159687042,
        0.028304629027843475,
        -0.03341742232441902
      ],
      [
        0.2168937474489212,
        -0.07384981215000153,
        0.26504799723625183
      ]
    ]
  },
  "source_dimension": 3
}