{
  "leaspy_version": "1.5.0",
  "name": "linear",
  "features": [
    "ENCODING0",
    "ENCODING1",
    "ENCODING2",
    "ENCODING3"
  ],
  "dimension": 4,
  "fit_metrics": {
    "nll_regul_tau": 1562.4266357421875,
    "nll_regul_xi": -622.5242919921875,
    "nll_regul_sources": 4229.48681640625,
    "nll_regul_tot": 5169.39013671875,
    "nll_attach": -60887.953125,
    "nll_tot": -55718.56640625
  },
  "noise_model": {
    "name": "gaussian-diagonal",
    "scale": [
      0.05132266506552696,
      0.014973004348576069,
      0.02372921258211136,
      0.03136446699500084
    ]
  },
  "parameters": {
    "g": [
      -0.009332219138741493,
      -0.21049100160598755,
      0.06874468922615051,
      4.327933139907508e-14
    ],
    "v0": [
      -4.7516584396362305,
      -4.7079243659973145,
      -9.508399963378906,
      -2.11415433883667
    ],
    "betas": [
      [
        -0.329507440328598,
        0.0092852134257555,
        -0.0645403116941452
      ],
      [
        -0.14831669628620148,
        0.3067328631877899,
        -0.06308907270431519
      ],
      [
        0.06195327267050743,
        -0.12002392113208771,
        -0.2961733043193817
      ]
    ],
    "tau_mean": 0.01978265680372715,
    "tau_std": 2.2548842430114746,
    "xi_mean": 0.0,
    "xi_std": 0.09943389892578125,
    "sources_mean": 0.0,
    "sources_std": 1.0,
    "mixing_matrix": [
      [
        -0.037037745118141174,
        0.11850881576538086,
        0.29943734407424927
      ],
      [
        -0.3320779502391815,
        0.01750999689102173,
        -0.043758682906627655
      ],
      [
        -0.14833784103393555,
        0.30680051445961,
        -0.06291812658309937
      ],
      [
        0.027559619396924973,
        -0.00997534953057766,
        -0.018112532794475555
      ]
    ]
  },
  "source_dimension": 3
}