{
  "leaspy_version": "1.5.0",
  "name": "linear",
  "features": [
    "ENCODING0",
    "ENCODING1",
    "ENCODING2",
    "ENCODING3"
  ],
  "dimension": 4,
  "fit_metrics": {
    "nll_regul_tau": 1569.8004150390625,
    "nll_regul_xi": -600.845703125,
    "nll_regul_sources": 3994.1201171875,
    "nll_regul_tot": 4963.07568359375,
    "nll_attach": -54447.08984375,
    "nll_tot": -49484.01953125
  },
  "noise_model": {
    "name": "gaussian-diagonal",
    "scale": [
      0.014463527128100395,
      0.019853590056300163,
      0.15440432727336884,
      0.032377537339925766
    ]
  },
  "parameters": {
    "g": [
      -0.05549604445695877,
      -0.18047091364860535,
      0.022057434543967247,
      -0.019548973068594933
    ],
    "v0": [
      -4.522428512573242,
      -4.861976623535156,
      -6.461280822753906,
      -2.1097166538238525
    ],
    "betas": [
      [
        -0.29102280735969543,
        -0.019770599901676178,
        0.12290696799755096
      ],
      [
        -0.08291836827993393,
        0.11964333057403564,
        0.3140419125556946
      ],
      [
        0.03214661404490471,
        -0.4009861350059509,
        0.07571596652269363
      ]
    ],
    "tau_mean": -0.14831508696079254,
    "tau_std": 2.2787561416625977,
    "xi_mean": 0.0,
    "xi_std": 0.10256052762269974,
    "sources_mean": 0.0,
    "sources_std": 1.0,
    "mixing_matrix": [
      [
        -0.012439597398042679,
        0.3982718884944916,
        -0.08707034587860107
      ],
      [
        -0.29174691438674927,
        0.003414219245314598,
        0.1178382933139801
      ],
      [
        -0.08306468278169632,
        0.12432752549648285,
        0.313017874956131
      ],
      [
        0.02079332247376442,
        -0.037493959069252014,
        -0.0037508253008127213
      ]
    ]
  },
  "source_dimension": 3
}