{
  "leaspy_version": "1.5.0",
  "name": "linear",
  "features": [
    "ENCODING0",
    "ENCODING1",
    "ENCODING2",
    "ENCODING3"
  ],
  "dimension": 4,
  "fit_metrics": {
    "nll_regul_tau": 1572.7384033203125,
    "nll_regul_xi": -405.2279968261719,
    "nll_regul_sources": 4044.10888671875,
    "nll_regul_tot": 5211.61962890625,
    "nll_attach": -55639.9609375,
    "nll_tot": -50428.34765625
  },
  "noise_model": {
    "name": "gaussian-diagonal",
    "scale": [
      0.010735539719462395,
      0.19747957587242126,
      0.03183794021606445,
      0.017938153818249702
    ]
  },
  "parameters": {
    "g": [
      0.18351012468338013,
      -0.27813681960105896,
      0.22895780205726624,
      -0.1170172467827797
    ],
    "v0": [
      -6.37055778503418,
      -4.011530876159668,
      -2.143465995788574,
      -7.025822639465332
    ],
    "betas": [
      [
        0.1570185124874115,
        -0.12944470345973969,
        0.02640465833246708
      ],
      [
        0.06521755456924438,
        0.36390045285224915,
        -0.15825165808200836
      ],
      [
        -0.14556542038917542,
        0.15719127655029297,
        0.25195518136024475
      ]
    ],
    "tau_mean": 0.7344571948051453,
    "tau_std": 2.2883477210998535,
    "xi_mean": 0.0,
    "xi_std": 0.13562768697738647,
    "sources_mean": 0.0,
    "sources_std": 1.0,
    "mixing_matrix": [
      [
        -0.08731484413146973,
        -0.341015100479126,
        0.1504610925912857
      ],
      [
        0.14388428628444672,
        -0.18074145913124084,
        0.04903757572174072
      ],
      [
        -0.019836436957120895,
        0.031715258955955505,
        -0.01168646477162838
      ],
      [
        -0.14621005952358246,
        0.15467360615730286,
        0.2530660033226013
      ]
    ]
  },
  "source_dimension": 3
}