{
  "leaspy_version": "1.5.0",
  "name": "linear",
  "features": [
    "ENCODING0",
    "ENCODING1",
    "ENCODING2",
    "ENCODING3"
  ],
  "dimension": 4,
  "fit_metrics": {
    "nll_regul_tau": 5136.28125,
    "nll_regul_xi": 879.8616943359375,
    "nll_regul_sources": 3746.222412109375,
    "nll_regul_tot": 9762.365234375,
    "nll_attach": -41740.1484375,
    "nll_tot": -31977.779296875
  },
  "noise_model": {
    "name": "gaussian-diagonal",
    "scale": [
      0.24155643582344055,
      0.016877273097634315,
      0.008136153221130371,
      0.2659947872161865
    ]
  },
  "parameters": {
    "g": [
      0.2515369951725006,
      0.2764369249343872,
      -0.0418313704431057,
      9.918659462350107e-16
    ],
    "v0": [
      -11.952704429626465,
      -7.509543418884277,
      -8.431336402893066,
      -7.484088897705078
    ],
    "betas": [
      [
        -0.24574872851371765,
        -0.035879943519830704,
        0.00672510452568531
      ],
      [
        0.03824183717370033,
        0.33146825432777405,
        -0.2149697244167328
      ],
      [
        0.15617430210113525,
        -0.11292658746242523,
        0.055088989436626434
      ]
    ],
    "tau_mean": -34.12186813354492,
    "tau_std": 371.8924560546875,
    "xi_mean": 0.0,
    "xi_std": 0.8504419922828674,
    "sources_mean": 0.0,
    "sources_std": 1.0,
    "mixing_matrix": [
      [
        0.04730603098869324,
        0.013356178998947144,
        0.01498621329665184
      ],
      [
        -0.2141813188791275,
        -0.026967346668243408,
        0.016725435853004456
      ],
      [
        0.05079951509833336,
        0.3350137174129486,
        -0.21099154651165009
      ],
      [
        0.18855556845664978,
        -0.10378421097993851,
        0.06534713506698608
      ]
    ]
  },
  "source_dimension": 3
}