{
  "leaspy_version": "1.5.0",
  "name": "linear",
  "features": [
    "ENCODING0",
    "ENCODING1",
    "ENCODING2",
    "ENCODING3"
  ],
  "dimension": 4,
  "fit_metrics": {
    "nll_regul_tau": 1578.2056884765625,
    "nll_regul_xi": -601.4136962890625,
    "nll_regul_sources": 4106.775390625,
    "nll_regul_tot": 5083.56689453125,
    "nll_attach": -63069.13671875,
    "nll_tot": -57985.5703125
  },
  "noise_model": {
    "name": "gaussian-diagonal",
    "scale": [
      0.02089230902493,
      0.018076153472065926,
      0.03424691781401634,
      0.03238615766167641
    ]
  },
  "parameters": {
    "g": [
      -0.0085001140832901,
      -0.18784599006175995,
      0.09661053121089935,
      -0.10505056381225586
    ],
    "v0": [
      -4.509971618652344,
      -4.755400657653809,
      -8.685652732849121,
      -2.1110143661499023
    ],
    "betas": [
      [
        -0.3486567735671997,
        -0.006565987132489681,
        -0.025902895256876945
      ],
      [
        -0.16653785109519958,
        0.30542540550231934,
        -0.027025669813156128
      ],
      [
        -0.02540094219148159,
        -0.09441796690225601,
        0.3214944303035736
      ]
    ],
    "tau_mean": -0.8431047797203064,
    "tau_std": 2.306290864944458,
    "xi_mean": 0.0,
    "xi_std": 0.10247798264026642,
    "sources_mean": 0.0,
    "sources_std": 1.0,
    "mixing_matrix": [
      [
        0.050073206424713135,
        0.09383650869131088,
        -0.3175123929977417
      ],
      [
        -0.34541502594947815,
        -0.0004909480921924114,
        -0.04645886272192001
      ],
      [
        -0.16647417843341827,
        0.30554473400115967,
        -0.027429360896348953
      ],
      [
        0.020226379856467247,
        -0.008912981487810612,
        0.03217323496937752
      ]
    ]
  },
  "source_dimension": 3
}