{
  "leaspy_version": "1.5.0",
  "name": "linear",
  "features": [
    "ENCODING0",
    "ENCODING1",
    "ENCODING2",
    "ENCODING3"
  ],
  "dimension": 4,
  "fit_metrics": {
    "nll_regul_tau": 7853.8232421875,
    "nll_regul_xi": 748.64599609375,
    "nll_regul_sources": 3902.477783203125,
    "nll_regul_tot": 12504.9482421875,
    "nll_attach": -41767.5625,
    "nll_tot": -29262.61328125
  },
  "noise_model": {
    "name": "gaussian-diagonal",
    "scale": [
      0.2487965077161789,
      0.019182149320840836,
      0.007340662647038698,
      0.2506538927555084
    ]
  },
  "parameters": {
    "g": [
      0.2671602964401245,
      0.2826620638370514,
      2.2833846742287278e-05,
      -0.06039592996239662
    ],
    "v0": [
      -15.114706039428711,
      -11.52488899230957,
      -11.842519760131836,
      -11.422920227050781
    ],
    "betas": [
      [
        0.19683317840099335,
        0.06801144033670425,
        0.0809849202632904
      ],
      [
        -0.0456368662416935,
        0.24217009544372559,
        -0.24616804718971252
      ],
      [
        -0.08109404146671295,
        -0.21435704827308655,
        0.0643785372376442
      ]
    ],
    "tau_mean": -3618.319580078125,
    "tau_std": 18048.361328125,
    "xi_mean": 0.0,
    "xi_std": 0.7050672769546509,
    "sources_mean": 0.0,
    "sources_std": 1.0,
    "mixing_matrix": [
      [
        -0.044457945972681046,
        -0.004163011908531189,
        0.016203921288251877
      ],
      [
        0.17049488425254822,
        0.06554514169692993,
        0.09058462828397751
      ],
      [
        -0.06480775773525238,
        0.24037495255470276,
        -0.23918066918849945
      ],
      [
        -0.11025972664356232,
        -0.21708810329437256,
        0.07500876486301422
      ]
    ]
  },
  "source_dimension": 3
}