{
  "leaspy_version": "1.5.0",
  "name": "linear",
  "features": [
    "ENCODING0",
    "ENCODING1",
    "ENCODING2",
    "ENCODING3"
  ],
  "dimension": 4,
  "fit_metrics": {
    "nll_regul_tau": 1528.2786865234375,
    "nll_regul_xi": -438.42132568359375,
    "nll_regul_sources": 4188.65478515625,
    "nll_regul_tot": 5278.51220703125,
    "nll_attach": -56382.828125,
    "nll_tot": -51104.30859375
  },
  "noise_model": {
    "name": "gaussian-diagonal",
    "scale": [
      0.010526393540203571,
      0.18131685256958008,
      0.030823541805148125,
      0.01850801706314087
    ]
  },
  "parameters": {
    "g": [
      0.2013608068227768,
      -0.22945132851600647,
      0.323234498500824,
      -0.13459765911102295
    ],
    "v0": [
      -5.925271034240723,
      -3.7799763679504395,
      -2.1394519805908203,
      -6.3432512283325195
    ],
    "betas": [
      [
        0.15457960963249207,
        -0.10618491470813751,
        0.05795510113239288
      ],
      [
        0.06992360204458237,
        0.3484587073326111,
        -0.179386705160141
      ],
      [
        -0.15375916659832,
        0.16762299835681915,
        0.2121833711862564
      ]
    ],
    "tau_mean": 1.6042284965515137,
    "tau_std": 2.147526264190674,
    "xi_mean": 0.0,
    "xi_std": 0.12934687733650208,
    "sources_mean": 0.0,
    "sources_std": 1.0,
    "mixing_matrix": [
      [
        -0.09577809274196625,
        -0.32422101497650146,
        0.16190719604492188
      ],
      [
        0.13675320148468018,
        -0.166529580950737,
        0.08808958530426025
      ],
      [
        -0.02202276699244976,
        0.03720853477716446,
        -0.023956816643476486
      ],
      [
        -0.1551327407360077,
        0.1629733145236969,
        0.21450529992580414
      ]
    ]
  },
  "source_dimension": 3
}