{
  "leaspy_version": "1.5.0",
  "name": "linear",
  "features": [
    "ENCODING0",
    "ENCODING1",
    "ENCODING2",
    "ENCODING3"
  ],
  "dimension": 4,
  "fit_metrics": {
    "nll_regul_tau": 1612.6087646484375,
    "nll_regul_xi": -580.8877563476562,
    "nll_regul_sources": 3764.5625,
    "nll_regul_tot": 4796.28369140625,
    "nll_attach": -57461.23828125,
    "nll_tot": -52664.95703125
  },
  "noise_model": {
    "name": "gaussian-diagonal",
    "scale": [
      0.011848979629576206,
      0.0742349624633789,
      0.027215899899601936,
      0.03897535055875778
    ]
  },
  "parameters": {
    "g": [
      -0.0234858226031065,
      -0.14220182597637177,
      -0.0405304990708828,
      -0.054013121873140335
    ],
    "v0": [
      -5.301413059234619,
      -8.574974060058594,
      -2.1640214920043945,
      -4.173880100250244
    ],
    "betas": [
      [
        -0.32405325770378113,
        -0.0669177696108818,
        -0.056083906441926956
      ],
      [
        -0.04103020206093788,
        0.41522350907325745,
        -0.08153323829174042
      ],
      [
        0.07465537637472153,
        0.0551060289144516,
        0.3353320360183716
      ]
    ],
    "tau_mean": -0.32302340865135193,
    "tau_std": 2.422468900680542,
    "xi_mean": 0.0,
    "xi_std": 0.10552751272916794,
    "sources_mean": 0.0,
    "sources_std": 1.0,
    "mixing_matrix": [
      [
        0.031249843537807465,
        -0.41836750507354736,
        0.03632966801524162
      ],
      [
        -0.32400450110435486,
        -0.06757055968046188,
        -0.05602721869945526
      ],
      [
        -0.011360819451510906,
        0.018014926463365555,
        -0.04704093933105469
      ],
      [
        0.07863130420446396,
        0.0018770508468151093,
        0.3399542570114136
      ]
    ]
  },
  "source_dimension": 3
}