{
  "leaspy_version": "1.5.0",
  "name": "linear",
  "features": [
    "ENCODING0",
    "ENCODING1",
    "ENCODING2",
    "ENCODING3"
  ],
  "dimension": 4,
  "fit_metrics": {
    "nll_regul_tau": 11002.4140625,
    "nll_regul_xi": 854.02392578125,
    "nll_regul_sources": 3939.565185546875,
    "nll_regul_tot": 15796.0029296875,
    "nll_attach": -45482.03125,
    "nll_tot": -29686.0234375
  },
  "noise_model": {
    "name": "gaussian-diagonal",
    "scale": [
      0.24243108928203583,
      0.017268477007746696,
      0.1688501089811325,
      0.007310906890779734
    ]
  },
  "parameters": {
    "g": [
      0.24493840336799622,
      0.2790985405445099,
      2.1719832285797477e-14,
      -0.17305265367031097
    ],
    "v0": [
      -18.318267822265625,
      -16.806610107421875,
      -16.355173110961914,
      -15.16420841217041
    ],
    "betas": [
      [
        -0.04325200989842415,
        0.25966712832450867,
        -0.04994327947497368
      ],
      [
        -0.33082258701324463,
        -0.023147132247686386,
        0.00894508883357048
      ],
      [
        0.10888487845659256,
        -0.026889115571975708,
        -0.026525571942329407
      ]
    ],
    "tau_mean": -472436.03125,
    "tau_std": 1621392.0,
    "xi_mean": 0.0,
    "xi_std": 0.81962651014328,
    "sources_mean": 0.0,
    "sources_std": 1.0,
    "mixing_matrix": [
      [
        2.9377639293670654e-05,
        -0.015346348285675049,
        0.031464651226997375
      ],
      [
        -0.04324687644839287,
        0.2569831609725952,
        -0.04444028064608574
      ],
      [
        -0.33081454038619995,
        -0.02736252173781395,
        0.017587916925549507
      ],
      [
        0.1089114248752594,
        -0.040758825838565826,
        0.0019115274772047997
      ]
    ]
  },
  "source_dimension": 3
}