{
  "leaspy_version": "1.5.0",
  "name": "linear",
  "features": [
    "ENCODING0",
    "ENCODING1",
    "ENCODING2",
    "ENCODING3"
  ],
  "dimension": 4,
  "fit_metrics": {
    "nll_regul_tau": 6739.1240234375,
    "nll_regul_xi": 797.9463500976562,
    "nll_regul_sources": 3705.18798828125,
    "nll_regul_tot": 11242.2587890625,
    "nll_attach": -38864.9375,
    "nll_tot": -27622.6796875
  },
  "noise_model": {
    "name": "gaussian-diagonal",
    "scale": [
      0.2508332431316376,
      0.01762283593416214,
      0.009018519893288612,
      0.33357805013656616
    ]
  },
  "parameters": {
    "g": [
      0.24912738800048828,
      0.23167189955711365,
      1.0298868962504981e-13,
      -0.04839093238115311
    ],
    "v0": [
      -13.304487228393555,
      -9.737202644348145,
      -10.73723316192627,
      -9.939788818359375
    ],
    "betas": [
      [
        -0.22001364827156067,
        0.05044230818748474,
        -0.04723016172647476
      ],
      [
        0.21638619899749756,
        0.2912561893463135,
        -0.10946714878082275
      ],
      [
        0.12107908725738525,
        -0.18055351078510284,
        0.10000838339328766
      ]
    ],
    "tau_mean": -949.2438354492188,
    "tau_std": 3671.60009765625,
    "xi_mean": 0.0,
    "xi_std": 0.7565189003944397,
    "sources_mean": 0.0,
    "sources_std": 1.0,
    "mixing_matrix": [
      [
        0.030934147536754608,
        -0.007554098963737488,
        0.004342708736658096
      ],
      [
        -0.1974502056837082,
        0.044932328164577484,
        -0.044062577188014984
      ],
      [
        0.22468656301498413,
        0.28922921419143677,
        -0.10830189287662506
      ],
      [
        0.13950476050376892,
        -0.1850530505180359,
        0.10259508341550827
      ]
    ]
  },
  "source_dimension": 3
}