{
  "leaspy_version": "1.5.0",
  "name": "linear",
  "features": [
    "ENCODING0",
    "ENCODING1",
    "ENCODING2",
    "ENCODING3"
  ],
  "dimension": 4,
  "fit_metrics": {
    "nll_regul_tau": 1614.267333984375,
    "nll_regul_xi": -554.4261474609375,
    "nll_regul_sources": 3958.46728515625,
    "nll_regul_tot": 5018.30810546875,
    "nll_attach": -55112.11328125,
    "nll_tot": -50093.80859375
  },
  "noise_model": {
    "name": "gaussian-diagonal",
    "scale": [
      0.012036611326038837,
      0.19898515939712524,
      0.027493849396705627,
      0.019825901836156845
    ]
  },
  "parameters": {
    "g": [
      -0.03909601643681526,
      -0.12332301586866379,
      -0.020895950496196747,
      -0.03564675524830818
    ],
    "v0": [
      -5.2608113288879395,
      -7.478707790374756,
      -2.166149139404297,
      -4.2084503173828125
    ],
    "betas": [
      [
        -0.2237130105495453,
        0.03773335739970207,
        0.10666671395301819
      ],
      [
        0.0032247849740087986,
        0.404361367225647,
        -0.13375303149223328
      ],
      [
        0.25411999225616455,
        0.04828585311770439,
        0.22269411385059357
      ]
    ],
    "tau_mean": -0.14638188481330872,
    "tau_std": 2.428213119506836,
    "xi_mean": 0.0,
    "xi_std": 0.10959232598543167,
    "sources_mean": 0.0,
    "sources_std": 1.0,
    "mixing_matrix": [
      [
        -0.034761928021907806,
        -0.4069823920726776,
        0.10336466133594513
      ],
      [
        -0.22387546300888062,
        0.0358312614262104,
        0.10714980959892273
      ],
      [
        -0.02973431721329689,
        0.01848589815199375,
        -0.03574906662106514
      ],
      [
        0.24984420835971832,
        -0.0017737112939357758,
        0.23540814220905304
      ]
    ]
  },
  "source_dimension": 3
}