{
  "leaspy_version": "1.5.0",
  "name": "linear",
  "features": [
    "ENCODING0",
    "ENCODING1",
    "ENCODING2",
    "ENCODING3"
  ],
  "dimension": 4,
  "fit_metrics": {
    "nll_regul_tau": 1545.3623046875,
    "nll_regul_xi": -450.6202392578125,
    "nll_regul_sources": 3926.369873046875,
    "nll_regul_tot": 5021.111328125,
    "nll_attach": -58631.65625,
    "nll_tot": -53610.546875
  },
  "noise_model": {
    "name": "gaussian-diagonal",
    "scale": [
      0.013022023253142834,
      0.13743962347507477,
      0.030412321910262108,
      0.014507469721138477
    ]
  },
  "parameters": {
    "g": [
      0.2225070595741272,
      -0.24614888429641724,
      0.25385069847106934,
      -0.09767436236143112
    ],
    "v0": [
      -5.486487865447998,
      -3.9893958568573,
      -2.1494815349578857,
      -6.068747520446777
    ],
    "betas": [
      [
        -0.04581864923238754,
        -0.242015078663826,
        -0.04637725651264191
      ],
      [
        0.3842204213142395,
        0.17920005321502686,
        0.029055284336209297
      ],
      [
        -0.04348193481564522,
        0.23531122505664825,
        -0.24604208767414093
      ]
    ],
    "tau_mean": 1.0041069984436035,
    "tau_std": 2.200577735900879,
    "xi_mean": 0.0,
    "xi_std": 0.12711231410503387,
    "sources_mean": 0.0,
    "sources_std": 1.0,
    "mixing_matrix": [
      [
        -0.37112393975257874,
        -0.1435163915157318,
        -0.01658237911760807
      ],
      [
        -0.10201676189899445,
        -0.26374730467796326,
        -0.048888273537158966
      ],
      [
        0.030397210270166397,
        0.04237397015094757,
        0.013245927169919014
      ],
      [
        -0.050507329404354095,
        0.23259446024894714,
        -0.24635599553585052
      ]
    ]
  },
  "source_dimension": 3
}