{
  "leaspy_version": "1.5.0",
  "name": "linear",
  "features": [
    "ENCODING0",
    "ENCODING1",
    "ENCODING2",
    "ENCODING3"
  ],
  "dimension": 4,
  "fit_metrics": {
    "nll_regul_tau": 1611.3009033203125,
    "nll_regul_xi": -555.8274536132812,
    "nll_regul_sources": 4013.592041015625,
    "nll_regul_tot": 5069.06689453125,
    "nll_attach": -56467.9140625,
    "nll_tot": -51398.8359375
  },
  "noise_model": {
    "name": "gaussian-diagonal",
    "scale": [
      0.012861676514148712,
      0.14535845816135406,
      0.028534958139061928,
      0.020161699503660202
    ]
  },
  "parameters": {
    "g": [
      -0.03999168053269386,
      -0.1536300629377365,
      -0.02238599956035614,
      -0.07536586374044418
    ],
    "v0": [
      -5.1761651039123535,
      -8.148691177368164,
      -2.1669857501983643,
      -4.067282676696777
    ],
    "betas": [
      [
        -0.151687353849411,
        0.08742061257362366,
        0.1952926516532898
      ],
      [
        0.18263721466064453,
        0.3720204830169678,
        -0.039738114923238754
      ],
      [
        0.3027436137199402,
        -0.12000586092472076,
        0.13684165477752686
      ]
    ],
    "tau_mean": -0.19854064285755157,
    "tau_std": 2.4179494380950928,
    "xi_mean": 0.0,
    "xi_std": 0.10937409847974777,
    "sources_mean": 0.0,
    "sources_std": 1.0,
    "mixing_matrix": [
      [
        -0.22475217282772064,
        -0.3499845862388611,
        0.018555298447608948
      ],
      [
        -0.15222179889678955,
        0.08658838272094727,
        0.19533678889274597
      ],
      [
        -0.029062621295452118,
        0.04236104339361191,
        -0.022260401397943497
      ],
      [
        0.2710893750190735,
        -0.1692979335784912,
        0.13945499062538147
      ]
    ]
  },
  "source_dimension": 3
}