{
  "leaspy_version": "1.5.0",
  "name": "linear",
  "features": [
    "ENCODING0",
    "ENCODING1",
    "ENCODING2",
    "ENCODING3"
  ],
  "dimension": 4,
  "fit_metrics": {
    "nll_regul_tau": 1548.839111328125,
    "nll_regul_xi": -441.9932556152344,
    "nll_regul_sources": 4160.61328125,
    "nll_regul_tot": 5267.45947265625,
    "nll_attach": -55654.953125,
    "nll_tot": -50387.4921875
  },
  "noise_model": {
    "name": "gaussian-diagonal",
    "scale": [
      0.011593076400458813,
      0.2414856255054474,
      0.03089022822678089,
      0.013970432803034782
    ]
  },
  "parameters": {
    "g": [
      0.20724175870418549,
      -0.2756911814212799,
      0.26623356342315674,
      -0.11856462061405182
    ],
    "v0": [
      -6.006036758422852,
      -3.900282144546509,
      -2.141348123550415,
      -6.271370887756348
    ],
    "betas": [
      [
        0.14704035222530365,
        -0.11380765587091446,
        0.025385478511452675
      ],
      [
        0.025869037955999374,
        0.33626195788383484,
        -0.15541207790374756
      ],
      [
        -0.15994155406951904,
        0.1555754542350769,
        0.24548283219337463
      ]
    ],
    "tau_mean": 1.098427176475525,
    "tau_std": 2.2115371227264404,
    "xi_mean": 0.0,
    "xi_std": 0.1286882907152176,
    "sources_mean": 0.0,
    "sources_std": 1.0,
    "mixing_matrix": [
      [
        -0.04789959639310837,
        -0.31442564725875854,
        0.14490865170955658
      ],
      [
        0.13907763361930847,
        -0.16607707738876343,
        0.049474768340587616
      ],
      [
        -0.020364463329315186,
        0.0327729806303978,
        -0.01554377656430006
      ],
      [
        -0.16068510711193085,
        0.1506945788860321,
        0.2477322816848755
      ]
    ]
  },
  "source_dimension": 3
}