{
  "leaspy_version": "1.5.0",
  "name": "linear",
  "features": [
    "ENCODING0",
    "ENCODING1",
    "ENCODING2",
    "ENCODING3"
  ],
  "dimension": 4,
  "fit_metrics": {
    "nll_regul_tau": 1631.697998046875,
    "nll_regul_xi": -549.6055908203125,
    "nll_regul_sources": 3843.81640625,
    "nll_regul_tot": 4925.91015625,
    "nll_attach": -58235.34375,
    "nll_tot": -53309.4375
  },
  "noise_model": {
    "name": "gaussian-diagonal",
    "scale": [
      0.015940453857183456,
      0.10434111207723618,
      0.02807907946407795,
      0.01789240352809429
    ]
  },
  "parameters": {
    "g": [
      -0.06392849236726761,
      -0.14123328030109406,
      -0.0347558930516243,
      -0.0590318962931633
    ],
    "v0": [
      -5.239333152770996,
      -9.138327598571777,
      -2.1737112998962402,
      -4.169641494750977
    ],
    "betas": [
      [
        -0.26674705743789673,
        0.12654097378253937,
        0.025975210592150688
      ],
      [
        0.18299156427383423,
        0.365090012550354,
        0.04520375654101372
      ],
      [
        0.16711367666721344,
        -0.1277654767036438,
        0.3374207615852356
      ]
    ],
    "tau_mean": -0.2913753092288971,
    "tau_std": 2.489439010620117,
    "xi_mean": 0.0,
    "xi_std": 0.1103503406047821,
    "sources_mean": 0.0,
    "sources_std": 1.0,
    "mixing_matrix": [
      [
        -0.2033601999282837,
        -0.3443126976490021,
        -0.09015381336212158
      ],
      [
        -0.26692885160446167,
        0.12623320519924164,
        0.02589462324976921
      ],
      [
        -0.0094218198210001,
        0.039311572909355164,
        -0.040097109973430634
      ],
      [
        0.14096716046333313,
        -0.1720345914363861,
        0.3258294463157654
      ]
    ]
  },
  "source_dimension": 3
}