{
  "leaspy_version": "1.5.0",
  "name": "linear",
  "features": [
    "ENCODING0",
    "ENCODING1",
    "ENCODING2",
    "ENCODING3"
  ],
  "dimension": 4,
  "fit_metrics": {
    "nll_regul_tau": 29538.94921875,
    "nll_regul_xi": 791.16650390625,
    "nll_regul_sources": 3890.47119140625,
    "nll_regul_tot": 34220.5859375,
    "nll_attach": -48499.30859375,
    "nll_tot": -14278.7197265625
  },
  "noise_model": {
    "name": "gaussian-diagonal",
    "scale": [
      0.01329568587243557,
      0.008934986777603626,
      0.2563973367214203,
      0.11025190353393555
    ]
  },
  "parameters": {
    "g": [
      0.05246865376830101,
      0.028003843501210213,
      1.0577024126330166e-36,
      0.30774638056755066
    ],
    "v0": [
      -42.98115921020508,
      -41.7562141418457,
      -44.02006530761719,
      -42.689022064208984
    ],
    "betas": [
      [
        -0.07375240325927734,
        -0.4210478961467743,
        0.14153970777988434
      ],
      [
        -0.014117938466370106,
        -0.0780903622508049,
        0.04230492562055588
      ],
      [
        -0.2147234082221985,
        -0.05379249155521393,
        0.052515435963869095
      ]
    ],
    "tau_mean": -1.86900333723648e+16,
    "tau_std": 5.13263160401068e+17,
    "xi_mean": 0.0,
    "xi_std": 0.74923175573349,
    "sources_mean": 0.0,
    "sources_std": 1.0,
    "mixing_matrix": [
      [
        0.1427331119775772,
        0.40247997641563416,
        -0.14889729022979736
      ],
      [
        0.027286047115921974,
        -0.13613887131214142,
        0.03613773360848427
      ],
      [
        -0.0036150538362562656,
        -0.04847424104809761,
        0.03134845569729805
      ],
      [
        -0.1749700903892517,
        0.05830421671271324,
        0.011045306921005249
      ]
    ]
  },
  "source_dimension": 3
}