{
  "leaspy_version": "1.5.0",
  "name": "linear",
  "features": [
    "ENCODING0",
    "ENCODING1",
    "ENCODING2",
    "ENCODING3"
  ],
  "dimension": 4,
  "fit_metrics": {
    "nll_regul_tau": 1621.022216796875,
    "nll_regul_xi": -558.1978759765625,
    "nll_regul_sources": 3998.81201171875,
    "nll_regul_tot": 5061.6357421875,
    "nll_attach": -56143.44140625,
    "nll_tot": -51081.796875
  },
  "noise_model": {
    "name": "gaussian-diagonal",
    "scale": [
      0.013148629106581211,
      0.17235757410526276,
      0.028230518102645874,
      0.017609471455216408
    ]
  },
  "parameters": {
    "g": [
      -0.005794408265501261,
      -0.14888609945774078,
      -0.027158306911587715,
      -0.010906241834163666
    ],
    "v0": [
      -5.2516093254089355,
      -8.103836059570312,
      -2.1693568229675293,
      -4.220965385437012
    ],
    "betas": [
      [
        0.057114262133836746,
        0.0718485414981842,
        0.23899847269058228
      ],
      [
        0.41360577940940857,
        -0.03176209330558777,
        -0.035642556846141815
      ],
      [
        -0.01826518401503563,
        -0.3424331247806549,
        0.006356389261782169
      ]
    ],
    "tau_mean": -0.20181921124458313,
    "tau_std": 2.4517598152160645,
    "xi_mean": 0.0,
    "xi_std": 0.10900422930717468,
    "sources_mean": 0.0,
    "sources_std": 1.0,
    "mixing_matrix": [
      [
        -0.40762993693351746,
        0.07488982379436493,
        0.033878933638334274
      ],
      [
        0.0560917928814888,
        0.07203639298677444,
        0.23908346891403198
      ],
      [
        0.02727339044213295,
        0.03921494632959366,
        -0.0035337035078555346
      ],
      [
        -0.06791970878839493,
        -0.333310604095459,
        0.010483276098966599
      ]
    ]
  },
  "source_dimension": 3
}