{
  "leaspy_version": "1.5.0",
  "name": "linear",
  "features": [
    "ENCODING0",
    "ENCODING1",
    "ENCODING2",
    "ENCODING3"
  ],
  "dimension": 4,
  "fit_metrics": {
    "nll_regul_tau": 1501.7120361328125,
    "nll_regul_xi": -458.5801696777344,
    "nll_regul_sources": 4054.587890625,
    "nll_regul_tot": 5097.7197265625,
    "nll_attach": -60842.25390625,
    "nll_tot": -55744.53125
  },
  "noise_model": {
    "name": "gaussian-diagonal",
    "scale": [
      0.023747943341732025,
      0.07441362738609314,
      0.030357224866747856,
      0.010729853063821793
    ]
  },
  "parameters": {
    "g": [
      0.20097056031227112,
      -0.2569361925125122,
      0.3446035087108612,
      -0.08168625086545944
    ],
    "v0": [
      -5.689411163330078,
      -3.870269298553467,
      -2.138793706893921,
      -6.55932092666626
    ],
    "betas": [
      [
        -0.07610449939966202,
        -0.23731482028961182,
        -0.05733194947242737
      ],
      [
        0.36252808570861816,
        0.17219161987304688,
        -0.015185107477009296
      ],
      [
        0.053356900811195374,
        0.07076098024845123,
        0.3375670909881592
      ]
    ],
    "tau_mean": 1.804656982421875,
    "tau_std": 2.067549228668213,
    "xi_mean": 0.0,
    "xi_std": 0.12567473948001862,
    "sources_mean": 0.0,
    "sources_std": 1.0,
    "mixing_matrix": [
      [
        -0.34418225288391113,
        -0.12896592915058136,
        0.020938433706760406
      ],
      [
        -0.13442397117614746,
        -0.25916728377342224,
        -0.053784068673849106
      ],
      [
        0.03308241441845894,
        0.04874752461910248,
        0.004856822080910206
      ],
      [
        0.04939436540007591,
        0.06927620619535446,
        0.33780813217163086
      ]
    ]
  },
  "source_dimension": 3
}