{
  "leaspy_version": "1.5.0",
  "name": "linear",
  "features": [
    "ENCODING0",
    "ENCODING1",
    "ENCODING2",
    "ENCODING3"
  ],
  "dimension": 4,
  "fit_metrics": {
    "nll_regul_tau": 1543.63916015625,
    "nll_regul_xi": -441.2795715332031,
    "nll_regul_sources": 4310.45849609375,
    "nll_regul_tot": 5412.81689453125,
    "nll_attach": -66643.5546875,
    "nll_tot": -61230.7421875
  },
  "noise_model": {
    "name": "gaussian-diagonal",
    "scale": [
      0.015143242664635181,
      0.028843741863965988,
      0.029658114537596703,
      0.019403601065278053
    ]
  },
  "parameters": {
    "g": [
      0.20341451466083527,
      -0.2297639101743698,
      0.25179678201675415,
      -0.10634173452854156
    ],
    "v0": [
      -5.9209303855896,
      -3.829658031463623,
      -2.1555540561676025,
      -6.615075588226318
    ],
    "betas": [
      [
        -0.059987835586071014,
        -0.23668871819972992,
        -0.09406118839979172
      ],
      [
        0.038885120302438736,
        0.06522904336452484,
        0.3457508087158203
      ],
      [
        0.29840603470802307,
        0.12272785604000092,
        0.013039307668805122
      ]
    ],
    "tau_mean": 1.022316336631775,
    "tau_std": 2.195164203643799,
    "xi_mean": 0.0,
    "xi_std": 0.12881965935230255,
    "sources_mean": 0.0,
    "sources_std": 1.0,
    "mixing_matrix": [
      [
        -0.030548490583896637,
        -0.02188674919307232,
        -0.3225419223308563
      ],
      [
        -0.06548985838890076,
        -0.24063068628311157,
        -0.15215352177619934
      ],
      [
        0.009537250734865665,
        0.04420249164104462,
        0.03588549792766571
      ],
      [
        0.29806652665138245,
        0.12248463183641434,
        0.009454818442463875
      ]
    ]
  },
  "source_dimension": 3
}