{
  "leaspy_version": "1.5.0",
  "name": "linear",
  "features": [
    "ENCODING0",
    "ENCODING1",
    "ENCODING2",
    "ENCODING3"
  ],
  "dimension": 4,
  "fit_metrics": {
    "nll_regul_tau": 19231.478515625,
    "nll_regul_xi": 741.7631225585938,
    "nll_regul_sources": 3605.985595703125,
    "nll_regul_tot": 23579.224609375,
    "nll_attach": -36963.64453125,
    "nll_tot": -13384.4189453125
  },
  "noise_model": {
    "name": "gaussian-diagonal",
    "scale": [
      0.01452728919684887,
      0.3461843430995941,
      0.2828589975833893,
      0.012268361635506153
    ]
  },
  "parameters": {
    "g": [
      0.0026396585162729025,
      0.057181354612112045,
      2.8435433108434176e-27,
      0.3259924650192261
    ],
    "v0": [
      -29.581138610839844,
      -27.559389114379883,
      -30.014917373657227,
      -27.6531925201416
    ],
    "betas": [
      [
        -0.19537727534770966,
        -0.35042843222618103,
        0.16962596774101257
      ],
      [
        -0.036535438150167465,
        -0.06032723933458328,
        0.02891525812447071
      ],
      [
        0.012570478022098541,
        -0.16715030372142792,
        0.280536949634552
      ]
    ],
    "tau_mean": 13720470528.0,
    "tau_std": 206713700352.0,
    "xi_mean": 0.0,
    "xi_std": 0.6981651782989502,
    "sources_mean": 0.0,
    "sources_std": 1.0,
    "mixing_matrix": [
      [
        0.13739235699176788,
        0.37294724583625793,
        -0.31399720907211304
      ],
      [
        -0.1034134104847908,
        -0.10079538077116013,
        -0.040548719465732574
      ],
      [
        -0.028643295168876648,
        -0.03890426456928253,
        0.010878514498472214
      ],
      [
        0.09630005061626434,
        0.06013102829456329,
        0.08918093144893646
      ]
    ]
  },
  "source_dimension": 3
}