{
  "leaspy_version": "1.5.0",
  "name": "linear",
  "features": [
    "ENCODING0",
    "ENCODING1",
    "ENCODING2",
    "ENCODING3"
  ],
  "dimension": 4,
  "fit_metrics": {
    "nll_regul_tau": 1620.6031494140625,
    "nll_regul_xi": -560.5588989257812,
    "nll_regul_sources": 3916.685546875,
    "nll_regul_tot": 4976.72998046875,
    "nll_attach": -58100.64453125,
    "nll_tot": -53123.9140625
  },
  "noise_model": {
    "name": "gaussian-diagonal",
    "scale": [
      0.013655442744493484,
      0.11763159930706024,
      0.027859611436724663,
      0.01903521828353405
    ]
  },
  "parameters": {
    "g": [
      -0.017286596819758415,
      -0.15869805216789246,
      -0.043500468134880066,
      -0.025540513917803764
    ],
    "v0": [
      -5.255517959594727,
      -7.955357074737549,
      -2.165134906768799,
      -4.189711570739746
    ],
    "betas": [
      [
        -0.0014880166854709387,
        0.05243430659174919,
        0.2709487974643707
      ],
      [
        0.43269041180610657,
        0.0040431758388876915,
        0.03457063436508179
      ],
      [
        -0.007629444822669029,
        -0.33945149183273315,
        -0.021245615556836128
      ]
    ],
    "tau_mean": -0.31549033522605896,
    "tau_std": 2.4502947330474854,
    "xi_mean": 0.0,
    "xi_std": 0.10863696783781052,
    "sources_mean": 0.0,
    "sources_std": 1.0,
    "mixing_matrix": [
      [
        -0.42752689123153687,
        0.04023033753037453,
        -0.03228007256984711
      ],
      [
        -0.0027267253026366234,
        0.052550870925188065,
        0.27085524797439575
      ],
      [
        0.027526535093784332,
        0.042169149965047836,
        0.003979062661528587
      ],
      [
        -0.061131224036216736,
        -0.3344169557094574,
        -0.025285223498940468
      ]
    ]
  },
  "source_dimension": 3
}