{
  "leaspy_version": "1.5.0",
  "name": "linear",
  "features": [
    "ENCODING0",
    "ENCODING1",
    "ENCODING2",
    "ENCODING3"
  ],
  "dimension": 4,
  "fit_metrics": {
    "nll_regul_tau": 19673.0859375,
    "nll_regul_xi": 932.427490234375,
    "nll_regul_sources": 3586.078125,
    "nll_regul_tot": 24191.59375,
    "nll_attach": -43458.625,
    "nll_tot": -19267.03515625
  },
  "noise_model": {
    "name": "gaussian-diagonal",
    "scale": [
      0.21073627471923828,
      0.018731389194726944,
      0.26188141107559204,
      0.006678920239210129
    ]
  },
  "parameters": {
    "g": [
      0.2175343930721283,
      0.29949110746383667,
      3.598377463585979e-27,
      -0.008663139306008816
    ],
    "v0": [
      -32.50101089477539,
      -30.153451919555664,
      -28.305673599243164,
      -27.77784538269043
    ],
    "betas": [
      [
        -0.2627425491809845,
        0.008964035660028458,
        -0.0099722221493721
      ],
      [
        0.003838262055069208,
        0.3742023706436157,
        -0.1369953751564026
      ],
      [
        -0.017813991755247116,
        -0.24303898215293884,
        0.06285350024700165
      ]
    ],
    "tau_mean": 4703896576.0,
    "tau_std": 388468637696.0,
    "xi_mean": 0.0,
    "xi_std": 0.916764497756958,
    "sources_mean": 0.0,
    "sources_std": 1.0,
    "mixing_matrix": [
      [
        0.034319207072257996,
        0.0184323787689209,
        0.016213510185480118
      ],
      [
        -0.2600243389606476,
        0.010423952713608742,
        -0.008688047528266907
      ],
      [
        0.021087266504764557,
        0.38346660137176514,
        -0.12884637713432312
      ],
      [
        0.011427323333919048,
        -0.22733385860919952,
        0.07666804641485214
      ]
    ]
  },
  "source_dimension": 3
}