{
  "leaspy_version": "1.5.0",
  "name": "linear",
  "features": [
    "ENCODING0",
    "ENCODING1",
    "ENCODING2",
    "ENCODING3"
  ],
  "dimension": 4,
  "fit_metrics": {
    "nll_regul_tau": 9439.81640625,
    "nll_regul_xi": 920.1743774414062,
    "nll_regul_sources": 3759.178466796875,
    "nll_regul_tot": 14119.16796875,
    "nll_attach": -47392.50390625,
    "nll_tot": -33273.3359375
  },
  "noise_model": {
    "name": "gaussian-diagonal",
    "scale": [
      0.2436462938785553,
      0.017100021243095398,
      0.14184601604938507,
      0.006656690500676632
    ]
  },
  "parameters": {
    "g": [
      0.23845002055168152,
      0.30482301115989685,
      1.0052666639111078e-14,
      -0.006281277630478144
    ],
    "v0": [
      -16.545257568359375,
      -15.196035385131836,
      -13.949323654174805,
      -12.872379302978516
    ],
    "betas": [
      [
        -0.26491862535476685,
        0.003543175058439374,
        -0.01638423651456833
      ],
      [
        0.04068329557776451,
        0.3577258884906769,
        -0.14171050488948822
      ],
      [
        -0.022352363914251328,
        -0.13755862414836884,
        0.0334051251411438
      ]
    ],
    "tau_mean": 10291.5361328125,
    "tau_std": 173948.203125,
    "xi_mean": 0.0,
    "xi_std": 0.9008604884147644,
    "sources_mean": 0.0,
    "sources_std": 1.0,
    "mixing_matrix": [
      [
        0.032446179538965225,
        0.014471344649791718,
        0.015519972890615463
      ],
      [
        -0.26199498772621155,
        0.004847134463489056,
        -0.014985786750912666
      ],
      [
        0.050854191184043884,
        0.36226221919059753,
        -0.13684546947479248
      ],
      [
        0.007506281137466431,
        -0.12424134463071823,
        0.04768740385770798
      ]
    ]
  },
  "source_dimension": 3
}