{
  "leaspy_version": "1.5.0",
  "name": "linear",
  "features": [
    "ENCODING0",
    "ENCODING1",
    "ENCODING2",
    "ENCODING3"
  ],
  "dimension": 4,
  "fit_metrics": {
    "nll_regul_tau": 1532.67578125,
    "nll_regul_xi": -393.6450500488281,
    "nll_regul_sources": 4263.87744140625,
    "nll_regul_tot": 5402.90771484375,
    "nll_attach": -61534.2265625,
    "nll_tot": -56131.30859375
  },
  "noise_model": {
    "name": "gaussian-diagonal",
    "scale": [
      0.011160826310515404,
      0.029122620820999146,
      0.03200783208012581,
      0.05011444166302681
    ]
  },
  "parameters": {
    "g": [
      0.22227855026721954,
      -0.22954371571540833,
      0.32287096977233887,
      -0.11484548449516296
    ],
    "v0": [
      -5.8817877769470215,
      -3.842193126678467,
      -2.1386733055114746,
      -6.465765953063965
    ],
    "betas": [
      [
        0.0016125034308061004,
        -0.2810570001602173,
        0.029318831861019135
      ],
      [
        0.09388381987810135,
        0.21558035910129547,
        -0.3044569790363312
      ],
      [
        0.23633700609207153,
        0.18005341291427612,
        0.09799028933048248
      ]
    ],
    "tau_mean": 1.5614349842071533,
    "tau_std": 2.1610569953918457,
    "xi_mean": 0.0,
    "xi_std": 0.1378910392522812,
    "sources_mean": 0.0,
    "sources_std": 1.0,
    "mixing_matrix": [
      [
        -0.09569116681814194,
        -0.16403883695602417,
        0.2929059863090515
      ],
      [
        -0.01512961182743311,
        -0.3097572326660156,
        0.08056563138961792
      ],
      [
        0.001915210159495473,
        0.05792291834950447,
        -0.022945532575249672
      ],
      [
        0.2351224720478058,
        0.17797140777111053,
        0.10170789808034897
      ]
    ]
  },
  "source_dimension": 3
}