{
  "leaspy_version": "1.5.0",
  "name": "linear",
  "features": [
    "ENCODING0",
    "ENCODING1",
    "ENCODING2",
    "ENCODING3"
  ],
  "dimension": 4,
  "fit_metrics": {
    "nll_regul_tau": 6426.20263671875,
    "nll_regul_xi": 874.6118774414062,
    "nll_regul_sources": 3660.805908203125,
    "nll_regul_tot": 10961.6220703125,
    "nll_attach": -43025.82421875,
    "nll_tot": -32064.208984375
  },
  "noise_model": {
    "name": "gaussian-diagonal",
    "scale": [
      0.2478562295436859,
      0.01794106885790825,
      0.23714037239551544,
      0.006961459293961525
    ]
  },
  "parameters": {
    "g": [
      0.23524487018585205,
      0.29529762268066406,
      9.212317575446605e-10,
      -0.11203611642122269
    ],
    "v0": [
      -12.463528633117676,
      -10.799704551696777,
      -9.6067533493042,
      -8.762051582336426
    ],
    "betas": [
      [
        -0.2574188709259033,
        0.07946693897247314,
        -0.04261118918657303
      ],
      [
        0.17642751336097717,
        0.3286266028881073,
        -0.13824237883090973
      ],
      [
        -0.0864710584282875,
        -0.1493559181690216,
        0.050559088587760925
      ]
    ],
    "tau_mean": -465.15936279296875,
    "tau_std": 2348.078369140625,
    "xi_mean": 0.0,
    "xi_std": 0.8440903425216675,
    "sources_mean": 0.0,
    "sources_std": 1.0,
    "mixing_matrix": [
      [
        0.04032357782125473,
        -0.0020132064819335938,
        0.013128925114870071
      ],
      [
        -0.25273123383522034,
        0.07923290133476257,
        -0.04108494147658348
      ],
      [
        0.19188173115253448,
        0.32785502076148987,
        -0.1332106590270996
      ],
      [
        -0.050504717975854874,
        -0.1511515974998474,
        0.062269341200590134
      ]
    ]
  },
  "source_dimension": 3
}