{
  "leaspy_version": "1.5.0",
  "name": "linear",
  "features": [
    "ENCODING0",
    "ENCODING1",
    "ENCODING2",
    "ENCODING3"
  ],
  "dimension": 4,
  "fit_metrics": {
    "nll_regul_tau": 1543.7415771484375,
    "nll_regul_xi": -437.213134765625,
    "nll_regul_sources": 4145.828125,
    "nll_regul_tot": 5252.3564453125,
    "nll_attach": -57969.5859375,
    "nll_tot": -52717.23046875
  },
  "noise_model": {
    "name": "gaussian-diagonal",
    "scale": [
      0.015803666785359383,
      0.1692093461751938,
      0.03006746992468834,
      0.010797089897096157
    ]
  },
  "parameters": {
    "g": [
      0.21840053796768188,
      -0.25537124276161194,
      0.256730854511261,
      -0.13412651419639587
    ],
    "v0": [
      -5.842994689941406,
      -4.056461334228516,
      -2.1511008739471436,
      -7.239052772521973
    ],
    "betas": [
      [
        0.08581871539354324,
        -0.03839437663555145,
        0.19544532895088196
      ],
      [
        0.15191543102264404,
        0.2281990647315979,
        -0.2110457569360733
      ],
      [
        -0.2874981760978699,
        0.17754726111888885,
        -0.042331717908382416
      ]
    ],
    "tau_mean": 1.0401681661605835,
    "tau_std": 2.1954867839813232,
    "xi_mean": 0.0,
    "xi_std": 0.12956984341144562,
    "sources_mean": 0.0,
    "sources_std": 1.0,
    "mixing_matrix": [
      [
        -0.16108322143554688,
        -0.2210775762796402,
        0.18018892407417297
      ],
      [
        0.06269298493862152,
        -0.07013313472270966,
        0.2213139533996582
      ],
      [
        -0.0035318220034241676,
        0.014856516383588314,
        -0.03716125339269638
      ],
      [
        -0.28845736384391785,
        0.1762308031320572,
        -0.041258737444877625
      ]
    ]
  },
  "source_dimension": 3
}