{
  "leaspy_version": "1.5.0",
  "name": "linear",
  "features": [
    "ENCODING0",
    "ENCODING1",
    "ENCODING2",
    "ENCODING3"
  ],
  "dimension": 4,
  "fit_metrics": {
    "nll_regul_tau": 1639.521240234375,
    "nll_regul_xi": -497.6578063964844,
    "nll_regul_sources": 3910.613037109375,
    "nll_regul_tot": 5052.47607421875,
    "nll_attach": -57422.890625,
    "nll_tot": -52370.40625
  },
  "noise_model": {
    "name": "gaussian-diagonal",
    "scale": [
      0.01239914633333683,
      0.10199137032032013,
      0.03019508346915245,
      0.02457187883555889
    ]
  },
  "parameters": {
    "g": [
      -0.04070131108164787,
      -0.1823171228170395,
      -0.06900385767221451,
      -0.025716625154018402
    ],
    "v0": [
      -5.162202835083008,
      -8.934605598449707,
      -2.160665988922119,
      -4.170069694519043
    ],
    "betas": [
      [
        -0.30822035670280457,
        -0.0023996680974960327,
        0.061624493449926376
      ],
      [
        -0.020745549350976944,
        0.3998152017593384,
        -0.09191977977752686
      ],
      [
        0.15840119123458862,
        0.07365357130765915,
        0.28170356154441833
      ]
    ],
    "tau_mean": -0.5095012187957764,
    "tau_std": 2.5174190998077393,
    "xi_mean": 0.0,
    "xi_std": 0.1188514232635498,
    "sources_mean": 0.0,
    "sources_std": 1.0,
    "mixing_matrix": [
      [
        -0.00013732537627220154,
        -0.4055618345737457,
        0.053537171334028244
      ],
      [
        -0.3082205355167389,
        -0.0028371047228574753,
        0.061682239174842834
      ],
      [
        -0.0208751168102026,
        0.017167186364531517,
        -0.04140740633010864
      ],
      [
        0.1583838313817978,
        0.022352498024702072,
        0.2884756922721863
      ]
    ]
  },
  "source_dimension": 3
}