{
  "leaspy_version": "1.5.0",
  "name": "linear",
  "features": [
    "ENCODING0",
    "ENCODING1",
    "ENCODING2",
    "ENCODING3"
  ],
  "dimension": 4,
  "fit_metrics": {
    "nll_regul_tau": 10326.6201171875,
    "nll_regul_xi": 823.6578369140625,
    "nll_regul_sources": 3734.0146484375,
    "nll_regul_tot": 14884.2919921875,
    "nll_attach": -46455.59375,
    "nll_tot": -31571.302734375
  },
  "noise_model": {
    "name": "gaussian-diagonal",
    "scale": [
      0.24419648945331573,
      0.01735159195959568,
      0.16028402745723724,
      0.006622546352446079
    ]
  },
  "parameters": {
    "g": [
      0.25240644812583923,
      0.30472832918167114,
      7.021619884920588e-14,
      -0.032261405140161514
    ],
    "v0": [
      -17.645977020263672,
      -16.826505661010742,
      -15.181675910949707,
      -14.175128936767578
    ],
    "betas": [
      [
        -0.25432607531547546,
        0.029688121750950813,
        -0.05296548455953598
      ],
      [
        0.11401607096195221,
        0.3312254846096039,
        -0.16000080108642578
      ],
      [
        -0.05839242413640022,
        -0.1284816712141037,
        0.06896525621414185
      ]
    ],
    "tau_mean": -658.6400146484375,
    "tau_std": 617463.6875,
    "xi_mean": 0.0,
    "xi_std": 0.7848309278488159,
    "sources_mean": 0.0,
    "sources_std": 1.0,
    "mixing_matrix": [
      [
        0.03247424215078354,
        0.004994139075279236,
        -0.00632462278008461
      ],
      [
        -0.25224047899246216,
        0.030008859932422638,
        -0.053371675312519073
      ],
      [
        0.12481975555419922,
        0.3328869640827179,
        -0.16210490465164185
      ],
      [
        -0.02883204072713852,
        -0.12393564730882645,
        0.06320813298225403
      ]
    ]
  },
  "source_dimension": 3
}